CUSTOMER_ID,MATERIAL_ID,CALENDAR_DAY,QUANTITY,NET_VALUE,CUSTOMER_NAME,CUSTOMER_TYPE,REGION,COUNTRY,SALES_OFFICE_DESC,MATERIAL_DESC,MATERIAL_TYPE_DESC,PACK_TYPE_DESC
500113696,116366,12/8/2023,14,77,PUBLIX #1500113696,DSD,BC,US,Calgary,116366 DAS,SCL Finished Goods: Bev,Plastic Bottle - Other
500113696,116366,11/21/2023,14,77,PUBLIX #1500113696,DSD,BC,US,Calgary,116366 DAS,SCL Finished Goods: Bev,Plastic Bottle - Other
500113696,116366,11/18/2023,14,77,PUBLIX #1500113696,DSD,BC,US,Calgary,116366 DAS,SCL Finished Goods: Bev,Plastic Bottle - Other
500113696,116366,11/17/2023,14,77,PUBLIX #1500113696,DSD,BC,US,Calgary,116366 DAS,SCL Finished Goods: Bev,Plastic Bottle - Other
500113696,116366,11/16/2023,14,77,PUBLIX #1500113696,DSD,BC,US,Calgary,116366 DAS,SCL Finished Goods: Bev,Plastic Bottle - Other
500113696,116366,11/14/2023,14,77,PUBLIX #1500113696,DSD,BC,US,Calgary,116366 DAS,SCL Finished Goods: Bev,Plastic Bottle - Other
500113696,116366,11/11/2023,14,77,PUBLIX #1500113696,DSD,BC,US,Calgary,116366 DAS,SCL Finished Goods: Bev,Plastic Bottle - Other
500113719,115583,4/22/2023,12,7,WALMART #500113719,FSV,TX,US,Austin,115583COKE,SCL Finished Goods: Bev,Aluminum Can
500113737,116366,4/15/2023,14,77,PUBLIX #1500113737,FSV,OK,US,May Avenue,116366 DAS,SCL Finished Goods: Bev,Plastic Bottle - Other
500113737,116366,4/1/2023,14,77,PUBLIX #1500113737,FSV,OK,US,May Avenue,116366 DAS,SCL Finished Goods: Bev,Plastic Bottle - Other
500113737,116366,4/20/2023,14,77,PUBLIX #1500113737,FSV,OK,US,May Avenue,116366 DAS,SCL Finished Goods: Bev,Plastic Bottle - Other
500113737,116366,4/6/2023,14,77,PUBLIX #1500113737,FSV,OK,US,May Avenue,116366 DAS,SCL Finished Goods: Bev,Plastic Bottle - Other
500116434,116366,1/1/2024,14,80,PUBLIX #1500116434,Ecom,BC,US,Calgary,116366 DAS,SCL Finished Goods: Bev,Plastic Bottle - Other
500125969,116366,1/1/2024,14,80,PUBLIX #1500125969,Ecom,BC,US,Calgary,116366 DAS,SCL Finished Goods: Bev,Plastic Bottle - Other
500113874,116366,4/29/2023,16,87,SUPER TAR500113874,DSD,TX,US,Corpus Christi,116366 DAS,SCL Finished Goods: Bev,Plastic Bottle - Other
500113888,115583,4/8/2023,36,21,PUBLIX #1500113888,DSD,TX,US,Northpoint Combo,115583COKE,SCL Finished Goods: Bev,Aluminum Can
500113888,115583,4/15/2023,12,7,PUBLIX #1500113888,DSD,TX,US,Northpoint Combo,115583COKE,SCL Finished Goods: Bev,Aluminum Can
500113888,115584,4/8/2023,12,7,PUBLIX #1500113888,DSD,TX,US,Northpoint Combo,115584DT COKE,SCL Finished Goods: Bev,Aluminum Can
500113888,116366,4/8/2023,14,77,PUBLIX #1500113888,DSD,TX,US,Northpoint Combo,116366 DAS,SCL Finished Goods: Bev,Plastic Bottle - Other
500113888,116366,4/4/2023,14,77,PUBLIX #1500113888,DSD,TX,US,Northpoint Combo,116366 DAS,SCL Finished Goods: Bev,Plastic Bottle - Other
500113888,116366,4/11/2023,14,77,PUBLIX #1500113888,DSD,TX,US,Northpoint Combo,116366 DAS,SCL Finished Goods: Bev,Plastic Bottle - Other
500113888,116366,4/1/2023,14,77,PUBLIX #1500113888,DSD,TX,US,Northpoint Combo,116366 DAS,SCL Finished Goods: Bev,Plastic Bottle - Other
500113888,116366,4/6/2023,14,77,PUBLIX #1500113888,DSD,TX,US,Northpoint Combo,116366 DAS,SCL Finished Goods: Bev,Plastic Bottle - Other
500113896,116366,4/8/2023,14,77,PUBLIX #1500113896,FSV,OK,US,May Avenue,116366 DAS,SCL Finished Goods: Bev,Plastic Bottle - Other
500113896,116366,4/6/2023,14,77,PUBLIX #1500113896,FSV,OK,US,May Avenue,116366 DAS,SCL Finished Goods: Bev,Plastic Bottle - Other
500113896,116366,4/1/2023,14,77,PUBLIX #1500113896,FSV,OK,US,May Avenue,116366 DAS,SCL Finished Goods: Bev,Plastic Bottle - Other
500113896,116366,4/13/2023,14,77,PUBLIX #1500113896,FSV,OK,US,May Avenue,116366 DAS,SCL Finished Goods: Bev,Plastic Bottle - Other
500126156,116366,1/1/2024,14,80,PUBLIX #1500126156,Ecom,BC,US,Calgary,116366 DAS,SCL Finished Goods: Bev,Plastic Bottle - Other
500114036,116366,4/11/2023,14,77,PUBLIX #1500114036,FSV,OK,US,May Avenue,116366 DAS,SCL Finished Goods: Bev,Plastic Bottle - Other
500114996,116366,1/1/2024,14,76,SUPER TAR500114996,Ecom,TX,US,Corpus Christi,116366 DAS,SCL Finished Goods: Bev,Plastic Bottle - Other
500115301,116366,1/1/2024,14,80,PUBLIX #1500115301,Ecom,TX,US,Northpoint Combo,116366 DAS,SCL Finished Goods: Bev,Plastic Bottle - Other
500118566,116366,1/1/2024,14,80,PUBLIX #0500118566,Ecom,FL,US,St. Petersburg,116366 DAS,SCL Finished Goods: Bev,Plastic Bottle - Other
500118678,116366,1/1/2024,14,81,WINN DIXI500118678,Ecom,TX,US,Northpoint Combo,116366 DAS,SCL Finished Goods: Bev,Plastic Bottle - Other
500122963,116366,1/1/2024,14,80,PUBLIX #0500122963,Ecom,AZ,US,Glendale,116366 DAS,SCL Finished Goods: Bev,Plastic Bottle - Other
500124763,116366,1/1/2024,14,80,PUBLIX #1500124763,Ecom,FL,US,Tampa,116366 DAS,SCL Finished Goods: Bev,Plastic Bottle - Other
500114159,115583,4/14/2023,12,7,WALMART #500114159,FSV,NJ,US,South Brunswick,115583COKE,SCL Finished Goods: Bev,Aluminum Can
500124931,116366,1/1/2024,14,81,WINN DIXI500124931,Ecom,TX,US,Austin,116366 DAS,SCL Finished Goods: Bev,Plastic Bottle - Other
500125736,116366,1/1/2024,16,91,PUBLIX #0500125736,Ecom,FL,US,Spring Hill,116366 DAS,SCL Finished Goods: Bev,Plastic Bottle - Other
500126835,116366,1/1/2024,16,91,PUBLIX #0500126835,Ecom,OK,US,May Avenue,116366 DAS,SCL Finished Goods: Bev,Plastic Bottle - Other
500127213,116366,1/1/2024,14,80,PUBLIX #0500127213,Ecom,AZ,US,Glendale,116366 DAS,SCL Finished Goods: Bev,Plastic Bottle - Other
500114245,116366,4/11/2023,16,87,TARGET #2500114245,DSD,AZ,US,Glendale,116366 DAS,SCL Finished Goods: Bev,Plastic Bottle - Other
500114245,116366,4/21/2023,16,87,TARGET #2500114245,DSD,AZ,US,Glendale,116366 DAS,SCL Finished Goods: Bev,Plastic Bottle - Other
500128417,116366,1/1/2024,14,80,PUBLIX #0500128417,Ecom,FL,US,Jacksonville,116366 DAS,SCL Finished Goods: Bev,Plastic Bottle - Other
500114296,116366,4/21/2023,16,84,DOLLAR GE500114296,DSD,AZ,US,Glendale,116366 DAS,SCL Finished Goods: Bev,Plastic Bottle - Other
500114296,116366,4/14/2023,16,84,DOLLAR GE500114296,DSD,AZ,US,Glendale,116366 DAS,SCL Finished Goods: Bev,Plastic Bottle - Other
500114296,116366,4/28/2023,16,84,DOLLAR GE500114296,DSD,AZ,US,Glendale,116366 DAS,SCL Finished Goods: Bev,Plastic Bottle - Other
500114338,115583,4/29/2023,60,36,PUBLIX #1500114338,DSD,BC,US,Prince George,115583COKE,SCL Finished Goods: Bev,Aluminum Can
500114338,115584,4/29/2023,12,7,PUBLIX #1500114338,DSD,BC,US,Prince George,115584DT COKE,SCL Finished Goods: Bev,Aluminum Can
500114338,115585,4/4/2023,12,7,PUBLIX #1500114338,DSD,BC,US,Prince George,115585CF DT COKE,SCL Finished Goods: Bev,Aluminum Can
500114338,115585,4/29/2023,24,14,PUBLIX #1500114338,DSD,BC,US,Prince George,115585CF DT COKE,SCL Finished Goods: Bev,Aluminum Can
500114338,116366,4/4/2023,14,77,PUBLIX #1500114338,DSD,BC,US,Prince George,116366 DAS,SCL Finished Goods: Bev,Plastic Bottle - Other
500114338,116366,4/1/2023,14,77,PUBLIX #1500114338,DSD,BC,US,Prince George,116366 DAS,SCL Finished Goods: Bev,Plastic Bottle - Other
500114338,116366,4/25/2023,14,77,PUBLIX #1500114338,DSD,BC,US,Prince George,116366 DAS,SCL Finished Goods: Bev,Plastic Bottle - Other
500114338,116366,4/15/2023,14,77,PUBLIX #1500114338,DSD,BC,US,Prince George,116366 DAS,SCL Finished Goods: Bev,Plastic Bottle - Other
500114338,116366,4/13/2023,14,77,PUBLIX #1500114338,DSD,BC,US,Prince George,116366 DAS,SCL Finished Goods: Bev,Plastic Bottle - Other
500114338,116366,4/8/2023,14,77,PUBLIX #1500114338,DSD,BC,US,Prince George,116366 DAS,SCL Finished Goods: Bev,Plastic Bottle - Other
500114338,116366,4/27/2023,14,77,PUBLIX #1500114338,DSD,BC,US,Prince George,116366 DAS,SCL Finished Goods: Bev,Plastic Bottle - Other
500138015,116366,1/1/2024,12,86,PILOT TRA500138015,Ecom,TX,US,Austin,116366 DAS,SCL Finished Goods: Bev,Plastic Bottle - Other
500114242,116366,12/28/2023,14,77,PUBLIX #1500114242,Ecom,BC,US,Prince George,116366 DAS,SCL Finished Goods: Bev,Plastic Bottle - Other
500114353,116366,12/28/2023,14,76,SUPER TAR500114353,Ecom,OK,US,May Avenue,116366 DAS,SCL Finished Goods: Bev,Plastic Bottle - Other
500114353,116366,12/26/2023,14,76,SUPER TAR500114353,Ecom,OK,US,May Avenue,116366 DAS,SCL Finished Goods: Bev,Plastic Bottle - Other
500114096,116366,12/23/2023,16,88,PUBLIX #1500114096,Ecom,NJ,US,South Brunswick,116366 DAS,SCL Finished Goods: Bev,Plastic Bottle - Other
500114353,116366,12/23/2023,14,76,SUPER TAR500114353,Ecom,OK,US,May Avenue,116366 DAS,SCL Finished Goods: Bev,Plastic Bottle - Other
500114295,116366,12/22/2023,12,63,DOLLAR GE500114295,Ecom,TX,US,Austin,116366 DAS,SCL Finished Goods: Bev,Plastic Bottle - Other
500113766,115586,12/21/2023,12,7,WALMART #500113766,Ecom,NJ,US,South Brunswick,115586SPRITE,SCL Finished Goods: Bev,Aluminum Can
500113928,115583,12/21/2023,12,6,CIRCLE K 500113928,Ecom,OK,US,May Avenue,115583COKE,SCL Finished Goods: Bev,Aluminum Can
500114242,116366,12/21/2023,14,77,PUBLIX #1500114242,Ecom,BC,US,Prince George,116366 DAS,SCL Finished Goods: Bev,Plastic Bottle - Other
500114353,116366,12/21/2023,14,76,SUPER TAR500114353,Ecom,OK,US,May Avenue,116366 DAS,SCL Finished Goods: Bev,Plastic Bottle - Other
500114096,116366,12/19/2023,16,88,PUBLIX #1500114096,Ecom,NJ,US,South Brunswick,116366 DAS,SCL Finished Goods: Bev,Plastic Bottle - Other
500114353,116366,12/19/2023,14,76,SUPER TAR500114353,Ecom,OK,US,May Avenue,116366 DAS,SCL Finished Goods: Bev,Plastic Bottle - Other
500114364,116366,4/7/2023,14,76,SUPER TAR500114364,DSD,TX,US,El Paso,116366 DAS,SCL Finished Goods: Bev,Plastic Bottle - Other
500114364,116366,4/18/2023,14,76,SUPER TAR500114364,DSD,TX,US,El Paso,116366 DAS,SCL Finished Goods: Bev,Plastic Bottle - Other
500114364,116366,4/14/2023,14,76,SUPER TAR500114364,DSD,TX,US,El Paso,116366 DAS,SCL Finished Goods: Bev,Plastic Bottle - Other
500114369,116366,4/20/2023,14,77,PUBLIX #1500114369,DSD,TX,US,Northpoint Combo,116366 DAS,SCL Finished Goods: Bev,Plastic Bottle - Other
500114369,116366,4/15/2023,14,77,PUBLIX #1500114369,DSD,TX,US,Northpoint Combo,116366 DAS,SCL Finished Goods: Bev,Plastic Bottle - Other
500114369,116366,4/8/2023,14,77,PUBLIX #1500114369,DSD,TX,US,Northpoint Combo,116366 DAS,SCL Finished Goods: Bev,Plastic Bottle - Other
500114369,116366,4/11/2023,14,77,PUBLIX #1500114369,DSD,TX,US,Northpoint Combo,116366 DAS,SCL Finished Goods: Bev,Plastic Bottle - Other
500114369,116366,4/27/2023,14,77,PUBLIX #1500114369,DSD,TX,US,Northpoint Combo,116366 DAS,SCL Finished Goods: Bev,Plastic Bottle - Other
500114372,116366,4/11/2023,14,76,SUPER TAR500114372,FSV,FL,US,Spring Hill,116366 DAS,SCL Finished Goods: Bev,Plastic Bottle - Other
500114372,116366,4/14/2023,14,76,SUPER TAR500114372,FSV,FL,US,Spring Hill,116366 DAS,SCL Finished Goods: Bev,Plastic Bottle - Other
500114372,116366,4/7/2023,14,76,SUPER TAR500114372,FSV,FL,US,Spring Hill,116366 DAS,SCL Finished Goods: Bev,Plastic Bottle - Other
500114372,116366,4/28/2023,14,76,SUPER TAR500114372,FSV,FL,US,Spring Hill,116366 DAS,SCL Finished Goods: Bev,Plastic Bottle - Other
500114372,116366,4/25/2023,14,76,SUPER TAR500114372,FSV,FL,US,Spring Hill,116366 DAS,SCL Finished Goods: Bev,Plastic Bottle - Other
500114372,116366,4/18/2023,14,76,SUPER TAR500114372,FSV,FL,US,Spring Hill,116366 DAS,SCL Finished Goods: Bev,Plastic Bottle - Other
500114394,116366,4/4/2023,14,77,PUBLIX #1500114394,FSV,TX,US,Austin,116366 DAS,SCL Finished Goods: Bev,Plastic Bottle - Other
500114394,116366,4/8/2023,14,77,PUBLIX #1500114394,FSV,TX,US,Austin,116366 DAS,SCL Finished Goods: Bev,Plastic Bottle - Other
500114394,116366,4/1/2023,14,77,PUBLIX #1500114394,FSV,TX,US,Austin,116366 DAS,SCL Finished Goods: Bev,Plastic Bottle - Other
500114394,116366,4/13/2023,14,77,PUBLIX #1500114394,FSV,TX,US,Austin,116366 DAS,SCL Finished Goods: Bev,Plastic Bottle - Other
500114394,116366,4/15/2023,14,77,PUBLIX #1500114394,FSV,TX,US,Austin,116366 DAS,SCL Finished Goods: Bev,Plastic Bottle - Other
500114096,115585,12/16/2023,12,7,PUBLIX #1500114096,Ecom,NJ,US,South Brunswick,115585CF DT COKE,SCL Finished Goods: Bev,Aluminum Can
500114242,115583,12/16/2023,12,7,PUBLIX #1500114242,Ecom,BC,US,Prince George,115583COKE,SCL Finished Goods: Bev,Aluminum Can
500114242,115584,12/16/2023,48,29,PUBLIX #1500114242,Ecom,BC,US,Prince George,115584DT COKE,SCL Finished Goods: Bev,Aluminum Can
500114242,115586,12/16/2023,24,14,PUBLIX #1500114242,Ecom,BC,US,Prince George,115586SPRITE,SCL Finished Goods: Bev,Aluminum Can
500114412,116366,4/14/2023,14,77,PUBLIX #1500114412,FSV,OK,US,May Avenue,116366 DAS,SCL Finished Goods: Bev,Plastic Bottle - Other
500114412,116366,4/26/2023,14,77,PUBLIX #1500114412,FSV,OK,US,May Avenue,116366 DAS,SCL Finished Goods: Bev,Plastic Bottle - Other
500114413,116366,4/13/2023,14,77,PUBLIX #1500114413,DSD,FL,US,Ft. Myers,116366 DAS,SCL Finished Goods: Bev,Plastic Bottle - Other
500114413,116366,4/3/2023,14,77,PUBLIX #1500114413,DSD,FL,US,Ft. Myers,116366 DAS,SCL Finished Goods: Bev,Plastic Bottle - Other
500114413,116366,4/10/2023,14,77,PUBLIX #1500114413,DSD,FL,US,Ft. Myers,116366 DAS,SCL Finished Goods: Bev,Plastic Bottle - Other
500114426,115583,4/5/2023,12,7,PUBLIX #1500114426,FSV,TX,US,El Paso,115583COKE,SCL Finished Goods: Bev,Aluminum Can
500114426,115584,4/12/2023,12,7,PUBLIX #1500114426,FSV,TX,US,El Paso,115584DT COKE,SCL Finished Goods: Bev,Aluminum Can
500114426,115586,4/12/2023,12,7,PUBLIX #1500114426,FSV,TX,US,El Paso,115586SPRITE,SCL Finished Goods: Bev,Aluminum Can
500114426,115586,4/5/2023,24,14,PUBLIX #1500114426,FSV,TX,US,El Paso,115586SPRITE,SCL Finished Goods: Bev,Aluminum Can
500114426,116366,4/3/2023,14,77,PUBLIX #1500114426,FSV,TX,US,El Paso,116366 DAS,SCL Finished Goods: Bev,Plastic Bottle - Other
500114426,116366,4/26/2023,14,77,PUBLIX #1500114426,FSV,TX,US,El Paso,116366 DAS,SCL Finished Goods: Bev,Plastic Bottle - Other
500114426,116366,4/15/2023,14,77,PUBLIX #1500114426,FSV,TX,US,El Paso,116366 DAS,SCL Finished Goods: Bev,Plastic Bottle - Other
500114426,116366,4/5/2023,14,77,PUBLIX #1500114426,FSV,TX,US,El Paso,116366 DAS,SCL Finished Goods: Bev,Plastic Bottle - Other
500114426,116366,4/10/2023,14,77,PUBLIX #1500114426,FSV,TX,US,El Paso,116366 DAS,SCL Finished Goods: Bev,Plastic Bottle - Other
500114431,116366,4/10/2023,14,77,PUBLIX #1500114431,DSD,NJ,US,South Brunswick,116366 DAS,SCL Finished Goods: Bev,Plastic Bottle - Other
500114431,116366,4/13/2023,14,77,PUBLIX #1500114431,DSD,NJ,US,South Brunswick,116366 DAS,SCL Finished Goods: Bev,Plastic Bottle - Other
500114431,116366,4/22/2023,14,77,PUBLIX #1500114431,DSD,NJ,US,South Brunswick,116366 DAS,SCL Finished Goods: Bev,Plastic Bottle - Other
500114431,116366,4/8/2023,14,77,PUBLIX #1500114431,DSD,NJ,US,South Brunswick,116366 DAS,SCL Finished Goods: Bev,Plastic Bottle - Other
500114431,116366,4/6/2023,14,77,PUBLIX #1500114431,DSD,NJ,US,South Brunswick,116366 DAS,SCL Finished Goods: Bev,Plastic Bottle - Other
500114242,116309,12/16/2023,12,7,PUBLIX #1500114242,Ecom,BC,US,Prince George,116309PIBB XTRA,SCL Finished Goods: Bev,Aluminum Can
500113696,116366,11/10/2023,14,77,PUBLIX #1500113696,DSD,BC,US,Calgary,116366 DAS,SCL Finished Goods: Bev,Plastic Bottle - Other
500113696,116366,11/9/2023,14,77,PUBLIX #1500113696,DSD,BC,US,Calgary,116366 DAS,SCL Finished Goods: Bev,Plastic Bottle - Other
500113696,116366,11/3/2023,14,77,PUBLIX #1500113696,DSD,BC,US,Calgary,116366 DAS,SCL Finished Goods: Bev,Plastic Bottle - Other
500113696,116366,11/2/2023,14,77,PUBLIX #1500113696,DSD,BC,US,Calgary,116366 DAS,SCL Finished Goods: Bev,Plastic Bottle - Other
500113696,116366,10/28/2023,14,77,PUBLIX #1500113696,DSD,BC,US,Calgary,116366 DAS,SCL Finished Goods: Bev,Plastic Bottle - Other
500113696,116366,10/27/2023,14,77,PUBLIX #1500113696,DSD,BC,US,Calgary,116366 DAS,SCL Finished Goods: Bev,Plastic Bottle - Other
500113696,115583,10/17/2023,12,7,PUBLIX #1500113696,DSD,BC,US,Calgary,115583COKE,SCL Finished Goods: Bev,Aluminum Can
500114242,157231,12/16/2023,12,7,PUBLIX #1500114242,Ecom,BC,US,Prince George,157231COKE CHRY VAN ZRO SGR,SCL Finished Goods: Bev,Aluminum Can
500114353,116366,12/16/2023,14,76,SUPER TAR500114353,Ecom,OK,US,May Avenue,116366 DAS,SCL Finished Goods: Bev,Plastic Bottle - Other
500114101,115586,12/12/2023,12,7,WALMART #500114101,Ecom,AZ,US,Glendale,115586SPRITE,SCL Finished Goods: Bev,Aluminum Can
500113719,115583,8/7/2023,12,7,WALMART #500113719,FSV,TX,US,Austin,115583COKE,SCL Finished Goods: Bev,Aluminum Can
500113737,116366,8/5/2023,14,77,PUBLIX #1500113737,FSV,OK,US,May Avenue,116366 DAS,SCL Finished Goods: Bev,Plastic Bottle - Other
500113737,116366,8/10/2023,14,77,PUBLIX #1500113737,FSV,OK,US,May Avenue,116366 DAS,SCL Finished Goods: Bev,Plastic Bottle - Other
500113737,116366,8/26/2023,14,77,PUBLIX #1500113737,FSV,OK,US,May Avenue,116366 DAS,SCL Finished Goods: Bev,Plastic Bottle - Other
500113737,116366,8/15/2023,14,77,PUBLIX #1500113737,FSV,OK,US,May Avenue,116366 DAS,SCL Finished Goods: Bev,Plastic Bottle - Other
500113737,116366,8/1/2023,14,77,PUBLIX #1500113737,FSV,OK,US,May Avenue,116366 DAS,SCL Finished Goods: Bev,Plastic Bottle - Other
500113737,116366,8/24/2023,14,77,PUBLIX #1500113737,FSV,OK,US,May Avenue,116366 DAS,SCL Finished Goods: Bev,Plastic Bottle - Other
500113737,116366,8/14/2023,14,77,PUBLIX #1500113737,FSV,OK,US,May Avenue,116366 DAS,SCL Finished Goods: Bev,Plastic Bottle - Other
500113874,116366,8/22/2023,14,76,SUPER TAR500113874,DSD,TX,US,Corpus Christi,116366 DAS,SCL Finished Goods: Bev,Plastic Bottle - Other
500113874,116366,8/5/2023,14,76,SUPER TAR500113874,DSD,TX,US,Corpus Christi,116366 DAS,SCL Finished Goods: Bev,Plastic Bottle - Other
500113874,116366,8/10/2023,14,76,SUPER TAR500113874,DSD,TX,US,Corpus Christi,116366 DAS,SCL Finished Goods: Bev,Plastic Bottle - Other
500113874,116366,8/24/2023,14,76,SUPER TAR500113874,DSD,TX,US,Corpus Christi,116366 DAS,SCL Finished Goods: Bev,Plastic Bottle - Other
500113874,116366,8/8/2023,14,76,SUPER TAR500113874,DSD,TX,US,Corpus Christi,116366 DAS,SCL Finished Goods: Bev,Plastic Bottle - Other
500113874,116366,8/17/2023,14,76,SUPER TAR500113874,DSD,TX,US,Corpus Christi,116366 DAS,SCL Finished Goods: Bev,Plastic Bottle - Other
500113874,116366,8/25/2023,14,76,SUPER TAR500113874,DSD,TX,US,Corpus Christi,116366 DAS,SCL Finished Goods: Bev,Plastic Bottle - Other
500113874,116366,8/4/2023,14,76,SUPER TAR500113874,DSD,TX,US,Corpus Christi,116366 DAS,SCL Finished Goods: Bev,Plastic Bottle - Other
500113874,116366,8/15/2023,14,76,SUPER TAR500113874,DSD,TX,US,Corpus Christi,116366 DAS,SCL Finished Goods: Bev,Plastic Bottle - Other
500113888,115586,8/19/2023,12,7,PUBLIX #1500113888,DSD,TX,US,Northpoint Combo,115586SPRITE,SCL Finished Goods: Bev,Aluminum Can
500113888,116366,8/19/2023,14,77,PUBLIX #1500113888,DSD,TX,US,Northpoint Combo,116366 DAS,SCL Finished Goods: Bev,Plastic Bottle - Other
500113888,116366,8/17/2023,14,77,PUBLIX #1500113888,DSD,TX,US,Northpoint Combo,116366 DAS,SCL Finished Goods: Bev,Plastic Bottle - Other
500113888,116366,8/12/2023,14,77,PUBLIX #1500113888,DSD,TX,US,Northpoint Combo,116366 DAS,SCL Finished Goods: Bev,Plastic Bottle - Other
500113888,116366,8/10/2023,14,77,PUBLIX #1500113888,DSD,TX,US,Northpoint Combo,116366 DAS,SCL Finished Goods: Bev,Plastic Bottle - Other
500113888,116366,8/5/2023,14,77,PUBLIX #1500113888,DSD,TX,US,Northpoint Combo,116366 DAS,SCL Finished Goods: Bev,Plastic Bottle - Other
500113888,116366,8/3/2023,14,77,PUBLIX #1500113888,DSD,TX,US,Northpoint Combo,116366 DAS,SCL Finished Goods: Bev,Plastic Bottle - Other
500113896,115583,8/15/2023,12,7,PUBLIX #1500113896,FSV,OK,US,May Avenue,115583COKE,SCL Finished Goods: Bev,Aluminum Can
500113896,116366,8/19/2023,14,77,PUBLIX #1500113896,FSV,OK,US,May Avenue,116366 DAS,SCL Finished Goods: Bev,Plastic Bottle - Other
500113896,116366,8/12/2023,14,77,PUBLIX #1500113896,FSV,OK,US,May Avenue,116366 DAS,SCL Finished Goods: Bev,Plastic Bottle - Other
500113896,116366,8/26/2023,14,77,PUBLIX #1500113896,FSV,OK,US,May Avenue,116366 DAS,SCL Finished Goods: Bev,Plastic Bottle - Other
500113896,116366,8/8/2023,14,77,PUBLIX #1500113896,FSV,OK,US,May Avenue,116366 DAS,SCL Finished Goods: Bev,Plastic Bottle - Other
500114010,115586,8/1/2023,12,6,CIRCLE K 500114010,FSV,TX,US,Corpus Christi,115586SPRITE,SCL Finished Goods: Bev,Aluminum Can
500114036,115583,8/25/2023,84,52,PUBLIX #1500114036,FSV,OK,US,May Avenue,115583COKE,SCL Finished Goods: Bev,Aluminum Can
500114036,116366,8/15/2023,14,77,PUBLIX #1500114036,FSV,OK,US,May Avenue,116366 DAS,SCL Finished Goods: Bev,Plastic Bottle - Other
500114036,116366,8/18/2023,14,77,PUBLIX #1500114036,FSV,OK,US,May Avenue,116366 DAS,SCL Finished Goods: Bev,Plastic Bottle - Other
500114036,116366,8/8/2023,14,77,PUBLIX #1500114036,FSV,OK,US,May Avenue,116366 DAS,SCL Finished Goods: Bev,Plastic Bottle - Other
500114036,116366,8/25/2023,14,77,PUBLIX #1500114036,FSV,OK,US,May Avenue,116366 DAS,SCL Finished Goods: Bev,Plastic Bottle - Other
500114347,116366,12/9/2023,14,77,PUBLIX #1500114347,Ecom,BC,US,Calgary,116366 DAS,SCL Finished Goods: Bev,Plastic Bottle - Other
500114242,116366,12/9/2023,14,77,PUBLIX #1500114242,Ecom,BC,US,Prince George,116366 DAS,SCL Finished Goods: Bev,Plastic Bottle - Other
500114353,116366,12/9/2023,14,76,SUPER TAR500114353,Ecom,OK,US,May Avenue,116366 DAS,SCL Finished Goods: Bev,Plastic Bottle - Other
500113988,115583,12/7/2023,12,6,CIRCLE K 500113988,Ecom,OK,US,May Avenue,115583COKE,SCL Finished Goods: Bev,Aluminum Can
500114096,115583,12/7/2023,12,7,PUBLIX #1500114096,Ecom,NJ,US,South Brunswick,115583COKE,SCL Finished Goods: Bev,Aluminum Can
500114096,115584,12/7/2023,48,29,PUBLIX #1500114096,Ecom,NJ,US,South Brunswick,115584DT COKE,SCL Finished Goods: Bev,Aluminum Can
500114353,116366,12/7/2023,14,76,SUPER TAR500114353,Ecom,OK,US,May Avenue,116366 DAS,SCL Finished Goods: Bev,Plastic Bottle - Other
500113766,115586,12/6/2023,12,7,WALMART #500113766,Ecom,NJ,US,South Brunswick,115586SPRITE,SCL Finished Goods: Bev,Aluminum Can
500114347,116366,12/5/2023,14,77,PUBLIX #1500114347,Ecom,BC,US,Calgary,116366 DAS,SCL Finished Goods: Bev,Plastic Bottle - Other
500114159,115583,8/1/2023,12,7,WALMART #500114159,FSV,NJ,US,South Brunswick,115583COKE,SCL Finished Goods: Bev,Aluminum Can
500114159,115586,8/1/2023,12,7,WALMART #500114159,FSV,NJ,US,South Brunswick,115586SPRITE,SCL Finished Goods: Bev,Aluminum Can
500114201,115584,8/31/2023,36,21,WALMART #500114201,DSD,BC,US,Calgary,115584DT COKE,SCL Finished Goods: Bev,Aluminum Can
500113766,115583,12/5/2023,12,7,WALMART #500113766,Ecom,NJ,US,South Brunswick,115583COKE,SCL Finished Goods: Bev,Aluminum Can
500113707,410606,12/2/2023,24,30,WALMART #500113707,Ecom,TX,US,Northpoint Combo,410606B MON NRG ULT SNRS ZS,SCL Finished Goods: Bev,Aluminum Can
500114353,116366,12/2/2023,14,76,SUPER TAR500114353,Ecom,OK,US,May Avenue,116366 DAS,SCL Finished Goods: Bev,Plastic Bottle - Other
500114295,116366,12/1/2023,12,63,DOLLAR GE500114295,Ecom,TX,US,Austin,116366 DAS,SCL Finished Goods: Bev,Plastic Bottle - Other
500113988,115583,11/30/2023,12,6,CIRCLE K 500113988,Ecom,OK,US,May Avenue,115583COKE,SCL Finished Goods: Bev,Aluminum Can
500114353,116366,11/30/2023,14,76,SUPER TAR500114353,Ecom,OK,US,May Avenue,116366 DAS,SCL Finished Goods: Bev,Plastic Bottle - Other
500114245,116366,8/4/2023,16,87,TARGET #2500114245,DSD,AZ,US,Glendale,116366 DAS,SCL Finished Goods: Bev,Plastic Bottle - Other
500114245,116366,8/18/2023,16,87,TARGET #2500114245,DSD,AZ,US,Glendale,116366 DAS,SCL Finished Goods: Bev,Plastic Bottle - Other
500114245,116366,8/11/2023,16,87,TARGET #2500114245,DSD,AZ,US,Glendale,116366 DAS,SCL Finished Goods: Bev,Plastic Bottle - Other
500114096,116366,11/28/2023,16,88,PUBLIX #1500114096,Ecom,NJ,US,South Brunswick,116366 DAS,SCL Finished Goods: Bev,Plastic Bottle - Other
500114263,116366,11/28/2023,14,76,SUPER TAR500114263,Ecom,TX,US,Northpoint Combo,116366 DAS,SCL Finished Goods: Bev,Plastic Bottle - Other
500114290,116366,11/28/2023,16,84,DOLLAR GE500114290,Ecom,FL,US,Spring Hill,116366 DAS,SCL Finished Goods: Bev,Plastic Bottle - Other
500114296,116366,8/18/2023,16,84,DOLLAR GE500114296,DSD,AZ,US,Glendale,116366 DAS,SCL Finished Goods: Bev,Plastic Bottle - Other
500114296,116366,8/11/2023,16,84,DOLLAR GE500114296,DSD,AZ,US,Glendale,116366 DAS,SCL Finished Goods: Bev,Plastic Bottle - Other
500114296,116366,8/4/2023,13,68,DOLLAR GE500114296,DSD,AZ,US,Glendale,116366 DAS,SCL Finished Goods: Bev,Plastic Bottle - Other
500114338,115584,8/26/2023,120,74,PUBLIX #1500114338,DSD,BC,US,Prince George,115584DT COKE,SCL Finished Goods: Bev,Aluminum Can
500114338,115586,8/7/2023,36,22,PUBLIX #1500114338,DSD,BC,US,Prince George,115586SPRITE,SCL Finished Goods: Bev,Aluminum Can
500114338,116366,8/25/2023,14,77,PUBLIX #1500114338,DSD,BC,US,Prince George,116366 DAS,SCL Finished Goods: Bev,Plastic Bottle - Other
500114338,116366,8/7/2023,14,77,PUBLIX #1500114338,DSD,BC,US,Prince George,116366 DAS,SCL Finished Goods: Bev,Plastic Bottle - Other
500114338,116366,8/11/2023,14,77,PUBLIX #1500114338,DSD,BC,US,Prince George,116366 DAS,SCL Finished Goods: Bev,Plastic Bottle - Other
500114338,116366,8/12/2023,14,77,PUBLIX #1500114338,DSD,BC,US,Prince George,116366 DAS,SCL Finished Goods: Bev,Plastic Bottle - Other
500114338,116366,8/31/2023,14,77,PUBLIX #1500114338,DSD,BC,US,Prince George,116366 DAS,SCL Finished Goods: Bev,Plastic Bottle - Other
500114338,116366,8/5/2023,14,77,PUBLIX #1500114338,DSD,BC,US,Prince George,116366 DAS,SCL Finished Goods: Bev,Plastic Bottle - Other
500114338,116366,8/23/2023,14,77,PUBLIX #1500114338,DSD,BC,US,Prince George,116366 DAS,SCL Finished Goods: Bev,Plastic Bottle - Other
500114338,116366,8/4/2023,14,77,PUBLIX #1500114338,DSD,BC,US,Prince George,116366 DAS,SCL Finished Goods: Bev,Plastic Bottle - Other
500114338,157231,8/7/2023,12,7,PUBLIX #1500114338,DSD,BC,US,Prince George,157231COKE CHRY VAN ZRO SGR,SCL Finished Goods: Bev,Aluminum Can
500114353,116366,11/25/2023,14,76,SUPER TAR500114353,Ecom,OK,US,May Avenue,116366 DAS,SCL Finished Goods: Bev,Plastic Bottle - Other
500114410,133766,11/25/2023,48,42,PUBLIX #1500114410,Ecom,FL,US,Ft. Pierce,133766 SPRITE,SCL Finished Goods: Bev,Plastic Bottle - Dimple
500114263,116366,11/24/2023,14,76,SUPER TAR500114263,Ecom,TX,US,Northpoint Combo,116366 DAS,SCL Finished Goods: Bev,Plastic Bottle - Other
500114101,115583,11/22/2023,12,6,WALMART #500114101,Ecom,AZ,US,Glendale,115583COKE,SCL Finished Goods: Bev,Aluminum Can
500114242,116366,11/21/2023,14,77,PUBLIX #1500114242,Ecom,BC,US,Prince George,116366 DAS,SCL Finished Goods: Bev,Plastic Bottle - Other
500114353,116366,11/21/2023,14,76,SUPER TAR500114353,Ecom,OK,US,May Avenue,116366 DAS,SCL Finished Goods: Bev,Plastic Bottle - Other
500114290,116366,11/20/2023,16,84,DOLLAR GE500114290,Ecom,FL,US,Spring Hill,116366 DAS,SCL Finished Goods: Bev,Plastic Bottle - Other
500113776,115585,11/17/2023,12,6,WALMART #500113776,Ecom,BC,US,Calgary,115585CF DT COKE,SCL Finished Goods: Bev,Aluminum Can
500113707,115586,11/17/2023,12,6,WALMART #500113707,Ecom,TX,US,Northpoint Combo,115586SPRITE,SCL Finished Goods: Bev,Aluminum Can
500114101,115584,11/17/2023,36,18,WALMART #500114101,Ecom,AZ,US,Glendale,115584DT COKE,SCL Finished Goods: Bev,Aluminum Can
500114347,116366,11/16/2023,14,77,PUBLIX #1500114347,Ecom,BC,US,Calgary,116366 DAS,SCL Finished Goods: Bev,Plastic Bottle - Other
500114353,116366,11/16/2023,14,76,SUPER TAR500114353,Ecom,OK,US,May Avenue,116366 DAS,SCL Finished Goods: Bev,Plastic Bottle - Other
500114410,116366,11/16/2023,14,77,PUBLIX #1500114410,Ecom,FL,US,Ft. Pierce,116366 DAS,SCL Finished Goods: Bev,Plastic Bottle - Other
500114242,116366,11/14/2023,14,77,PUBLIX #1500114242,Ecom,BC,US,Prince George,116366 DAS,SCL Finished Goods: Bev,Plastic Bottle - Other
500114353,116366,11/11/2023,14,76,SUPER TAR500114353,Ecom,OK,US,May Avenue,116366 DAS,SCL Finished Goods: Bev,Plastic Bottle - Other
500114347,116366,11/9/2023,14,77,PUBLIX #1500114347,Ecom,BC,US,Calgary,116366 DAS,SCL Finished Goods: Bev,Plastic Bottle - Other
500114364,116366,8/8/2023,14,76,SUPER TAR500114364,DSD,TX,US,El Paso,116366 DAS,SCL Finished Goods: Bev,Plastic Bottle - Other
500114364,116366,8/15/2023,14,76,SUPER TAR500114364,DSD,TX,US,El Paso,116366 DAS,SCL Finished Goods: Bev,Plastic Bottle - Other
500114364,116366,8/1/2023,14,76,SUPER TAR500114364,DSD,TX,US,El Paso,116366 DAS,SCL Finished Goods: Bev,Plastic Bottle - Other
500114364,116366,8/25/2023,14,76,SUPER TAR500114364,DSD,TX,US,El Paso,116366 DAS,SCL Finished Goods: Bev,Plastic Bottle - Other
500114369,115586,8/1/2023,12,7,PUBLIX #1500114369,DSD,TX,US,Northpoint Combo,115586SPRITE,SCL Finished Goods: Bev,Aluminum Can
500114369,116309,8/22/2023,12,7,PUBLIX #1500114369,DSD,TX,US,Northpoint Combo,116309PIBB XTRA,SCL Finished Goods: Bev,Aluminum Can
500114369,116366,8/17/2023,14,77,PUBLIX #1500114369,DSD,TX,US,Northpoint Combo,116366 DAS,SCL Finished Goods: Bev,Plastic Bottle - Other
500114369,116366,8/24/2023,14,77,PUBLIX #1500114369,DSD,TX,US,Northpoint Combo,116366 DAS,SCL Finished Goods: Bev,Plastic Bottle - Other
500114369,116366,8/12/2023,14,77,PUBLIX #1500114369,DSD,TX,US,Northpoint Combo,116366 DAS,SCL Finished Goods: Bev,Plastic Bottle - Other
500114369,116366,8/7/2023,14,77,PUBLIX #1500114369,DSD,TX,US,Northpoint Combo,116366 DAS,SCL Finished Goods: Bev,Plastic Bottle - Other
500114369,116366,8/14/2023,14,77,PUBLIX #1500114369,DSD,TX,US,Northpoint Combo,116366 DAS,SCL Finished Goods: Bev,Plastic Bottle - Other
500114372,116366,8/25/2023,14,76,SUPER TAR500114372,FSV,FL,US,Spring Hill,116366 DAS,SCL Finished Goods: Bev,Plastic Bottle - Other
500114372,116366,8/23/2023,14,76,SUPER TAR500114372,FSV,FL,US,Spring Hill,116366 DAS,SCL Finished Goods: Bev,Plastic Bottle - Other
500114372,116366,8/1/2023,14,76,SUPER TAR500114372,FSV,FL,US,Spring Hill,116366 DAS,SCL Finished Goods: Bev,Plastic Bottle - Other
500114372,116366,8/8/2023,14,76,SUPER TAR500114372,FSV,FL,US,Spring Hill,116366 DAS,SCL Finished Goods: Bev,Plastic Bottle - Other
500114372,116366,8/15/2023,14,76,SUPER TAR500114372,FSV,FL,US,Spring Hill,116366 DAS,SCL Finished Goods: Bev,Plastic Bottle - Other
500114372,116366,8/11/2023,14,76,SUPER TAR500114372,FSV,FL,US,Spring Hill,116366 DAS,SCL Finished Goods: Bev,Plastic Bottle - Other
500114372,116366,8/18/2023,14,76,SUPER TAR500114372,FSV,FL,US,Spring Hill,116366 DAS,SCL Finished Goods: Bev,Plastic Bottle - Other
500114394,116366,8/19/2023,14,77,PUBLIX #1500114394,FSV,TX,US,Austin,116366 DAS,SCL Finished Goods: Bev,Plastic Bottle - Other
500114394,116366,8/5/2023,14,77,PUBLIX #1500114394,FSV,TX,US,Austin,116366 DAS,SCL Finished Goods: Bev,Plastic Bottle - Other
500114394,116366,8/10/2023,14,77,PUBLIX #1500114394,FSV,TX,US,Austin,116366 DAS,SCL Finished Goods: Bev,Plastic Bottle - Other
500114394,116366,8/26/2023,14,77,PUBLIX #1500114394,FSV,TX,US,Austin,116366 DAS,SCL Finished Goods: Bev,Plastic Bottle - Other
500114394,116366,8/17/2023,14,77,PUBLIX #1500114394,FSV,TX,US,Austin,116366 DAS,SCL Finished Goods: Bev,Plastic Bottle - Other
500114242,116366,11/9/2023,14,77,PUBLIX #1500114242,Ecom,BC,US,Prince George,116366 DAS,SCL Finished Goods: Bev,Plastic Bottle - Other
500114353,116366,11/9/2023,14,76,SUPER TAR500114353,Ecom,OK,US,May Avenue,116366 DAS,SCL Finished Goods: Bev,Plastic Bottle - Other
500113915,115586,11/7/2023,12,6,CIRCLE K 500113915,Ecom,BC,US,Prince George,115586SPRITE,SCL Finished Goods: Bev,Aluminum Can
500114353,116366,11/7/2023,14,76,SUPER TAR500114353,Ecom,OK,US,May Avenue,116366 DAS,SCL Finished Goods: Bev,Plastic Bottle - Other
500113986,115584,11/6/2023,12,6,CIRCLE K 500113986,Ecom,TX,US,El Paso,115584DT COKE,SCL Finished Goods: Bev,Aluminum Can
500114242,116366,11/4/2023,14,77,PUBLIX #1500114242,Ecom,BC,US,Prince George,116366 DAS,SCL Finished Goods: Bev,Plastic Bottle - Other
500114263,116366,11/2/2023,14,76,SUPER TAR500114263,Ecom,TX,US,Northpoint Combo,116366 DAS,SCL Finished Goods: Bev,Plastic Bottle - Other
500113696,115583,9/16/2023,24,14,PUBLIX #1500113696,DSD,BC,US,Calgary,115583COKE,SCL Finished Goods: Bev,Aluminum Can
500114353,116366,11/2/2023,14,76,SUPER TAR500114353,Ecom,OK,US,May Avenue,116366 DAS,SCL Finished Goods: Bev,Plastic Bottle - Other
500113719,115583,12/9/2023,12,7,WALMART #500113719,FSV,TX,US,Austin,115583COKE,SCL Finished Goods: Bev,Aluminum Can
500113737,115583,12/28/2023,12,7,PUBLIX #1500113737,FSV,OK,US,May Avenue,115583COKE,SCL Finished Goods: Bev,Aluminum Can
500113737,116366,12/9/2023,14,77,PUBLIX #1500113737,FSV,OK,US,May Avenue,116366 DAS,SCL Finished Goods: Bev,Plastic Bottle - Other
500114410,116366,11/2/2023,24,5,PUBLIX #1500114410,Ecom,FL,US,Ft. Pierce,116366 DAS,SCL Finished Goods: Bev,Plastic Bottle - Other
500114347,116366,10/31/2023,14,77,PUBLIX #1500114347,Ecom,BC,US,Calgary,116366 DAS,SCL Finished Goods: Bev,Plastic Bottle - Other
500114353,116366,10/31/2023,14,76,SUPER TAR500114353,Ecom,OK,US,May Avenue,116366 DAS,SCL Finished Goods: Bev,Plastic Bottle - Other
500113874,116366,12/21/2023,14,76,SUPER TAR500113874,DSD,TX,US,Corpus Christi,116366 DAS,SCL Finished Goods: Bev,Plastic Bottle - Other
500113874,116366,12/28/2023,14,76,SUPER TAR500113874,DSD,TX,US,Corpus Christi,116366 DAS,SCL Finished Goods: Bev,Plastic Bottle - Other
500113874,116366,12/1/2023,14,76,SUPER TAR500113874,DSD,TX,US,Corpus Christi,116366 DAS,SCL Finished Goods: Bev,Plastic Bottle - Other
500113874,116366,12/2/2023,14,76,SUPER TAR500113874,DSD,TX,US,Corpus Christi,116366 DAS,SCL Finished Goods: Bev,Plastic Bottle - Other
500113874,116366,12/9/2023,14,76,SUPER TAR500113874,DSD,TX,US,Corpus Christi,116366 DAS,SCL Finished Goods: Bev,Plastic Bottle - Other
500113874,116366,12/26/2023,14,76,SUPER TAR500113874,DSD,TX,US,Corpus Christi,116366 DAS,SCL Finished Goods: Bev,Plastic Bottle - Other
500113874,116366,12/8/2023,14,76,SUPER TAR500113874,DSD,TX,US,Corpus Christi,116366 DAS,SCL Finished Goods: Bev,Plastic Bottle - Other
500113888,115584,12/23/2023,36,22,PUBLIX #1500113888,DSD,TX,US,Northpoint Combo,115584DT COKE,SCL Finished Goods: Bev,Aluminum Can
500113888,115585,12/23/2023,12,7,PUBLIX #1500113888,DSD,TX,US,Northpoint Combo,115585CF DT COKE,SCL Finished Goods: Bev,Aluminum Can
500113888,115586,12/23/2023,12,7,PUBLIX #1500113888,DSD,TX,US,Northpoint Combo,115586SPRITE,SCL Finished Goods: Bev,Aluminum Can
500113888,116366,12/12/2023,14,77,PUBLIX #1500113888,DSD,TX,US,Northpoint Combo,116366 DAS,SCL Finished Goods: Bev,Plastic Bottle - Other
500113888,116366,12/14/2023,14,77,PUBLIX #1500113888,DSD,TX,US,Northpoint Combo,116366 DAS,SCL Finished Goods: Bev,Plastic Bottle - Other
500113888,116366,12/9/2023,14,77,PUBLIX #1500113888,DSD,TX,US,Northpoint Combo,116366 DAS,SCL Finished Goods: Bev,Plastic Bottle - Other
500113888,116366,12/5/2023,14,77,PUBLIX #1500113888,DSD,TX,US,Northpoint Combo,116366 DAS,SCL Finished Goods: Bev,Plastic Bottle - Other
500113896,116366,12/12/2023,14,77,PUBLIX #1500113896,FSV,OK,US,May Avenue,116366 DAS,SCL Finished Goods: Bev,Plastic Bottle - Other
500113896,116366,12/7/2023,14,77,PUBLIX #1500113896,FSV,OK,US,May Avenue,116366 DAS,SCL Finished Goods: Bev,Plastic Bottle - Other
500114096,115583,10/28/2023,12,7,PUBLIX #1500114096,Ecom,NJ,US,South Brunswick,115583COKE,SCL Finished Goods: Bev,Aluminum Can
500114353,116366,10/28/2023,14,76,SUPER TAR500114353,Ecom,OK,US,May Avenue,116366 DAS,SCL Finished Goods: Bev,Plastic Bottle - Other
500114036,116366,12/12/2023,14,77,PUBLIX #1500114036,FSV,OK,US,May Avenue,116366 DAS,SCL Finished Goods: Bev,Plastic Bottle - Other
500114036,116366,12/15/2023,14,77,PUBLIX #1500114036,FSV,OK,US,May Avenue,116366 DAS,SCL Finished Goods: Bev,Plastic Bottle - Other
500113766,115584,10/27/2023,12,6,WALMART #500113766,Ecom,NJ,US,South Brunswick,115584DT COKE,SCL Finished Goods: Bev,Aluminum Can
500114263,116366,10/26/2023,14,76,SUPER TAR500114263,Ecom,TX,US,Northpoint Combo,116366 DAS,SCL Finished Goods: Bev,Plastic Bottle - Other
500114347,116366,10/24/2023,14,77,PUBLIX #1500114347,Ecom,BC,US,Calgary,116366 DAS,SCL Finished Goods: Bev,Plastic Bottle - Other
500114353,116366,10/24/2023,14,76,SUPER TAR500114353,Ecom,OK,US,May Avenue,116366 DAS,SCL Finished Goods: Bev,Plastic Bottle - Other
500114353,116366,10/21/2023,14,76,SUPER TAR500114353,Ecom,OK,US,May Avenue,116366 DAS,SCL Finished Goods: Bev,Plastic Bottle - Other
500114101,103172,10/19/2023,18,16,WALMART #500114101,Ecom,AZ,US,Glendale,103172COKE,SCL Finished Goods: Bev,Glass Bottle  - Contour
500114159,115583,12/8/2023,12,7,WALMART #500114159,FSV,NJ,US,South Brunswick,115583COKE,SCL Finished Goods: Bev,Aluminum Can
500114159,115583,12/11/2023,36,21,WALMART #500114159,FSV,NJ,US,South Brunswick,115583COKE,SCL Finished Goods: Bev,Aluminum Can
500114159,115585,12/11/2023,12,7,WALMART #500114159,FSV,NJ,US,South Brunswick,115585CF DT COKE,SCL Finished Goods: Bev,Aluminum Can
500114159,115586,12/26/2023,12,7,WALMART #500114159,FSV,NJ,US,South Brunswick,115586SPRITE,SCL Finished Goods: Bev,Aluminum Can
500114159,115586,12/27/2023,12,7,WALMART #500114159,FSV,NJ,US,South Brunswick,115586SPRITE,SCL Finished Goods: Bev,Aluminum Can
500114159,151775,12/13/2023,12,7,WALMART #500114159,FSV,NJ,US,South Brunswick,1517756P HC DT COKE,SCL Finished Goods: Bev,Aluminum Can - Sleek
500114201,115583,12/30/2023,12,7,WALMART #500114201,DSD,BC,US,Calgary,115583COKE,SCL Finished Goods: Bev,Aluminum Can
500114101,115586,10/19/2023,12,6,WALMART #500114101,Ecom,AZ,US,Glendale,115586SPRITE,SCL Finished Goods: Bev,Aluminum Can
500114410,116366,10/19/2023,14,77,PUBLIX #1500114410,Ecom,FL,US,Ft. Pierce,116366 DAS,SCL Finished Goods: Bev,Plastic Bottle - Other
500114410,115583,10/17/2023,84,52,PUBLIX #1500114410,Ecom,FL,US,Ft. Pierce,115583COKE,SCL Finished Goods: Bev,Aluminum Can
500114096,116366,10/14/2023,16,88,PUBLIX #1500114096,Ecom,NJ,US,South Brunswick,116366 DAS,SCL Finished Goods: Bev,Plastic Bottle - Other
500114347,116366,10/12/2023,14,77,PUBLIX #1500114347,Ecom,BC,US,Calgary,116366 DAS,SCL Finished Goods: Bev,Plastic Bottle - Other
500114242,116366,10/12/2023,14,77,PUBLIX #1500114242,Ecom,BC,US,Prince George,116366 DAS,SCL Finished Goods: Bev,Plastic Bottle - Other
500114347,116366,10/10/2023,14,77,PUBLIX #1500114347,Ecom,BC,US,Calgary,116366 DAS,SCL Finished Goods: Bev,Plastic Bottle - Other
500114263,116366,10/10/2023,14,76,SUPER TAR500114263,Ecom,TX,US,Northpoint Combo,116366 DAS,SCL Finished Goods: Bev,Plastic Bottle - Other
500114245,116366,12/22/2023,16,87,TARGET #2500114245,DSD,AZ,US,Glendale,116366 DAS,SCL Finished Goods: Bev,Plastic Bottle - Other
500114245,116366,12/19/2023,16,87,TARGET #2500114245,DSD,AZ,US,Glendale,116366 DAS,SCL Finished Goods: Bev,Plastic Bottle - Other
500114245,116366,12/12/2023,16,87,TARGET #2500114245,DSD,AZ,US,Glendale,116366 DAS,SCL Finished Goods: Bev,Plastic Bottle - Other
500114245,116366,12/15/2023,16,87,TARGET #2500114245,DSD,AZ,US,Glendale,116366 DAS,SCL Finished Goods: Bev,Plastic Bottle - Other
500114245,116366,12/29/2023,16,87,TARGET #2500114245,DSD,AZ,US,Glendale,116366 DAS,SCL Finished Goods: Bev,Plastic Bottle - Other
500114245,116366,12/5/2023,16,87,TARGET #2500114245,DSD,AZ,US,Glendale,116366 DAS,SCL Finished Goods: Bev,Plastic Bottle - Other
500114245,116366,12/26/2023,16,87,TARGET #2500114245,DSD,AZ,US,Glendale,116366 DAS,SCL Finished Goods: Bev,Plastic Bottle - Other
500114347,116366,10/7/2023,14,77,PUBLIX #1500114347,Ecom,BC,US,Calgary,116366 DAS,SCL Finished Goods: Bev,Plastic Bottle - Other
500114353,116366,10/7/2023,14,76,SUPER TAR500114353,Ecom,OK,US,May Avenue,116366 DAS,SCL Finished Goods: Bev,Plastic Bottle - Other
500114338,116366,12/6/2023,14,77,PUBLIX #1500114338,DSD,BC,US,Prince George,116366 DAS,SCL Finished Goods: Bev,Plastic Bottle - Other
500114353,116366,10/5/2023,14,76,SUPER TAR500114353,Ecom,OK,US,May Avenue,116366 DAS,SCL Finished Goods: Bev,Plastic Bottle - Other
500114434,115583,10/4/2023,12,6,FAMILY DO500114434,Ecom,FL,US,Sarasota,115583COKE,SCL Finished Goods: Bev,Aluminum Can
500114353,116366,10/3/2023,14,76,SUPER TAR500114353,Ecom,OK,US,May Avenue,116366 DAS,SCL Finished Goods: Bev,Plastic Bottle - Other
500114263,116366,10/2/2023,14,76,SUPER TAR500114263,Ecom,TX,US,Northpoint Combo,116366 DAS,SCL Finished Goods: Bev,Plastic Bottle - Other
500114353,116366,9/30/2023,14,76,SUPER TAR500114353,Ecom,OK,US,May Avenue,116366 DAS,SCL Finished Goods: Bev,Plastic Bottle - Other
500114454,116366,9/30/2023,14,77,PUBLIX #1500114454,Ecom,FL,US,Ft. Pierce,116366 DAS,SCL Finished Goods: Bev,Plastic Bottle - Other
500114263,116366,9/29/2023,14,76,SUPER TAR500114263,Ecom,TX,US,Northpoint Combo,116366 DAS,SCL Finished Goods: Bev,Plastic Bottle - Other
500114454,116366,9/29/2023,14,77,PUBLIX #1500114454,Ecom,FL,US,Ft. Pierce,116366 DAS,SCL Finished Goods: Bev,Plastic Bottle - Other
500114096,115583,9/28/2023,36,22,PUBLIX #1500114096,Ecom,NJ,US,South Brunswick,115583COKE,SCL Finished Goods: Bev,Aluminum Can
500114096,157231,9/28/2023,12,7,PUBLIX #1500114096,Ecom,NJ,US,South Brunswick,157231COKE CHRY VAN ZRO SGR,SCL Finished Goods: Bev,Aluminum Can
500114353,116366,9/28/2023,14,76,SUPER TAR500114353,Ecom,OK,US,May Avenue,116366 DAS,SCL Finished Goods: Bev,Plastic Bottle - Other
500114364,116366,12/12/2023,14,76,SUPER TAR500114364,DSD,TX,US,El Paso,116366 DAS,SCL Finished Goods: Bev,Plastic Bottle - Other
500114364,116366,12/5/2023,14,76,SUPER TAR500114364,DSD,TX,US,El Paso,116366 DAS,SCL Finished Goods: Bev,Plastic Bottle - Other
500114364,116366,12/26/2023,14,76,SUPER TAR500114364,DSD,TX,US,El Paso,116366 DAS,SCL Finished Goods: Bev,Plastic Bottle - Other
500114364,116366,12/29/2023,14,76,SUPER TAR500114364,DSD,TX,US,El Paso,116366 DAS,SCL Finished Goods: Bev,Plastic Bottle - Other
500114364,116366,12/8/2023,14,76,SUPER TAR500114364,DSD,TX,US,El Paso,116366 DAS,SCL Finished Goods: Bev,Plastic Bottle - Other
500114369,116366,12/14/2023,14,77,PUBLIX #1500114369,DSD,TX,US,Northpoint Combo,116366 DAS,SCL Finished Goods: Bev,Plastic Bottle - Other
500114369,116366,12/7/2023,14,77,PUBLIX #1500114369,DSD,TX,US,Northpoint Combo,116366 DAS,SCL Finished Goods: Bev,Plastic Bottle - Other
500114369,116366,12/12/2023,14,77,PUBLIX #1500114369,DSD,TX,US,Northpoint Combo,116366 DAS,SCL Finished Goods: Bev,Plastic Bottle - Other
500114372,116366,12/12/2023,14,76,SUPER TAR500114372,FSV,FL,US,Spring Hill,116366 DAS,SCL Finished Goods: Bev,Plastic Bottle - Other
500114372,116366,12/5/2023,14,76,SUPER TAR500114372,FSV,FL,US,Spring Hill,116366 DAS,SCL Finished Goods: Bev,Plastic Bottle - Other
500114372,116366,12/15/2023,14,76,SUPER TAR500114372,FSV,FL,US,Spring Hill,116366 DAS,SCL Finished Goods: Bev,Plastic Bottle - Other
500114372,116366,12/22/2023,14,76,SUPER TAR500114372,FSV,FL,US,Spring Hill,116366 DAS,SCL Finished Goods: Bev,Plastic Bottle - Other
500114372,116366,12/29/2023,14,76,SUPER TAR500114372,FSV,FL,US,Spring Hill,116366 DAS,SCL Finished Goods: Bev,Plastic Bottle - Other
500114372,116366,12/8/2023,14,76,SUPER TAR500114372,FSV,FL,US,Spring Hill,116366 DAS,SCL Finished Goods: Bev,Plastic Bottle - Other
500114372,116366,12/1/2023,14,76,SUPER TAR500114372,FSV,FL,US,Spring Hill,116366 DAS,SCL Finished Goods: Bev,Plastic Bottle - Other
500113696,116366,8/25/2023,14,77,PUBLIX #1500113696,DSD,BC,US,Calgary,116366 DAS,SCL Finished Goods: Bev,Plastic Bottle - Other
500113696,116366,8/24/2023,14,77,PUBLIX #1500113696,DSD,BC,US,Calgary,116366 DAS,SCL Finished Goods: Bev,Plastic Bottle - Other
500113696,116366,8/22/2023,14,77,PUBLIX #1500113696,DSD,BC,US,Calgary,116366 DAS,SCL Finished Goods: Bev,Plastic Bottle - Other
500113696,116366,8/12/2023,14,77,PUBLIX #1500113696,DSD,BC,US,Calgary,116366 DAS,SCL Finished Goods: Bev,Plastic Bottle - Other
500113719,103172,2/6/2023,12,10,WALMART #500113719,FSV,TX,US,Austin,103172COKE,SCL Finished Goods: Bev,Glass Bottle  - Contour
500113719,115583,2/4/2023,12,6,WALMART #500113719,FSV,TX,US,Austin,115583COKE,SCL Finished Goods: Bev,Aluminum Can
500113737,116366,2/25/2023,14,77,PUBLIX #1500113737,FSV,OK,US,May Avenue,116366 DAS,SCL Finished Goods: Bev,Plastic Bottle - Other
500113737,116366,2/14/2023,14,77,PUBLIX #1500113737,FSV,OK,US,May Avenue,116366 DAS,SCL Finished Goods: Bev,Plastic Bottle - Other
500113888,115586,2/18/2023,12,7,PUBLIX #1500113888,DSD,TX,US,Northpoint Combo,115586SPRITE,SCL Finished Goods: Bev,Aluminum Can
500113888,116366,2/16/2023,14,77,PUBLIX #1500113888,DSD,TX,US,Northpoint Combo,116366 DAS,SCL Finished Goods: Bev,Plastic Bottle - Other
500113888,116366,2/28/2023,14,77,PUBLIX #1500113888,DSD,TX,US,Northpoint Combo,116366 DAS,SCL Finished Goods: Bev,Plastic Bottle - Other
500113888,116366,2/21/2023,14,77,PUBLIX #1500113888,DSD,TX,US,Northpoint Combo,116366 DAS,SCL Finished Goods: Bev,Plastic Bottle - Other
500113888,116366,2/11/2023,14,77,PUBLIX #1500113888,DSD,TX,US,Northpoint Combo,116366 DAS,SCL Finished Goods: Bev,Plastic Bottle - Other
500113888,116366,2/23/2023,14,77,PUBLIX #1500113888,DSD,TX,US,Northpoint Combo,116366 DAS,SCL Finished Goods: Bev,Plastic Bottle - Other
500113888,116366,2/25/2023,14,77,PUBLIX #1500113888,DSD,TX,US,Northpoint Combo,116366 DAS,SCL Finished Goods: Bev,Plastic Bottle - Other
500113888,116366,2/7/2023,14,77,PUBLIX #1500113888,DSD,TX,US,Northpoint Combo,116366 DAS,SCL Finished Goods: Bev,Plastic Bottle - Other
500113888,116366,2/9/2023,14,77,PUBLIX #1500113888,DSD,TX,US,Northpoint Combo,116366 DAS,SCL Finished Goods: Bev,Plastic Bottle - Other
500113888,116366,2/2/2023,14,77,PUBLIX #1500113888,DSD,TX,US,Northpoint Combo,116366 DAS,SCL Finished Goods: Bev,Plastic Bottle - Other
500113896,115585,2/4/2023,12,7,PUBLIX #1500113896,FSV,OK,US,May Avenue,115585CF DT COKE,SCL Finished Goods: Bev,Aluminum Can
500113896,116366,2/23/2023,14,77,PUBLIX #1500113896,FSV,OK,US,May Avenue,116366 DAS,SCL Finished Goods: Bev,Plastic Bottle - Other
500113896,116366,2/28/2023,14,77,PUBLIX #1500113896,FSV,OK,US,May Avenue,116366 DAS,SCL Finished Goods: Bev,Plastic Bottle - Other
500113896,116366,2/25/2023,14,77,PUBLIX #1500113896,FSV,OK,US,May Avenue,116366 DAS,SCL Finished Goods: Bev,Plastic Bottle - Other
500113896,116366,2/16/2023,14,77,PUBLIX #1500113896,FSV,OK,US,May Avenue,116366 DAS,SCL Finished Goods: Bev,Plastic Bottle - Other
500113896,116366,2/11/2023,14,77,PUBLIX #1500113896,FSV,OK,US,May Avenue,116366 DAS,SCL Finished Goods: Bev,Plastic Bottle - Other
500113896,116366,2/21/2023,14,77,PUBLIX #1500113896,FSV,OK,US,May Avenue,116366 DAS,SCL Finished Goods: Bev,Plastic Bottle - Other
500113896,151775,2/11/2023,30,19,PUBLIX #1500113896,FSV,OK,US,May Avenue,1517756P HC DT COKE,SCL Finished Goods: Bev,Aluminum Can - Sleek
500114011,115586,2/9/2023,108,62,CIRCLE K 500114011,DSD,TX,US,El Paso,115586SPRITE,SCL Finished Goods: Bev,Aluminum Can
500114036,116366,2/14/2023,14,77,PUBLIX #1500114036,FSV,OK,US,May Avenue,116366 DAS,SCL Finished Goods: Bev,Plastic Bottle - Other
500114353,116366,9/26/2023,14,76,SUPER TAR500114353,Ecom,OK,US,May Avenue,116366 DAS,SCL Finished Goods: Bev,Plastic Bottle - Other
500114263,116366,9/25/2023,14,76,SUPER TAR500114263,Ecom,TX,US,Northpoint Combo,116366 DAS,SCL Finished Goods: Bev,Plastic Bottle - Other
500113776,155505,9/23/2023,18,13,WALMART #500113776,Ecom,BC,US,Calgary,155505HC COKE CHRY,SCL Finished Goods: Bev,Plastic Bottle - Contour
500113707,115583,9/21/2023,12,7,WALMART #500113707,Ecom,TX,US,Northpoint Combo,115583COKE,SCL Finished Goods: Bev,Aluminum Can
500114263,116366,9/20/2023,14,76,SUPER TAR500114263,Ecom,TX,US,Northpoint Combo,116366 DAS,SCL Finished Goods: Bev,Plastic Bottle - Other
500114347,116366,9/16/2023,14,77,PUBLIX #1500114347,Ecom,BC,US,Calgary,116366 DAS,SCL Finished Goods: Bev,Plastic Bottle - Other
500114096,116366,9/16/2023,16,88,PUBLIX #1500114096,Ecom,NJ,US,South Brunswick,116366 DAS,SCL Finished Goods: Bev,Plastic Bottle - Other
500114454,116366,9/16/2023,14,77,PUBLIX #1500114454,Ecom,FL,US,Ft. Pierce,116366 DAS,SCL Finished Goods: Bev,Plastic Bottle - Other
500114096,116366,9/12/2023,16,88,PUBLIX #1500114096,Ecom,NJ,US,South Brunswick,116366 DAS,SCL Finished Goods: Bev,Plastic Bottle - Other
500114353,116366,9/12/2023,14,76,SUPER TAR500114353,Ecom,OK,US,May Avenue,116366 DAS,SCL Finished Goods: Bev,Plastic Bottle - Other
500113821,115584,9/11/2023,12,6,FAMILY DO500113821,Ecom,OK,US,May Avenue,115584DT COKE,SCL Finished Goods: Bev,Aluminum Can
500114096,116366,9/9/2023,16,88,PUBLIX #1500114096,Ecom,NJ,US,South Brunswick,116366 DAS,SCL Finished Goods: Bev,Plastic Bottle - Other
500114347,116366,9/7/2023,14,77,PUBLIX #1500114347,Ecom,BC,US,Calgary,116366 DAS,SCL Finished Goods: Bev,Plastic Bottle - Other
500114454,116366,9/6/2023,14,77,PUBLIX #1500114454,Ecom,FL,US,Ft. Pierce,116366 DAS,SCL Finished Goods: Bev,Plastic Bottle - Other
500114347,115586,9/5/2023,12,7,PUBLIX #1500114347,Ecom,BC,US,Calgary,115586SPRITE,SCL Finished Goods: Bev,Aluminum Can
500114245,116366,2/3/2023,16,87,TARGET #2500114245,DSD,AZ,US,Glendale,116366 DAS,SCL Finished Goods: Bev,Plastic Bottle - Other
500114245,116366,2/28/2023,18,97,TARGET #2500114245,DSD,AZ,US,Glendale,116366 DAS,SCL Finished Goods: Bev,Plastic Bottle - Other
500114296,116366,2/27/2023,16,84,DOLLAR GE500114296,DSD,AZ,US,Glendale,116366 DAS,SCL Finished Goods: Bev,Plastic Bottle - Other
500114296,116366,2/20/2023,14,74,DOLLAR GE500114296,DSD,AZ,US,Glendale,116366 DAS,SCL Finished Goods: Bev,Plastic Bottle - Other
500114338,115583,2/11/2023,24,14,PUBLIX #1500114338,DSD,BC,US,Prince George,115583COKE,SCL Finished Goods: Bev,Aluminum Can
500114338,115586,2/11/2023,12,7,PUBLIX #1500114338,DSD,BC,US,Prince George,115586SPRITE,SCL Finished Goods: Bev,Aluminum Can
500114338,116366,2/14/2023,14,77,PUBLIX #1500114338,DSD,BC,US,Prince George,116366 DAS,SCL Finished Goods: Bev,Plastic Bottle - Other
500114338,116366,2/25/2023,14,77,PUBLIX #1500114338,DSD,BC,US,Prince George,116366 DAS,SCL Finished Goods: Bev,Plastic Bottle - Other
500114338,116366,2/23/2023,14,77,PUBLIX #1500114338,DSD,BC,US,Prince George,116366 DAS,SCL Finished Goods: Bev,Plastic Bottle - Other
500114338,116366,2/9/2023,14,77,PUBLIX #1500114338,DSD,BC,US,Prince George,116366 DAS,SCL Finished Goods: Bev,Plastic Bottle - Other
500114338,116366,2/21/2023,14,77,PUBLIX #1500114338,DSD,BC,US,Prince George,116366 DAS,SCL Finished Goods: Bev,Plastic Bottle - Other
500114338,116366,2/11/2023,14,77,PUBLIX #1500114338,DSD,BC,US,Prince George,116366 DAS,SCL Finished Goods: Bev,Plastic Bottle - Other
500114338,116366,2/2/2023,14,77,PUBLIX #1500114338,DSD,BC,US,Prince George,116366 DAS,SCL Finished Goods: Bev,Plastic Bottle - Other
500114338,116366,2/16/2023,14,77,PUBLIX #1500114338,DSD,BC,US,Prince George,116366 DAS,SCL Finished Goods: Bev,Plastic Bottle - Other
500114353,116366,9/5/2023,14,76,SUPER TAR500114353,Ecom,OK,US,May Avenue,116366 DAS,SCL Finished Goods: Bev,Plastic Bottle - Other
500114263,116366,9/4/2023,14,76,SUPER TAR500114263,Ecom,TX,US,Northpoint Combo,116366 DAS,SCL Finished Goods: Bev,Plastic Bottle - Other
500114353,116366,9/1/2023,14,76,SUPER TAR500114353,Ecom,OK,US,May Avenue,116366 DAS,SCL Finished Goods: Bev,Plastic Bottle - Other
500114263,116366,8/28/2023,14,76,SUPER TAR500114263,Ecom,TX,US,Northpoint Combo,116366 DAS,SCL Finished Goods: Bev,Plastic Bottle - Other
500114096,116366,8/26/2023,16,88,PUBLIX #1500114096,Ecom,NJ,US,South Brunswick,116366 DAS,SCL Finished Goods: Bev,Plastic Bottle - Other
500114410,116366,8/26/2023,14,77,PUBLIX #1500114410,Ecom,FL,US,Ft. Pierce,116366 DAS,SCL Finished Goods: Bev,Plastic Bottle - Other
500114263,116366,8/25/2023,14,76,SUPER TAR500114263,Ecom,TX,US,Northpoint Combo,116366 DAS,SCL Finished Goods: Bev,Plastic Bottle - Other
500114096,116366,8/24/2023,16,88,PUBLIX #1500114096,Ecom,NJ,US,South Brunswick,116366 DAS,SCL Finished Goods: Bev,Plastic Bottle - Other
500114410,116366,8/24/2023,14,77,PUBLIX #1500114410,Ecom,FL,US,Ft. Pierce,116366 DAS,SCL Finished Goods: Bev,Plastic Bottle - Other
500114361,116366,8/23/2023,14,77,PUBLIX #1500114361,Ecom,NJ,US,South Brunswick,116366 DAS,SCL Finished Goods: Bev,Plastic Bottle - Other
500114242,116366,8/22/2023,14,77,PUBLIX #1500114242,Ecom,BC,US,Prince George,116366 DAS,SCL Finished Goods: Bev,Plastic Bottle - Other
500114361,116366,8/21/2023,14,77,PUBLIX #1500114361,Ecom,NJ,US,South Brunswick,116366 DAS,SCL Finished Goods: Bev,Plastic Bottle - Other
500114096,116366,8/19/2023,16,88,PUBLIX #1500114096,Ecom,NJ,US,South Brunswick,116366 DAS,SCL Finished Goods: Bev,Plastic Bottle - Other
500114242,116366,8/19/2023,14,77,PUBLIX #1500114242,Ecom,BC,US,Prince George,116366 DAS,SCL Finished Goods: Bev,Plastic Bottle - Other
500114353,116366,8/19/2023,14,76,SUPER TAR500114353,Ecom,OK,US,May Avenue,116366 DAS,SCL Finished Goods: Bev,Plastic Bottle - Other
500114410,116366,8/19/2023,14,77,PUBLIX #1500114410,Ecom,FL,US,Ft. Pierce,116366 DAS,SCL Finished Goods: Bev,Plastic Bottle - Other
500114263,116366,8/18/2023,14,76,SUPER TAR500114263,Ecom,TX,US,Northpoint Combo,116366 DAS,SCL Finished Goods: Bev,Plastic Bottle - Other
500114361,116366,8/18/2023,14,77,PUBLIX #1500114361,Ecom,NJ,US,South Brunswick,116366 DAS,SCL Finished Goods: Bev,Plastic Bottle - Other
500114096,116366,8/17/2023,16,88,PUBLIX #1500114096,Ecom,NJ,US,South Brunswick,116366 DAS,SCL Finished Goods: Bev,Plastic Bottle - Other
500114410,116366,8/17/2023,14,77,PUBLIX #1500114410,Ecom,FL,US,Ft. Pierce,116366 DAS,SCL Finished Goods: Bev,Plastic Bottle - Other
500114369,116366,2/7/2023,14,77,PUBLIX #1500114369,DSD,TX,US,Northpoint Combo,116366 DAS,SCL Finished Goods: Bev,Plastic Bottle - Other
500114369,116366,2/23/2023,14,77,PUBLIX #1500114369,DSD,TX,US,Northpoint Combo,116366 DAS,SCL Finished Goods: Bev,Plastic Bottle - Other
500114369,116366,2/25/2023,14,77,PUBLIX #1500114369,DSD,TX,US,Northpoint Combo,116366 DAS,SCL Finished Goods: Bev,Plastic Bottle - Other
500114369,116366,2/18/2023,14,77,PUBLIX #1500114369,DSD,TX,US,Northpoint Combo,116366 DAS,SCL Finished Goods: Bev,Plastic Bottle - Other
500114372,116366,2/3/2023,14,76,SUPER TAR500114372,FSV,FL,US,Spring Hill,116366 DAS,SCL Finished Goods: Bev,Plastic Bottle - Other
500114372,116366,2/7/2023,14,76,SUPER TAR500114372,FSV,FL,US,Spring Hill,116366 DAS,SCL Finished Goods: Bev,Plastic Bottle - Other
500114372,116366,2/24/2023,14,76,SUPER TAR500114372,FSV,FL,US,Spring Hill,116366 DAS,SCL Finished Goods: Bev,Plastic Bottle - Other
500114394,116366,2/18/2023,14,77,PUBLIX #1500114394,FSV,TX,US,Austin,116366 DAS,SCL Finished Goods: Bev,Plastic Bottle - Other
500114394,116366,2/28/2023,14,77,PUBLIX #1500114394,FSV,TX,US,Austin,116366 DAS,SCL Finished Goods: Bev,Plastic Bottle - Other
500114394,116366,2/23/2023,14,77,PUBLIX #1500114394,FSV,TX,US,Austin,116366 DAS,SCL Finished Goods: Bev,Plastic Bottle - Other
500114394,116366,2/25/2023,14,77,PUBLIX #1500114394,FSV,TX,US,Austin,116366 DAS,SCL Finished Goods: Bev,Plastic Bottle - Other
500114394,116366,2/9/2023,14,77,PUBLIX #1500114394,FSV,TX,US,Austin,116366 DAS,SCL Finished Goods: Bev,Plastic Bottle - Other
500114394,116366,2/16/2023,14,77,PUBLIX #1500114394,FSV,TX,US,Austin,116366 DAS,SCL Finished Goods: Bev,Plastic Bottle - Other
500114394,116366,2/4/2023,14,77,PUBLIX #1500114394,FSV,TX,US,Austin,116366 DAS,SCL Finished Goods: Bev,Plastic Bottle - Other
500114394,116366,2/11/2023,14,77,PUBLIX #1500114394,FSV,TX,US,Austin,116366 DAS,SCL Finished Goods: Bev,Plastic Bottle - Other
500114361,116366,8/16/2023,14,77,PUBLIX #1500114361,Ecom,NJ,US,South Brunswick,116366 DAS,SCL Finished Goods: Bev,Plastic Bottle - Other
500114242,116366,8/15/2023,14,77,PUBLIX #1500114242,Ecom,BC,US,Prince George,116366 DAS,SCL Finished Goods: Bev,Plastic Bottle - Other
500114353,116366,8/15/2023,14,76,SUPER TAR500114353,Ecom,OK,US,May Avenue,116366 DAS,SCL Finished Goods: Bev,Plastic Bottle - Other
500114347,116366,8/15/2023,14,77,PUBLIX #1500114347,Ecom,BC,US,Calgary,116366 DAS,SCL Finished Goods: Bev,Plastic Bottle - Other
500114361,116366,8/14/2023,14,77,PUBLIX #1500114361,Ecom,NJ,US,South Brunswick,116366 DAS,SCL Finished Goods: Bev,Plastic Bottle - Other
500114096,115583,8/12/2023,36,22,PUBLIX #1500114096,Ecom,NJ,US,South Brunswick,115583COKE,SCL Finished Goods: Bev,Aluminum Can
500114096,115585,8/12/2023,12,7,PUBLIX #1500114096,Ecom,NJ,US,South Brunswick,115585CF DT COKE,SCL Finished Goods: Bev,Aluminum Can
500114096,115586,8/12/2023,12,7,PUBLIX #1500114096,Ecom,NJ,US,South Brunswick,115586SPRITE,SCL Finished Goods: Bev,Aluminum Can
500114242,116366,8/12/2023,14,77,PUBLIX #1500114242,Ecom,BC,US,Prince George,116366 DAS,SCL Finished Goods: Bev,Plastic Bottle - Other
500114413,116366,2/13/2023,14,77,PUBLIX #1500114413,DSD,FL,US,Ft. Myers,116366 DAS,SCL Finished Goods: Bev,Plastic Bottle - Other
500114426,116366,2/6/2023,14,77,PUBLIX #1500114426,FSV,TX,US,El Paso,116366 DAS,SCL Finished Goods: Bev,Plastic Bottle - Other
500114426,116366,2/20/2023,14,77,PUBLIX #1500114426,FSV,TX,US,El Paso,116366 DAS,SCL Finished Goods: Bev,Plastic Bottle - Other
500114426,116366,2/4/2023,14,77,PUBLIX #1500114426,FSV,TX,US,El Paso,116366 DAS,SCL Finished Goods: Bev,Plastic Bottle - Other
500114431,116366,2/18/2023,14,77,PUBLIX #1500114431,DSD,NJ,US,South Brunswick,116366 DAS,SCL Finished Goods: Bev,Plastic Bottle - Other
500114431,116366,2/23/2023,14,77,PUBLIX #1500114431,DSD,NJ,US,South Brunswick,116366 DAS,SCL Finished Goods: Bev,Plastic Bottle - Other
500114431,116366,2/25/2023,14,77,PUBLIX #1500114431,DSD,NJ,US,South Brunswick,116366 DAS,SCL Finished Goods: Bev,Plastic Bottle - Other
500114431,116366,2/13/2023,14,77,PUBLIX #1500114431,DSD,NJ,US,South Brunswick,116366 DAS,SCL Finished Goods: Bev,Plastic Bottle - Other
500114353,116366,8/12/2023,14,76,SUPER TAR500114353,Ecom,OK,US,May Avenue,116366 DAS,SCL Finished Goods: Bev,Plastic Bottle - Other
500114410,116366,8/12/2023,14,77,PUBLIX #1500114410,Ecom,FL,US,Ft. Pierce,116366 DAS,SCL Finished Goods: Bev,Plastic Bottle - Other
500114484,116366,2/24/2023,14,77,PUBLIX #1500114484,DSD,AZ,US,Glendale,116366 DAS,SCL Finished Goods: Bev,Plastic Bottle - Other
500114484,116366,2/17/2023,14,77,PUBLIX #1500114484,DSD,AZ,US,Glendale,116366 DAS,SCL Finished Goods: Bev,Plastic Bottle - Other
500114484,116366,2/10/2023,14,77,PUBLIX #1500114484,DSD,AZ,US,Glendale,116366 DAS,SCL Finished Goods: Bev,Plastic Bottle - Other
500114484,116366,2/28/2023,14,77,PUBLIX #1500114484,DSD,AZ,US,Glendale,116366 DAS,SCL Finished Goods: Bev,Plastic Bottle - Other
500114484,116366,2/3/2023,14,77,PUBLIX #1500114484,DSD,AZ,US,Glendale,116366 DAS,SCL Finished Goods: Bev,Plastic Bottle - Other
500113707,115586,8/11/2023,12,7,WALMART #500113707,Ecom,TX,US,Northpoint Combo,115586SPRITE,SCL Finished Goods: Bev,Aluminum Can
500114096,116366,8/10/2023,16,88,PUBLIX #1500114096,Ecom,NJ,US,South Brunswick,116366 DAS,SCL Finished Goods: Bev,Plastic Bottle - Other
500114242,116366,8/10/2023,14,77,PUBLIX #1500114242,Ecom,BC,US,Prince George,116366 DAS,SCL Finished Goods: Bev,Plastic Bottle - Other
500114410,116366,8/10/2023,14,77,PUBLIX #1500114410,Ecom,FL,US,Ft. Pierce,116366 DAS,SCL Finished Goods: Bev,Plastic Bottle - Other
500114361,116366,8/7/2023,14,77,PUBLIX #1500114361,Ecom,NJ,US,South Brunswick,116366 DAS,SCL Finished Goods: Bev,Plastic Bottle - Other
500114096,116366,8/5/2023,16,88,PUBLIX #1500114096,Ecom,NJ,US,South Brunswick,116366 DAS,SCL Finished Goods: Bev,Plastic Bottle - Other
500114242,116366,8/5/2023,14,77,PUBLIX #1500114242,Ecom,BC,US,Prince George,116366 DAS,SCL Finished Goods: Bev,Plastic Bottle - Other
500114353,116366,8/5/2023,14,76,SUPER TAR500114353,Ecom,OK,US,May Avenue,116366 DAS,SCL Finished Goods: Bev,Plastic Bottle - Other
500114410,116366,8/5/2023,14,77,PUBLIX #1500114410,Ecom,FL,US,Ft. Pierce,116366 DAS,SCL Finished Goods: Bev,Plastic Bottle - Other
500113696,116366,8/10/2023,14,77,PUBLIX #1500113696,DSD,BC,US,Calgary,116366 DAS,SCL Finished Goods: Bev,Plastic Bottle - Other
500113696,116366,8/4/2023,14,77,PUBLIX #1500113696,DSD,BC,US,Calgary,116366 DAS,SCL Finished Goods: Bev,Plastic Bottle - Other
500113719,115583,1/7/2023,36,20,WALMART #500113719,FSV,TX,US,Austin,115583COKE,SCL Finished Goods: Bev,Aluminum Can
500113737,116366,1/14/2023,14,77,PUBLIX #1500113737,FSV,OK,US,May Avenue,116366 DAS,SCL Finished Goods: Bev,Plastic Bottle - Other
500113707,115583,8/4/2023,12,7,WALMART #500113707,Ecom,TX,US,Northpoint Combo,115583COKE,SCL Finished Goods: Bev,Aluminum Can
500113888,115583,1/24/2023,12,7,PUBLIX #1500113888,DSD,TX,US,Northpoint Combo,115583COKE,SCL Finished Goods: Bev,Aluminum Can
500113888,115586,1/7/2023,12,6,PUBLIX #1500113888,DSD,TX,US,Northpoint Combo,115586SPRITE,SCL Finished Goods: Bev,Aluminum Can
500113888,116366,1/26/2023,14,77,PUBLIX #1500113888,DSD,TX,US,Northpoint Combo,116366 DAS,SCL Finished Goods: Bev,Plastic Bottle - Other
500113888,116366,1/14/2023,14,77,PUBLIX #1500113888,DSD,TX,US,Northpoint Combo,116366 DAS,SCL Finished Goods: Bev,Plastic Bottle - Other
500113888,157231,1/7/2023,12,6,PUBLIX #1500113888,DSD,TX,US,Northpoint Combo,157231COKE CHRY VAN ZRO SGR,SCL Finished Goods: Bev,Aluminum Can
500113896,116366,1/12/2023,14,77,PUBLIX #1500113896,FSV,OK,US,May Avenue,116366 DAS,SCL Finished Goods: Bev,Plastic Bottle - Other
500113896,116366,1/10/2023,14,77,PUBLIX #1500113896,FSV,OK,US,May Avenue,116366 DAS,SCL Finished Goods: Bev,Plastic Bottle - Other
500113896,116366,1/7/2023,14,77,PUBLIX #1500113896,FSV,OK,US,May Avenue,116366 DAS,SCL Finished Goods: Bev,Plastic Bottle - Other
500113933,115584,1/18/2023,15,8,CIRCLE K 500113933,FSV,TX,US,Austin,115584DT COKE,SCL Finished Goods: Bev,Aluminum Can
500114036,116366,1/6/2023,14,77,PUBLIX #1500114036,FSV,OK,US,May Avenue,116366 DAS,SCL Finished Goods: Bev,Plastic Bottle - Other
500114361,116366,8/4/2023,14,77,PUBLIX #1500114361,Ecom,NJ,US,South Brunswick,116366 DAS,SCL Finished Goods: Bev,Plastic Bottle - Other
500114353,116366,8/3/2023,14,76,SUPER TAR500114353,Ecom,OK,US,May Avenue,116366 DAS,SCL Finished Goods: Bev,Plastic Bottle - Other
500114347,116366,8/3/2023,14,77,PUBLIX #1500114347,Ecom,BC,US,Calgary,116366 DAS,SCL Finished Goods: Bev,Plastic Bottle - Other
500113707,115584,8/2/2023,12,7,WALMART #500113707,Ecom,TX,US,Northpoint Combo,115584DT COKE,SCL Finished Goods: Bev,Aluminum Can
500114159,115583,1/24/2023,12,6,WALMART #500114159,FSV,NJ,US,South Brunswick,115583COKE,SCL Finished Goods: Bev,Aluminum Can
500114361,115586,8/2/2023,12,7,PUBLIX #1500114361,Ecom,NJ,US,South Brunswick,115586SPRITE,SCL Finished Goods: Bev,Aluminum Can
500114245,116366,1/24/2023,16,75,TARGET #2500114245,DSD,AZ,US,Glendale,116366 DAS,SCL Finished Goods: Bev,Plastic Bottle - Other
500114245,116366,1/27/2023,16,75,TARGET #2500114245,DSD,AZ,US,Glendale,116366 DAS,SCL Finished Goods: Bev,Plastic Bottle - Other
500114245,116366,1/3/2023,16,75,TARGET #2500114245,DSD,AZ,US,Glendale,116366 DAS,SCL Finished Goods: Bev,Plastic Bottle - Other
500114245,116366,1/17/2023,16,75,TARGET #2500114245,DSD,AZ,US,Glendale,116366 DAS,SCL Finished Goods: Bev,Plastic Bottle - Other
500114245,116366,1/6/2023,16,75,TARGET #2500114245,DSD,AZ,US,Glendale,116366 DAS,SCL Finished Goods: Bev,Plastic Bottle - Other
500114353,116366,8/1/2023,14,76,SUPER TAR500114353,Ecom,OK,US,May Avenue,116366 DAS,SCL Finished Goods: Bev,Plastic Bottle - Other
500114242,116366,7/29/2023,14,77,PUBLIX #1500114242,Ecom,BC,US,Prince George,116366 DAS,SCL Finished Goods: Bev,Plastic Bottle - Other
500114347,116366,7/29/2023,14,77,PUBLIX #1500114347,Ecom,BC,US,Calgary,116366 DAS,SCL Finished Goods: Bev,Plastic Bottle - Other
500114338,115586,1/10/2023,12,6,PUBLIX #1500114338,DSD,BC,US,Prince George,115586SPRITE,SCL Finished Goods: Bev,Aluminum Can
500114338,116366,1/31/2023,14,77,PUBLIX #1500114338,DSD,BC,US,Prince George,116366 DAS,SCL Finished Goods: Bev,Plastic Bottle - Other
500114338,116366,1/12/2023,14,77,PUBLIX #1500114338,DSD,BC,US,Prince George,116366 DAS,SCL Finished Goods: Bev,Plastic Bottle - Other
500114338,116366,1/28/2023,14,77,PUBLIX #1500114338,DSD,BC,US,Prince George,116366 DAS,SCL Finished Goods: Bev,Plastic Bottle - Other
500114338,116366,1/7/2023,14,77,PUBLIX #1500114338,DSD,BC,US,Prince George,116366 DAS,SCL Finished Goods: Bev,Plastic Bottle - Other
500114338,116366,1/10/2023,14,77,PUBLIX #1500114338,DSD,BC,US,Prince George,116366 DAS,SCL Finished Goods: Bev,Plastic Bottle - Other
500114338,116366,1/3/2023,14,77,PUBLIX #1500114338,DSD,BC,US,Prince George,116366 DAS,SCL Finished Goods: Bev,Plastic Bottle - Other
500114353,116366,7/29/2023,14,76,SUPER TAR500114353,Ecom,OK,US,May Avenue,116366 DAS,SCL Finished Goods: Bev,Plastic Bottle - Other
500114353,116366,7/27/2023,14,76,SUPER TAR500114353,Ecom,OK,US,May Avenue,116366 DAS,SCL Finished Goods: Bev,Plastic Bottle - Other
500114353,116366,7/25/2023,14,76,SUPER TAR500114353,Ecom,OK,US,May Avenue,116366 DAS,SCL Finished Goods: Bev,Plastic Bottle - Other
500114410,116366,7/25/2023,14,77,PUBLIX #1500114410,Ecom,FL,US,Ft. Pierce,116366 DAS,SCL Finished Goods: Bev,Plastic Bottle - Other
500113766,151775,7/22/2023,12,6,WALMART #500113766,Ecom,NJ,US,South Brunswick,1517756P HC DT COKE,SCL Finished Goods: Bev,Aluminum Can - Sleek
500114101,115583,7/20/2023,12,7,WALMART #500114101,Ecom,AZ,US,Glendale,115583COKE,SCL Finished Goods: Bev,Aluminum Can
500114096,115585,7/15/2023,12,7,PUBLIX #1500114096,Ecom,NJ,US,South Brunswick,115585CF DT COKE,SCL Finished Goods: Bev,Aluminum Can
500114096,116366,7/15/2023,16,88,PUBLIX #1500114096,Ecom,NJ,US,South Brunswick,116366 DAS,SCL Finished Goods: Bev,Plastic Bottle - Other
500114410,116366,7/15/2023,14,77,PUBLIX #1500114410,Ecom,FL,US,Ft. Pierce,116366 DAS,SCL Finished Goods: Bev,Plastic Bottle - Other
500114263,116366,7/14/2023,14,76,SUPER TAR500114263,Ecom,TX,US,Northpoint Combo,116366 DAS,SCL Finished Goods: Bev,Plastic Bottle - Other
500114361,116366,7/14/2023,14,77,PUBLIX #1500114361,Ecom,NJ,US,South Brunswick,116366 DAS,SCL Finished Goods: Bev,Plastic Bottle - Other
500114096,116366,7/13/2023,16,88,PUBLIX #1500114096,Ecom,NJ,US,South Brunswick,116366 DAS,SCL Finished Goods: Bev,Plastic Bottle - Other
500114361,116366,7/12/2023,14,77,PUBLIX #1500114361,Ecom,NJ,US,South Brunswick,116366 DAS,SCL Finished Goods: Bev,Plastic Bottle - Other
500114361,410258,7/12/2023,20,11,PUBLIX #1500114361,Ecom,NJ,US,South Brunswick,41025810FPX3 SPRITE ZRO SGR,SCL Finished Goods: Bev,Aluminum Can - Sleek
500114364,116366,1/20/2023,14,65,SUPER TAR500114364,DSD,TX,US,El Paso,116366 DAS,SCL Finished Goods: Bev,Plastic Bottle - Other
500114364,116366,1/6/2023,14,65,SUPER TAR500114364,DSD,TX,US,El Paso,116366 DAS,SCL Finished Goods: Bev,Plastic Bottle - Other
500114364,116366,1/10/2023,14,65,SUPER TAR500114364,DSD,TX,US,El Paso,116366 DAS,SCL Finished Goods: Bev,Plastic Bottle - Other
500114364,116366,1/3/2023,14,65,SUPER TAR500114364,DSD,TX,US,El Paso,116366 DAS,SCL Finished Goods: Bev,Plastic Bottle - Other
500114364,116366,1/17/2023,14,65,SUPER TAR500114364,DSD,TX,US,El Paso,116366 DAS,SCL Finished Goods: Bev,Plastic Bottle - Other
500114369,116366,1/12/2023,14,77,PUBLIX #1500114369,DSD,TX,US,Northpoint Combo,116366 DAS,SCL Finished Goods: Bev,Plastic Bottle - Other
500114369,116366,1/31/2023,14,77,PUBLIX #1500114369,DSD,TX,US,Northpoint Combo,116366 DAS,SCL Finished Goods: Bev,Plastic Bottle - Other
500114369,116366,1/5/2023,14,77,PUBLIX #1500114369,DSD,TX,US,Northpoint Combo,116366 DAS,SCL Finished Goods: Bev,Plastic Bottle - Other
500114369,116366,1/7/2023,14,77,PUBLIX #1500114369,DSD,TX,US,Northpoint Combo,116366 DAS,SCL Finished Goods: Bev,Plastic Bottle - Other
500114369,116366,1/21/2023,14,77,PUBLIX #1500114369,DSD,TX,US,Northpoint Combo,116366 DAS,SCL Finished Goods: Bev,Plastic Bottle - Other
500114372,116366,1/10/2023,14,65,SUPER TAR500114372,FSV,FL,US,Spring Hill,116366 DAS,SCL Finished Goods: Bev,Plastic Bottle - Other
500114372,116366,1/3/2023,14,65,SUPER TAR500114372,FSV,FL,US,Spring Hill,116366 DAS,SCL Finished Goods: Bev,Plastic Bottle - Other
500114394,116366,1/19/2023,14,77,PUBLIX #1500114394,FSV,TX,US,Austin,116366 DAS,SCL Finished Goods: Bev,Plastic Bottle - Other
500114394,116366,1/12/2023,14,77,PUBLIX #1500114394,FSV,TX,US,Austin,116366 DAS,SCL Finished Goods: Bev,Plastic Bottle - Other
500114394,116366,1/31/2023,14,77,PUBLIX #1500114394,FSV,TX,US,Austin,116366 DAS,SCL Finished Goods: Bev,Plastic Bottle - Other
500114394,116366,1/14/2023,14,77,PUBLIX #1500114394,FSV,TX,US,Austin,116366 DAS,SCL Finished Goods: Bev,Plastic Bottle - Other
500114394,116366,1/7/2023,14,77,PUBLIX #1500114394,FSV,TX,US,Austin,116366 DAS,SCL Finished Goods: Bev,Plastic Bottle - Other
500114394,116366,1/10/2023,14,77,PUBLIX #1500114394,FSV,TX,US,Austin,116366 DAS,SCL Finished Goods: Bev,Plastic Bottle - Other
500114242,115583,7/11/2023,12,7,PUBLIX #1500114242,Ecom,BC,US,Prince George,115583COKE,SCL Finished Goods: Bev,Aluminum Can
500114412,116366,1/23/2023,14,77,PUBLIX #1500114412,FSV,OK,US,May Avenue,116366 DAS,SCL Finished Goods: Bev,Plastic Bottle - Other
500114412,116366,1/9/2023,14,77,PUBLIX #1500114412,FSV,OK,US,May Avenue,116366 DAS,SCL Finished Goods: Bev,Plastic Bottle - Other
500114426,116366,1/16/2023,14,77,PUBLIX #1500114426,FSV,TX,US,El Paso,116366 DAS,SCL Finished Goods: Bev,Plastic Bottle - Other
500114426,116366,1/30/2023,14,77,PUBLIX #1500114426,FSV,TX,US,El Paso,116366 DAS,SCL Finished Goods: Bev,Plastic Bottle - Other
500114426,116366,1/7/2023,14,77,PUBLIX #1500114426,FSV,TX,US,El Paso,116366 DAS,SCL Finished Goods: Bev,Plastic Bottle - Other
500114426,116366,1/14/2023,14,77,PUBLIX #1500114426,FSV,TX,US,El Paso,116366 DAS,SCL Finished Goods: Bev,Plastic Bottle - Other
500114431,116366,1/7/2023,14,77,PUBLIX #1500114431,DSD,NJ,US,South Brunswick,116366 DAS,SCL Finished Goods: Bev,Plastic Bottle - Other
500114431,116366,1/12/2023,14,77,PUBLIX #1500114431,DSD,NJ,US,South Brunswick,116366 DAS,SCL Finished Goods: Bev,Plastic Bottle - Other
500114431,116366,1/26/2023,14,77,PUBLIX #1500114431,DSD,NJ,US,South Brunswick,116366 DAS,SCL Finished Goods: Bev,Plastic Bottle - Other
500114431,116366,1/14/2023,14,77,PUBLIX #1500114431,DSD,NJ,US,South Brunswick,116366 DAS,SCL Finished Goods: Bev,Plastic Bottle - Other
500114484,116366,1/10/2023,14,77,PUBLIX #1500114484,DSD,AZ,US,Glendale,116366 DAS,SCL Finished Goods: Bev,Plastic Bottle - Other
500114347,115584,7/11/2023,36,22,PUBLIX #1500114347,Ecom,BC,US,Calgary,115584DT COKE,SCL Finished Goods: Bev,Aluminum Can
500114410,116366,7/11/2023,14,77,PUBLIX #1500114410,Ecom,FL,US,Ft. Pierce,116366 DAS,SCL Finished Goods: Bev,Plastic Bottle - Other
500114361,116366,7/10/2023,14,77,PUBLIX #1500114361,Ecom,NJ,US,South Brunswick,116366 DAS,SCL Finished Goods: Bev,Plastic Bottle - Other
500114242,116366,7/8/2023,14,77,PUBLIX #1500114242,Ecom,BC,US,Prince George,116366 DAS,SCL Finished Goods: Bev,Plastic Bottle - Other
500114410,116366,7/8/2023,14,77,PUBLIX #1500114410,Ecom,FL,US,Ft. Pierce,116366 DAS,SCL Finished Goods: Bev,Plastic Bottle - Other
500113766,115583,7/6/2023,12,7,WALMART #500113766,Ecom,NJ,US,South Brunswick,115583COKE,SCL Finished Goods: Bev,Aluminum Can
500114242,116366,7/6/2023,14,77,PUBLIX #1500114242,Ecom,BC,US,Prince George,116366 DAS,SCL Finished Goods: Bev,Plastic Bottle - Other
500114347,116366,7/6/2023,14,77,PUBLIX #1500114347,Ecom,BC,US,Calgary,116366 DAS,SCL Finished Goods: Bev,Plastic Bottle - Other
500114581,116366,1/24/2023,16,74,DOLLAR GE500114581,FSV,FL,US,Spring Hill,116366 DAS,SCL Finished Goods: Bev,Plastic Bottle - Other
500114585,116366,1/9/2023,12,56,DOLLAR GE500114585,FSV,FL,US,Jacksonville,116366 DAS,SCL Finished Goods: Bev,Plastic Bottle - Other
500114587,116366,1/30/2023,16,74,DOLLAR GE500114587,FSV,BC,US,Prince George,116366 DAS,SCL Finished Goods: Bev,Plastic Bottle - Other
500114597,116366,1/4/2023,14,65,DOLLAR GE500114597,DSD,NJ,US,South Brunswick,116366 DAS,SCL Finished Goods: Bev,Plastic Bottle - Other
500114598,116366,1/27/2023,12,56,DOLLAR GE500114598,FSV,FL,US,Sebring,116366 DAS,SCL Finished Goods: Bev,Plastic Bottle - Other
500114599,116366,1/28/2023,16,74,DOLLAR GE500114599,FSV,BC,US,Calgary,116366 DAS,SCL Finished Goods: Bev,Plastic Bottle - Other
500114633,116366,1/24/2023,14,65,DOLLAR GE500114633,FSV,TX,US,Northpoint Combo,116366 DAS,SCL Finished Goods: Bev,Plastic Bottle - Other
500114633,116366,1/27/2023,14,65,DOLLAR GE500114633,FSV,TX,US,Northpoint Combo,116366 DAS,SCL Finished Goods: Bev,Plastic Bottle - Other
500114633,116366,1/17/2023,14,65,DOLLAR GE500114633,FSV,TX,US,Northpoint Combo,116366 DAS,SCL Finished Goods: Bev,Plastic Bottle - Other
500114633,116366,1/31/2023,14,65,DOLLAR GE500114633,FSV,TX,US,Northpoint Combo,116366 DAS,SCL Finished Goods: Bev,Plastic Bottle - Other
500114633,116366,1/7/2023,14,65,DOLLAR GE500114633,FSV,TX,US,Northpoint Combo,116366 DAS,SCL Finished Goods: Bev,Plastic Bottle - Other
500113696,116366,8/3/2023,14,77,PUBLIX #1500113696,DSD,BC,US,Calgary,116366 DAS,SCL Finished Goods: Bev,Plastic Bottle - Other
500113696,116366,7/29/2023,14,77,PUBLIX #1500113696,DSD,BC,US,Calgary,116366 DAS,SCL Finished Goods: Bev,Plastic Bottle - Other
500113696,116366,7/27/2023,14,77,PUBLIX #1500113696,DSD,BC,US,Calgary,116366 DAS,SCL Finished Goods: Bev,Plastic Bottle - Other
500113696,116366,7/15/2023,14,77,PUBLIX #1500113696,DSD,BC,US,Calgary,116366 DAS,SCL Finished Goods: Bev,Plastic Bottle - Other
500113696,116366,7/13/2023,14,77,PUBLIX #1500113696,DSD,BC,US,Calgary,116366 DAS,SCL Finished Goods: Bev,Plastic Bottle - Other
500113696,116366,7/7/2023,14,77,PUBLIX #1500113696,DSD,BC,US,Calgary,116366 DAS,SCL Finished Goods: Bev,Plastic Bottle - Other
500113696,116366,7/6/2023,14,77,PUBLIX #1500113696,DSD,BC,US,Calgary,116366 DAS,SCL Finished Goods: Bev,Plastic Bottle - Other
500113719,115586,7/20/2023,12,7,WALMART #500113719,FSV,TX,US,Austin,115586SPRITE,SCL Finished Goods: Bev,Aluminum Can
500113737,116366,7/6/2023,14,77,PUBLIX #1500113737,FSV,OK,US,May Avenue,116366 DAS,SCL Finished Goods: Bev,Plastic Bottle - Other
500113737,116366,7/15/2023,14,77,PUBLIX #1500113737,FSV,OK,US,May Avenue,116366 DAS,SCL Finished Goods: Bev,Plastic Bottle - Other
500113737,116366,7/1/2023,14,77,PUBLIX #1500113737,FSV,OK,US,May Avenue,116366 DAS,SCL Finished Goods: Bev,Plastic Bottle - Other
500113737,116366,7/11/2023,14,77,PUBLIX #1500113737,FSV,OK,US,May Avenue,116366 DAS,SCL Finished Goods: Bev,Plastic Bottle - Other
500113737,133766,7/22/2023,16,14,PUBLIX #1500113737,FSV,OK,US,May Avenue,133766 SPRITE,SCL Finished Goods: Bev,Plastic Bottle - Dimple
500114353,116366,7/6/2023,14,76,SUPER TAR500114353,Ecom,OK,US,May Avenue,116366 DAS,SCL Finished Goods: Bev,Plastic Bottle - Other
500114096,116366,7/4/2023,16,88,PUBLIX #1500114096,Ecom,NJ,US,South Brunswick,116366 DAS,SCL Finished Goods: Bev,Plastic Bottle - Other
500113874,116366,7/6/2023,14,76,SUPER TAR500113874,DSD,TX,US,Corpus Christi,116366 DAS,SCL Finished Goods: Bev,Plastic Bottle - Other
500113874,116366,7/14/2023,14,76,SUPER TAR500113874,DSD,TX,US,Corpus Christi,116366 DAS,SCL Finished Goods: Bev,Plastic Bottle - Other
500113874,116366,7/7/2023,14,76,SUPER TAR500113874,DSD,TX,US,Corpus Christi,116366 DAS,SCL Finished Goods: Bev,Plastic Bottle - Other
500113874,116366,7/27/2023,14,76,SUPER TAR500113874,DSD,TX,US,Corpus Christi,116366 DAS,SCL Finished Goods: Bev,Plastic Bottle - Other
500113888,115584,7/8/2023,12,7,PUBLIX #1500113888,DSD,TX,US,Northpoint Combo,115584DT COKE,SCL Finished Goods: Bev,Aluminum Can
500113888,116366,7/1/2023,14,77,PUBLIX #1500113888,DSD,TX,US,Northpoint Combo,116366 DAS,SCL Finished Goods: Bev,Plastic Bottle - Other
500113888,116366,7/8/2023,14,77,PUBLIX #1500113888,DSD,TX,US,Northpoint Combo,116366 DAS,SCL Finished Goods: Bev,Plastic Bottle - Other
500113888,116366,7/4/2023,14,77,PUBLIX #1500113888,DSD,TX,US,Northpoint Combo,116366 DAS,SCL Finished Goods: Bev,Plastic Bottle - Other
500113888,116366,7/11/2023,14,77,PUBLIX #1500113888,DSD,TX,US,Northpoint Combo,116366 DAS,SCL Finished Goods: Bev,Plastic Bottle - Other
500113896,116366,7/4/2023,14,77,PUBLIX #1500113896,FSV,OK,US,May Avenue,116366 DAS,SCL Finished Goods: Bev,Plastic Bottle - Other
500113896,116366,7/8/2023,14,77,PUBLIX #1500113896,FSV,OK,US,May Avenue,116366 DAS,SCL Finished Goods: Bev,Plastic Bottle - Other
500113896,116366,7/22/2023,14,77,PUBLIX #1500113896,FSV,OK,US,May Avenue,116366 DAS,SCL Finished Goods: Bev,Plastic Bottle - Other
500113923,134926,7/31/2023,14,25,CIRCLE K 500113923,FSV,TX,US,Corpus Christi,134926TS JAV MON MN BN,SCL Finished Goods: Bev,Aluminum Can
500114036,116366,7/14/2023,14,77,PUBLIX #1500114036,FSV,OK,US,May Avenue,116366 DAS,SCL Finished Goods: Bev,Plastic Bottle - Other
500114036,116366,7/25/2023,14,77,PUBLIX #1500114036,FSV,OK,US,May Avenue,116366 DAS,SCL Finished Goods: Bev,Plastic Bottle - Other
500114036,116366,7/11/2023,14,77,PUBLIX #1500114036,FSV,OK,US,May Avenue,116366 DAS,SCL Finished Goods: Bev,Plastic Bottle - Other
500114347,116366,7/4/2023,14,77,PUBLIX #1500114347,Ecom,BC,US,Calgary,116366 DAS,SCL Finished Goods: Bev,Plastic Bottle - Other
500114410,116366,7/4/2023,14,77,PUBLIX #1500114410,Ecom,FL,US,Ft. Pierce,116366 DAS,SCL Finished Goods: Bev,Plastic Bottle - Other
500114353,116366,7/1/2023,14,76,SUPER TAR500114353,Ecom,OK,US,May Avenue,116366 DAS,SCL Finished Goods: Bev,Plastic Bottle - Other
500114410,116366,7/1/2023,14,77,PUBLIX #1500114410,Ecom,FL,US,Ft. Pierce,116366 DAS,SCL Finished Goods: Bev,Plastic Bottle - Other
500114410,116366,7/1/2023,22,5,PUBLIX #1500114410,Ecom,FL,US,Ft. Pierce,116366 DAS,SCL Finished Goods: Bev,Plastic Bottle - Other
500114159,115583,7/31/2023,12,7,WALMART #500114159,FSV,NJ,US,South Brunswick,115583COKE,SCL Finished Goods: Bev,Aluminum Can
500114159,115586,7/31/2023,24,14,WALMART #500114159,FSV,NJ,US,South Brunswick,115586SPRITE,SCL Finished Goods: Bev,Aluminum Can
500114201,115585,7/6/2023,12,7,WALMART #500114201,DSD,BC,US,Calgary,115585CF DT COKE,SCL Finished Goods: Bev,Aluminum Can
500114201,115585,7/15/2023,12,7,WALMART #500114201,DSD,BC,US,Calgary,115585CF DT COKE,SCL Finished Goods: Bev,Aluminum Can
500114201,115585,7/13/2023,12,7,WALMART #500114201,DSD,BC,US,Calgary,115585CF DT COKE,SCL Finished Goods: Bev,Aluminum Can
500114201,115586,7/15/2023,36,21,WALMART #500114201,DSD,BC,US,Calgary,115586SPRITE,SCL Finished Goods: Bev,Aluminum Can
500114201,116309,7/15/2023,12,5,WALMART #500114201,DSD,BC,US,Calgary,116309PIBB XTRA,SCL Finished Goods: Bev,Aluminum Can
500114361,116366,6/30/2023,14,77,PUBLIX #1500114361,Ecom,NJ,US,South Brunswick,116366 DAS,SCL Finished Goods: Bev,Plastic Bottle - Other
500114096,116366,6/29/2023,16,88,PUBLIX #1500114096,Ecom,NJ,US,South Brunswick,116366 DAS,SCL Finished Goods: Bev,Plastic Bottle - Other
500114242,116366,6/29/2023,14,77,PUBLIX #1500114242,Ecom,BC,US,Prince George,116366 DAS,SCL Finished Goods: Bev,Plastic Bottle - Other
500114353,116366,6/29/2023,14,76,SUPER TAR500114353,Ecom,OK,US,May Avenue,116366 DAS,SCL Finished Goods: Bev,Plastic Bottle - Other
500114245,116366,7/7/2023,16,87,TARGET #2500114245,DSD,AZ,US,Glendale,116366 DAS,SCL Finished Goods: Bev,Plastic Bottle - Other
500114245,116366,7/14/2023,16,87,TARGET #2500114245,DSD,AZ,US,Glendale,116366 DAS,SCL Finished Goods: Bev,Plastic Bottle - Other
500114245,116366,7/4/2023,16,87,TARGET #2500114245,DSD,AZ,US,Glendale,116366 DAS,SCL Finished Goods: Bev,Plastic Bottle - Other
500114245,116366,7/21/2023,16,87,TARGET #2500114245,DSD,AZ,US,Glendale,116366 DAS,SCL Finished Goods: Bev,Plastic Bottle - Other
500114410,116366,6/29/2023,14,77,PUBLIX #1500114410,Ecom,FL,US,Ft. Pierce,116366 DAS,SCL Finished Goods: Bev,Plastic Bottle - Other
500114296,116366,7/20/2023,16,84,DOLLAR GE500114296,DSD,AZ,US,Glendale,116366 DAS,SCL Finished Goods: Bev,Plastic Bottle - Other
500114338,115583,7/4/2023,12,7,PUBLIX #1500114338,DSD,BC,US,Prince George,115583COKE,SCL Finished Goods: Bev,Aluminum Can
500114338,115586,7/19/2023,12,7,PUBLIX #1500114338,DSD,BC,US,Prince George,115586SPRITE,SCL Finished Goods: Bev,Aluminum Can
500114338,116366,7/6/2023,14,77,PUBLIX #1500114338,DSD,BC,US,Prince George,116366 DAS,SCL Finished Goods: Bev,Plastic Bottle - Other
500114338,116366,7/1/2023,14,77,PUBLIX #1500114338,DSD,BC,US,Prince George,116366 DAS,SCL Finished Goods: Bev,Plastic Bottle - Other
500114338,116366,7/15/2023,14,77,PUBLIX #1500114338,DSD,BC,US,Prince George,116366 DAS,SCL Finished Goods: Bev,Plastic Bottle - Other
500114338,116366,7/8/2023,14,77,PUBLIX #1500114338,DSD,BC,US,Prince George,116366 DAS,SCL Finished Goods: Bev,Plastic Bottle - Other
500114338,116366,7/4/2023,14,77,PUBLIX #1500114338,DSD,BC,US,Prince George,116366 DAS,SCL Finished Goods: Bev,Plastic Bottle - Other
500114338,116366,7/29/2023,14,77,PUBLIX #1500114338,DSD,BC,US,Prince George,116366 DAS,SCL Finished Goods: Bev,Plastic Bottle - Other
500114361,155361,6/28/2023,12,7,PUBLIX #1500114361,Ecom,NJ,US,South Brunswick,1553616P HC FRESCA,SCL Finished Goods: Bev,Aluminum Can - Sleek
500114096,116366,6/27/2023,16,88,PUBLIX #1500114096,Ecom,NJ,US,South Brunswick,116366 DAS,SCL Finished Goods: Bev,Plastic Bottle - Other
500114242,116366,6/27/2023,14,77,PUBLIX #1500114242,Ecom,BC,US,Prince George,116366 DAS,SCL Finished Goods: Bev,Plastic Bottle - Other
500114410,116366,6/27/2023,14,77,PUBLIX #1500114410,Ecom,FL,US,Ft. Pierce,116366 DAS,SCL Finished Goods: Bev,Plastic Bottle - Other
500114096,115583,6/24/2023,12,7,PUBLIX #1500114096,Ecom,NJ,US,South Brunswick,115583COKE,SCL Finished Goods: Bev,Aluminum Can
500114096,116366,6/24/2023,16,88,PUBLIX #1500114096,Ecom,NJ,US,South Brunswick,116366 DAS,SCL Finished Goods: Bev,Plastic Bottle - Other
500114101,115586,6/23/2023,36,21,WALMART #500114101,Ecom,AZ,US,Glendale,115586SPRITE,SCL Finished Goods: Bev,Aluminum Can
500113766,115583,6/22/2023,12,7,WALMART #500113766,Ecom,NJ,US,South Brunswick,115583COKE,SCL Finished Goods: Bev,Aluminum Can
500114096,116366,6/22/2023,16,88,PUBLIX #1500114096,Ecom,NJ,US,South Brunswick,116366 DAS,SCL Finished Goods: Bev,Plastic Bottle - Other
500114101,115583,6/22/2023,12,7,WALMART #500114101,Ecom,AZ,US,Glendale,115583COKE,SCL Finished Goods: Bev,Aluminum Can
500114101,115584,6/22/2023,12,7,WALMART #500114101,Ecom,AZ,US,Glendale,115584DT COKE,SCL Finished Goods: Bev,Aluminum Can
500114242,116366,6/22/2023,14,77,PUBLIX #1500114242,Ecom,BC,US,Prince George,116366 DAS,SCL Finished Goods: Bev,Plastic Bottle - Other
500114096,116366,6/20/2023,16,88,PUBLIX #1500114096,Ecom,NJ,US,South Brunswick,116366 DAS,SCL Finished Goods: Bev,Plastic Bottle - Other
500114364,116366,7/4/2023,14,76,SUPER TAR500114364,DSD,TX,US,El Paso,116366 DAS,SCL Finished Goods: Bev,Plastic Bottle - Other
500114364,116366,7/14/2023,14,76,SUPER TAR500114364,DSD,TX,US,El Paso,116366 DAS,SCL Finished Goods: Bev,Plastic Bottle - Other
500114364,116366,7/21/2023,14,76,SUPER TAR500114364,DSD,TX,US,El Paso,116366 DAS,SCL Finished Goods: Bev,Plastic Bottle - Other
500114364,116366,7/25/2023,14,76,SUPER TAR500114364,DSD,TX,US,El Paso,116366 DAS,SCL Finished Goods: Bev,Plastic Bottle - Other
500114364,116366,7/28/2023,14,76,SUPER TAR500114364,DSD,TX,US,El Paso,116366 DAS,SCL Finished Goods: Bev,Plastic Bottle - Other
500114364,116366,7/11/2023,14,76,SUPER TAR500114364,DSD,TX,US,El Paso,116366 DAS,SCL Finished Goods: Bev,Plastic Bottle - Other
500114369,115584,7/4/2023,12,7,PUBLIX #1500114369,DSD,TX,US,Northpoint Combo,115584DT COKE,SCL Finished Goods: Bev,Aluminum Can
500114369,115584,7/25/2023,12,7,PUBLIX #1500114369,DSD,TX,US,Northpoint Combo,115584DT COKE,SCL Finished Goods: Bev,Aluminum Can
500114369,116366,7/6/2023,14,77,PUBLIX #1500114369,DSD,TX,US,Northpoint Combo,116366 DAS,SCL Finished Goods: Bev,Plastic Bottle - Other
500114369,116366,7/13/2023,14,77,PUBLIX #1500114369,DSD,TX,US,Northpoint Combo,116366 DAS,SCL Finished Goods: Bev,Plastic Bottle - Other
500114369,116366,7/20/2023,14,77,PUBLIX #1500114369,DSD,TX,US,Northpoint Combo,116366 DAS,SCL Finished Goods: Bev,Plastic Bottle - Other
500114369,116366,7/27/2023,14,77,PUBLIX #1500114369,DSD,TX,US,Northpoint Combo,116366 DAS,SCL Finished Goods: Bev,Plastic Bottle - Other
500114369,116366,7/8/2023,14,77,PUBLIX #1500114369,DSD,TX,US,Northpoint Combo,116366 DAS,SCL Finished Goods: Bev,Plastic Bottle - Other
500114372,116366,7/28/2023,14,76,SUPER TAR500114372,FSV,FL,US,Spring Hill,116366 DAS,SCL Finished Goods: Bev,Plastic Bottle - Other
500114372,116366,7/25/2023,14,76,SUPER TAR500114372,FSV,FL,US,Spring Hill,116366 DAS,SCL Finished Goods: Bev,Plastic Bottle - Other
500114372,116366,7/21/2023,14,76,SUPER TAR500114372,FSV,FL,US,Spring Hill,116366 DAS,SCL Finished Goods: Bev,Plastic Bottle - Other
500114372,116366,7/7/2023,14,76,SUPER TAR500114372,FSV,FL,US,Spring Hill,116366 DAS,SCL Finished Goods: Bev,Plastic Bottle - Other
500114394,115583,7/18/2023,12,7,PUBLIX #1500114394,FSV,TX,US,Austin,115583COKE,SCL Finished Goods: Bev,Aluminum Can
500114394,116366,7/11/2023,14,77,PUBLIX #1500114394,FSV,TX,US,Austin,116366 DAS,SCL Finished Goods: Bev,Plastic Bottle - Other
500114394,116366,7/29/2023,14,77,PUBLIX #1500114394,FSV,TX,US,Austin,116366 DAS,SCL Finished Goods: Bev,Plastic Bottle - Other
500114394,116366,7/27/2023,14,77,PUBLIX #1500114394,FSV,TX,US,Austin,116366 DAS,SCL Finished Goods: Bev,Plastic Bottle - Other
500114394,116366,7/6/2023,14,77,PUBLIX #1500114394,FSV,TX,US,Austin,116366 DAS,SCL Finished Goods: Bev,Plastic Bottle - Other
500114394,116366,7/15/2023,14,77,PUBLIX #1500114394,FSV,TX,US,Austin,116366 DAS,SCL Finished Goods: Bev,Plastic Bottle - Other
500114394,116366,7/4/2023,14,77,PUBLIX #1500114394,FSV,TX,US,Austin,116366 DAS,SCL Finished Goods: Bev,Plastic Bottle - Other
500114242,116366,6/20/2023,14,77,PUBLIX #1500114242,Ecom,BC,US,Prince George,116366 DAS,SCL Finished Goods: Bev,Plastic Bottle - Other
500113766,115584,6/15/2023,12,7,WALMART #500113766,Ecom,NJ,US,South Brunswick,115584DT COKE,SCL Finished Goods: Bev,Aluminum Can
500114353,116366,6/13/2023,14,76,SUPER TAR500114353,Ecom,OK,US,May Avenue,116366 DAS,SCL Finished Goods: Bev,Plastic Bottle - Other
500114263,116366,6/12/2023,14,76,SUPER TAR500114263,Ecom,TX,US,Northpoint Combo,116366 DAS,SCL Finished Goods: Bev,Plastic Bottle - Other
500114242,116366,6/10/2023,14,77,PUBLIX #1500114242,Ecom,BC,US,Prince George,116366 DAS,SCL Finished Goods: Bev,Plastic Bottle - Other
500114353,116366,6/6/2023,14,76,SUPER TAR500114353,Ecom,OK,US,May Avenue,116366 DAS,SCL Finished Goods: Bev,Plastic Bottle - Other
500114096,116366,6/3/2023,16,88,PUBLIX #1500114096,Ecom,NJ,US,South Brunswick,116366 DAS,SCL Finished Goods: Bev,Plastic Bottle - Other
500113696,116366,7/4/2023,14,77,PUBLIX #1500113696,DSD,BC,US,Calgary,116366 DAS,SCL Finished Goods: Bev,Plastic Bottle - Other
500113696,116366,6/30/2023,14,77,PUBLIX #1500113696,DSD,BC,US,Calgary,116366 DAS,SCL Finished Goods: Bev,Plastic Bottle - Other
500113696,116366,6/29/2023,14,77,PUBLIX #1500113696,DSD,BC,US,Calgary,116366 DAS,SCL Finished Goods: Bev,Plastic Bottle - Other
500113696,116366,6/24/2023,14,77,PUBLIX #1500113696,DSD,BC,US,Calgary,116366 DAS,SCL Finished Goods: Bev,Plastic Bottle - Other
500113696,116366,6/23/2023,14,77,PUBLIX #1500113696,DSD,BC,US,Calgary,116366 DAS,SCL Finished Goods: Bev,Plastic Bottle - Other
500113696,116366,6/15/2023,14,77,PUBLIX #1500113696,DSD,BC,US,Calgary,116366 DAS,SCL Finished Goods: Bev,Plastic Bottle - Other
500113696,116366,6/8/2023,14,77,PUBLIX #1500113696,DSD,BC,US,Calgary,116366 DAS,SCL Finished Goods: Bev,Plastic Bottle - Other
500113719,115583,6/10/2023,12,7,WALMART #500113719,FSV,TX,US,Austin,115583COKE,SCL Finished Goods: Bev,Aluminum Can
500113719,115586,6/10/2023,12,7,WALMART #500113719,FSV,TX,US,Austin,115586SPRITE,SCL Finished Goods: Bev,Aluminum Can
500113737,116366,6/10/2023,14,77,PUBLIX #1500113737,FSV,OK,US,May Avenue,116366 DAS,SCL Finished Goods: Bev,Plastic Bottle - Other
500113737,116366,6/20/2023,14,77,PUBLIX #1500113737,FSV,OK,US,May Avenue,116366 DAS,SCL Finished Goods: Bev,Plastic Bottle - Other
500113737,116366,6/27/2023,14,77,PUBLIX #1500113737,FSV,OK,US,May Avenue,116366 DAS,SCL Finished Goods: Bev,Plastic Bottle - Other
500113737,116366,6/5/2023,14,77,PUBLIX #1500113737,FSV,OK,US,May Avenue,116366 DAS,SCL Finished Goods: Bev,Plastic Bottle - Other
500114353,116366,6/3/2023,14,76,SUPER TAR500114353,Ecom,OK,US,May Avenue,116366 DAS,SCL Finished Goods: Bev,Plastic Bottle - Other
500114410,116366,6/3/2023,14,77,PUBLIX #1500114410,Ecom,FL,US,Ft. Pierce,116366 DAS,SCL Finished Goods: Bev,Plastic Bottle - Other
500113874,116366,6/8/2023,14,76,SUPER TAR500113874,DSD,TX,US,Corpus Christi,116366 DAS,SCL Finished Goods: Bev,Plastic Bottle - Other
500113874,116366,6/3/2023,14,76,SUPER TAR500113874,DSD,TX,US,Corpus Christi,116366 DAS,SCL Finished Goods: Bev,Plastic Bottle - Other
500113874,116366,6/9/2023,14,76,SUPER TAR500113874,DSD,TX,US,Corpus Christi,116366 DAS,SCL Finished Goods: Bev,Plastic Bottle - Other
500113874,116366,6/16/2023,14,76,SUPER TAR500113874,DSD,TX,US,Corpus Christi,116366 DAS,SCL Finished Goods: Bev,Plastic Bottle - Other
500113874,116366,6/1/2023,14,76,SUPER TAR500113874,DSD,TX,US,Corpus Christi,116366 DAS,SCL Finished Goods: Bev,Plastic Bottle - Other
500113874,116366,6/23/2023,14,76,SUPER TAR500113874,DSD,TX,US,Corpus Christi,116366 DAS,SCL Finished Goods: Bev,Plastic Bottle - Other
500113874,116366,6/6/2023,14,76,SUPER TAR500113874,DSD,TX,US,Corpus Christi,116366 DAS,SCL Finished Goods: Bev,Plastic Bottle - Other
500113874,116366,6/15/2023,14,76,SUPER TAR500113874,DSD,TX,US,Corpus Christi,116366 DAS,SCL Finished Goods: Bev,Plastic Bottle - Other
500113888,115586,6/13/2023,12,7,PUBLIX #1500113888,DSD,TX,US,Northpoint Combo,115586SPRITE,SCL Finished Goods: Bev,Aluminum Can
500113888,116366,6/13/2023,14,77,PUBLIX #1500113888,DSD,TX,US,Northpoint Combo,116366 DAS,SCL Finished Goods: Bev,Plastic Bottle - Other
500113888,116366,6/3/2023,14,77,PUBLIX #1500113888,DSD,TX,US,Northpoint Combo,116366 DAS,SCL Finished Goods: Bev,Plastic Bottle - Other
500113888,116366,6/22/2023,14,77,PUBLIX #1500113888,DSD,TX,US,Northpoint Combo,116366 DAS,SCL Finished Goods: Bev,Plastic Bottle - Other
500113888,116366,6/15/2023,14,77,PUBLIX #1500113888,DSD,TX,US,Northpoint Combo,116366 DAS,SCL Finished Goods: Bev,Plastic Bottle - Other
500113888,116366,6/1/2023,14,77,PUBLIX #1500113888,DSD,TX,US,Northpoint Combo,116366 DAS,SCL Finished Goods: Bev,Plastic Bottle - Other
500113896,116366,6/20/2023,14,77,PUBLIX #1500113896,FSV,OK,US,May Avenue,116366 DAS,SCL Finished Goods: Bev,Plastic Bottle - Other
500113896,116366,6/8/2023,14,77,PUBLIX #1500113896,FSV,OK,US,May Avenue,116366 DAS,SCL Finished Goods: Bev,Plastic Bottle - Other
500113896,116366,6/24/2023,14,77,PUBLIX #1500113896,FSV,OK,US,May Avenue,116366 DAS,SCL Finished Goods: Bev,Plastic Bottle - Other
500113896,116366,6/29/2023,14,77,PUBLIX #1500113896,FSV,OK,US,May Avenue,116366 DAS,SCL Finished Goods: Bev,Plastic Bottle - Other
500113919,115584,6/5/2023,12,6,CIRCLE K 500113919,FSV,NJ,US,South Brunswick,115584DT COKE,SCL Finished Goods: Bev,Aluminum Can
500113924,144089,6/22/2023,12,10,CIRCLE K 500113924,DSD,AZ,US,Glendale,144089TS SPRITE,SCL Finished Goods: Bev,Aluminum Can
500113930,156188,6/19/2023,12,27,CIRCLE K 500113930,FSV,TX,US,Northpoint Combo,156188COR PWR PRTN SBRY BAN26G,SCL Finished Goods: Bev,Plastic Bottle - Other
500113930,411040,6/19/2023,34,29,CIRCLE K 500113930,FSV,TX,US,Northpoint Combo,411040TS MM AGS FRSCS SBRY,SCL Finished Goods: Bev,Aluminum Can
500113930,411201,6/19/2023,17,14,CIRCLE K 500113930,FSV,TX,US,Northpoint Combo,411201TS MM AGS FRSCS MNG,SCL Finished Goods: Bev,Aluminum Can
500113934,411201,6/13/2023,12,10,CIRCLE K 500113934,DSD,TX,US,Corpus Christi,411201TS MM AGS FRSCS MNG,SCL Finished Goods: Bev,Aluminum Can
500114036,116366,6/27/2023,14,77,PUBLIX #1500114036,FSV,OK,US,May Avenue,116366 DAS,SCL Finished Goods: Bev,Plastic Bottle - Other
500114055,115583,6/10/2023,12,7,WALMART #500114055,DSD,NJ,US,South Brunswick,115583COKE,SCL Finished Goods: Bev,Aluminum Can
500114347,116366,6/1/2023,14,77,PUBLIX #1500114347,Ecom,BC,US,Calgary,116366 DAS,SCL Finished Goods: Bev,Plastic Bottle - Other
500114353,116366,6/1/2023,14,76,SUPER TAR500114353,Ecom,OK,US,May Avenue,116366 DAS,SCL Finished Goods: Bev,Plastic Bottle - Other
500114488,116366,5/31/2023,14,77,PUBLIX #1500114488,Ecom,FL,US,Jacksonville,116366 DAS,SCL Finished Goods: Bev,Plastic Bottle - Other
500114559,116366,5/31/2023,14,76,TARGET #2500114559,Ecom,NJ,US,South Brunswick,116366 DAS,SCL Finished Goods: Bev,Plastic Bottle - Other
500114347,116366,5/30/2023,14,77,PUBLIX #1500114347,Ecom,BC,US,Calgary,116366 DAS,SCL Finished Goods: Bev,Plastic Bottle - Other
500114096,116366,5/30/2023,16,88,PUBLIX #1500114096,Ecom,NJ,US,South Brunswick,116366 DAS,SCL Finished Goods: Bev,Plastic Bottle - Other
500114242,116366,5/30/2023,14,77,PUBLIX #1500114242,Ecom,BC,US,Prince George,116366 DAS,SCL Finished Goods: Bev,Plastic Bottle - Other
500114353,116366,5/30/2023,14,76,SUPER TAR500114353,Ecom,OK,US,May Avenue,116366 DAS,SCL Finished Goods: Bev,Plastic Bottle - Other
500114361,116366,5/29/2023,14,77,PUBLIX #1500114361,Ecom,NJ,US,South Brunswick,116366 DAS,SCL Finished Goods: Bev,Plastic Bottle - Other
500114488,116366,5/29/2023,14,77,PUBLIX #1500114488,Ecom,FL,US,Jacksonville,116366 DAS,SCL Finished Goods: Bev,Plastic Bottle - Other
500114159,115583,6/10/2023,12,7,WALMART #500114159,FSV,NJ,US,South Brunswick,115583COKE,SCL Finished Goods: Bev,Aluminum Can
500114347,116366,5/27/2023,14,77,PUBLIX #1500114347,Ecom,BC,US,Calgary,116366 DAS,SCL Finished Goods: Bev,Plastic Bottle - Other
500114096,116366,5/27/2023,16,88,PUBLIX #1500114096,Ecom,NJ,US,South Brunswick,116366 DAS,SCL Finished Goods: Bev,Plastic Bottle - Other
500114353,116366,5/27/2023,14,76,SUPER TAR500114353,Ecom,OK,US,May Avenue,116366 DAS,SCL Finished Goods: Bev,Plastic Bottle - Other
500114488,116366,5/26/2023,14,77,PUBLIX #1500114488,Ecom,FL,US,Jacksonville,116366 DAS,SCL Finished Goods: Bev,Plastic Bottle - Other
500114559,116366,5/26/2023,14,76,TARGET #2500114559,Ecom,NJ,US,South Brunswick,116366 DAS,SCL Finished Goods: Bev,Plastic Bottle - Other
500114245,116366,6/2/2023,16,87,TARGET #2500114245,DSD,AZ,US,Glendale,116366 DAS,SCL Finished Goods: Bev,Plastic Bottle - Other
500114245,116366,6/9/2023,16,87,TARGET #2500114245,DSD,AZ,US,Glendale,116366 DAS,SCL Finished Goods: Bev,Plastic Bottle - Other
500114245,116366,6/30/2023,16,87,TARGET #2500114245,DSD,AZ,US,Glendale,116366 DAS,SCL Finished Goods: Bev,Plastic Bottle - Other
500114245,116366,6/23/2023,16,87,TARGET #2500114245,DSD,AZ,US,Glendale,116366 DAS,SCL Finished Goods: Bev,Plastic Bottle - Other
500114245,116366,6/13/2023,16,87,TARGET #2500114245,DSD,AZ,US,Glendale,116366 DAS,SCL Finished Goods: Bev,Plastic Bottle - Other
500114096,116366,5/25/2023,16,88,PUBLIX #1500114096,Ecom,NJ,US,South Brunswick,116366 DAS,SCL Finished Goods: Bev,Plastic Bottle - Other
500114296,116366,6/23/2023,16,84,DOLLAR GE500114296,DSD,AZ,US,Glendale,116366 DAS,SCL Finished Goods: Bev,Plastic Bottle - Other
500114296,116366,6/17/2023,16,84,DOLLAR GE500114296,DSD,AZ,US,Glendale,116366 DAS,SCL Finished Goods: Bev,Plastic Bottle - Other
500114338,116366,6/20/2023,14,77,PUBLIX #1500114338,DSD,BC,US,Prince George,116366 DAS,SCL Finished Goods: Bev,Plastic Bottle - Other
500114338,116366,6/29/2023,14,77,PUBLIX #1500114338,DSD,BC,US,Prince George,116366 DAS,SCL Finished Goods: Bev,Plastic Bottle - Other
500114338,116366,6/1/2023,14,77,PUBLIX #1500114338,DSD,BC,US,Prince George,116366 DAS,SCL Finished Goods: Bev,Plastic Bottle - Other
500114338,116366,6/3/2023,14,77,PUBLIX #1500114338,DSD,BC,US,Prince George,116366 DAS,SCL Finished Goods: Bev,Plastic Bottle - Other
500114338,116366,6/22/2023,14,77,PUBLIX #1500114338,DSD,BC,US,Prince George,116366 DAS,SCL Finished Goods: Bev,Plastic Bottle - Other
500114338,116366,6/24/2023,14,77,PUBLIX #1500114338,DSD,BC,US,Prince George,116366 DAS,SCL Finished Goods: Bev,Plastic Bottle - Other
500114338,116366,6/15/2023,14,77,PUBLIX #1500114338,DSD,BC,US,Prince George,116366 DAS,SCL Finished Goods: Bev,Plastic Bottle - Other
500114338,116366,6/27/2023,14,77,PUBLIX #1500114338,DSD,BC,US,Prince George,116366 DAS,SCL Finished Goods: Bev,Plastic Bottle - Other
500114338,116366,6/13/2023,14,77,PUBLIX #1500114338,DSD,BC,US,Prince George,116366 DAS,SCL Finished Goods: Bev,Plastic Bottle - Other
500114338,133766,6/20/2023,16,14,PUBLIX #1500114338,DSD,BC,US,Prince George,133766 SPRITE,SCL Finished Goods: Bev,Plastic Bottle - Dimple
500114242,116366,5/25/2023,14,77,PUBLIX #1500114242,Ecom,BC,US,Prince George,116366 DAS,SCL Finished Goods: Bev,Plastic Bottle - Other
500114353,116366,5/25/2023,14,76,SUPER TAR500114353,Ecom,OK,US,May Avenue,116366 DAS,SCL Finished Goods: Bev,Plastic Bottle - Other
500114454,116366,5/24/2023,14,77,PUBLIX #1500114454,Ecom,FL,US,Ft. Pierce,116366 DAS,SCL Finished Goods: Bev,Plastic Bottle - Other
500114488,116366,5/24/2023,14,77,PUBLIX #1500114488,Ecom,FL,US,Jacksonville,116366 DAS,SCL Finished Goods: Bev,Plastic Bottle - Other
500114559,116366,5/24/2023,14,76,TARGET #2500114559,Ecom,NJ,US,South Brunswick,116366 DAS,SCL Finished Goods: Bev,Plastic Bottle - Other
500114242,116366,5/23/2023,14,77,PUBLIX #1500114242,Ecom,BC,US,Prince George,116366 DAS,SCL Finished Goods: Bev,Plastic Bottle - Other
500114353,116366,5/23/2023,14,76,SUPER TAR500114353,Ecom,OK,US,May Avenue,116366 DAS,SCL Finished Goods: Bev,Plastic Bottle - Other
500114410,116366,5/23/2023,14,77,PUBLIX #1500114410,Ecom,FL,US,Ft. Pierce,116366 DAS,SCL Finished Goods: Bev,Plastic Bottle - Other
500114364,116366,6/9/2023,14,76,SUPER TAR500114364,DSD,TX,US,El Paso,116366 DAS,SCL Finished Goods: Bev,Plastic Bottle - Other
500114364,116366,6/23/2023,14,76,SUPER TAR500114364,DSD,TX,US,El Paso,116366 DAS,SCL Finished Goods: Bev,Plastic Bottle - Other
500114364,116366,6/30/2023,14,76,SUPER TAR500114364,DSD,TX,US,El Paso,116366 DAS,SCL Finished Goods: Bev,Plastic Bottle - Other
500114364,116366,6/20/2023,14,76,SUPER TAR500114364,DSD,TX,US,El Paso,116366 DAS,SCL Finished Goods: Bev,Plastic Bottle - Other
500114364,116366,6/2/2023,14,76,SUPER TAR500114364,DSD,TX,US,El Paso,116366 DAS,SCL Finished Goods: Bev,Plastic Bottle - Other
500114364,116366,6/27/2023,14,76,SUPER TAR500114364,DSD,TX,US,El Paso,116366 DAS,SCL Finished Goods: Bev,Plastic Bottle - Other
500114364,116366,6/6/2023,14,76,SUPER TAR500114364,DSD,TX,US,El Paso,116366 DAS,SCL Finished Goods: Bev,Plastic Bottle - Other
500114369,115586,6/22/2023,12,7,PUBLIX #1500114369,DSD,TX,US,Northpoint Combo,115586SPRITE,SCL Finished Goods: Bev,Aluminum Can
500114369,116366,6/1/2023,14,77,PUBLIX #1500114369,DSD,TX,US,Northpoint Combo,116366 DAS,SCL Finished Goods: Bev,Plastic Bottle - Other
500114369,116366,6/27/2023,14,77,PUBLIX #1500114369,DSD,TX,US,Northpoint Combo,116366 DAS,SCL Finished Goods: Bev,Plastic Bottle - Other
500114369,116366,6/13/2023,14,77,PUBLIX #1500114369,DSD,TX,US,Northpoint Combo,116366 DAS,SCL Finished Goods: Bev,Plastic Bottle - Other
500114372,116366,6/23/2023,14,76,SUPER TAR500114372,FSV,FL,US,Spring Hill,116366 DAS,SCL Finished Goods: Bev,Plastic Bottle - Other
500114372,116366,6/16/2023,14,76,SUPER TAR500114372,FSV,FL,US,Spring Hill,116366 DAS,SCL Finished Goods: Bev,Plastic Bottle - Other
500114372,116366,6/9/2023,14,76,SUPER TAR500114372,FSV,FL,US,Spring Hill,116366 DAS,SCL Finished Goods: Bev,Plastic Bottle - Other
500114372,116366,6/20/2023,14,76,SUPER TAR500114372,FSV,FL,US,Spring Hill,116366 DAS,SCL Finished Goods: Bev,Plastic Bottle - Other
500114372,116366,6/2/2023,14,76,SUPER TAR500114372,FSV,FL,US,Spring Hill,116366 DAS,SCL Finished Goods: Bev,Plastic Bottle - Other
500114372,116366,6/6/2023,14,76,SUPER TAR500114372,FSV,FL,US,Spring Hill,116366 DAS,SCL Finished Goods: Bev,Plastic Bottle - Other
500114394,116366,6/1/2023,14,77,PUBLIX #1500114394,FSV,TX,US,Austin,116366 DAS,SCL Finished Goods: Bev,Plastic Bottle - Other
500114394,116366,6/29/2023,14,77,PUBLIX #1500114394,FSV,TX,US,Austin,116366 DAS,SCL Finished Goods: Bev,Plastic Bottle - Other
500114394,116366,6/3/2023,14,77,PUBLIX #1500114394,FSV,TX,US,Austin,116366 DAS,SCL Finished Goods: Bev,Plastic Bottle - Other
500114454,116366,5/22/2023,14,77,PUBLIX #1500114454,Ecom,FL,US,Ft. Pierce,116366 DAS,SCL Finished Goods: Bev,Plastic Bottle - Other
500114559,116366,5/22/2023,14,76,TARGET #2500114559,Ecom,NJ,US,South Brunswick,116366 DAS,SCL Finished Goods: Bev,Plastic Bottle - Other
500114242,116366,5/20/2023,14,77,PUBLIX #1500114242,Ecom,BC,US,Prince George,116366 DAS,SCL Finished Goods: Bev,Plastic Bottle - Other
500113696,116366,6/1/2023,14,77,PUBLIX #1500113696,DSD,BC,US,Calgary,116366 DAS,SCL Finished Goods: Bev,Plastic Bottle - Other
500113696,115584,5/26/2023,12,7,PUBLIX #1500113696,DSD,BC,US,Calgary,115584DT COKE,SCL Finished Goods: Bev,Aluminum Can
500113696,116366,5/25/2023,14,77,PUBLIX #1500113696,DSD,BC,US,Calgary,116366 DAS,SCL Finished Goods: Bev,Plastic Bottle - Other
500113696,116366,5/20/2023,14,77,PUBLIX #1500113696,DSD,BC,US,Calgary,116366 DAS,SCL Finished Goods: Bev,Plastic Bottle - Other
500114353,116366,5/20/2023,14,76,SUPER TAR500114353,Ecom,OK,US,May Avenue,116366 DAS,SCL Finished Goods: Bev,Plastic Bottle - Other
500114410,116366,5/20/2023,14,77,PUBLIX #1500114410,Ecom,FL,US,Ft. Pierce,116366 DAS,SCL Finished Goods: Bev,Plastic Bottle - Other
500113719,115583,3/27/2023,12,7,WALMART #500113719,FSV,TX,US,Austin,115583COKE,SCL Finished Goods: Bev,Aluminum Can
500113737,115583,3/16/2023,12,7,PUBLIX #1500113737,FSV,OK,US,May Avenue,115583COKE,SCL Finished Goods: Bev,Aluminum Can
500113737,116366,3/30/2023,14,77,PUBLIX #1500113737,FSV,OK,US,May Avenue,116366 DAS,SCL Finished Goods: Bev,Plastic Bottle - Other
500113737,116366,3/4/2023,14,77,PUBLIX #1500113737,FSV,OK,US,May Avenue,116366 DAS,SCL Finished Goods: Bev,Plastic Bottle - Other
500113737,116366,3/2/2023,14,77,PUBLIX #1500113737,FSV,OK,US,May Avenue,116366 DAS,SCL Finished Goods: Bev,Plastic Bottle - Other
500114488,116366,5/19/2023,14,77,PUBLIX #1500114488,Ecom,FL,US,Jacksonville,116366 DAS,SCL Finished Goods: Bev,Plastic Bottle - Other
500114559,116366,5/19/2023,14,76,TARGET #2500114559,Ecom,NJ,US,South Brunswick,116366 DAS,SCL Finished Goods: Bev,Plastic Bottle - Other
500113888,116366,3/25/2023,14,77,PUBLIX #1500113888,DSD,TX,US,Northpoint Combo,116366 DAS,SCL Finished Goods: Bev,Plastic Bottle - Other
500113888,116366,3/4/2023,14,77,PUBLIX #1500113888,DSD,TX,US,Northpoint Combo,116366 DAS,SCL Finished Goods: Bev,Plastic Bottle - Other
500113896,116366,3/4/2023,14,77,PUBLIX #1500113896,FSV,OK,US,May Avenue,116366 DAS,SCL Finished Goods: Bev,Plastic Bottle - Other
500113896,116366,3/14/2023,14,77,PUBLIX #1500113896,FSV,OK,US,May Avenue,116366 DAS,SCL Finished Goods: Bev,Plastic Bottle - Other
500114096,116366,5/18/2023,16,88,PUBLIX #1500114096,Ecom,NJ,US,South Brunswick,116366 DAS,SCL Finished Goods: Bev,Plastic Bottle - Other
500114353,116366,5/18/2023,14,76,SUPER TAR500114353,Ecom,OK,US,May Avenue,116366 DAS,SCL Finished Goods: Bev,Plastic Bottle - Other
500114361,116366,5/17/2023,14,77,PUBLIX #1500114361,Ecom,NJ,US,South Brunswick,116366 DAS,SCL Finished Goods: Bev,Plastic Bottle - Other
500114559,116366,5/17/2023,14,76,TARGET #2500114559,Ecom,NJ,US,South Brunswick,116366 DAS,SCL Finished Goods: Bev,Plastic Bottle - Other
500114347,116366,5/16/2023,14,77,PUBLIX #1500114347,Ecom,BC,US,Calgary,116366 DAS,SCL Finished Goods: Bev,Plastic Bottle - Other
500114353,116366,5/16/2023,14,76,SUPER TAR500114353,Ecom,OK,US,May Avenue,116366 DAS,SCL Finished Goods: Bev,Plastic Bottle - Other
500114410,116366,5/16/2023,14,77,PUBLIX #1500114410,Ecom,FL,US,Ft. Pierce,116366 DAS,SCL Finished Goods: Bev,Plastic Bottle - Other
500114488,116366,5/15/2023,14,77,PUBLIX #1500114488,Ecom,FL,US,Jacksonville,116366 DAS,SCL Finished Goods: Bev,Plastic Bottle - Other
500114245,116366,3/7/2023,12,65,TARGET #2500114245,DSD,AZ,US,Glendale,116366 DAS,SCL Finished Goods: Bev,Plastic Bottle - Other
500114245,116366,3/3/2023,16,87,TARGET #2500114245,DSD,AZ,US,Glendale,116366 DAS,SCL Finished Goods: Bev,Plastic Bottle - Other
500114245,116366,3/31/2023,16,87,TARGET #2500114245,DSD,AZ,US,Glendale,116366 DAS,SCL Finished Goods: Bev,Plastic Bottle - Other
500114273,115583,3/18/2023,12,6,FAMILY DO500114273,DSD,FL,US,Tampa,115583COKE,SCL Finished Goods: Bev,Aluminum Can
500114096,116366,5/13/2023,14,77,PUBLIX #1500114096,Ecom,NJ,US,South Brunswick,116366 DAS,SCL Finished Goods: Bev,Plastic Bottle - Other
500114296,116366,3/13/2023,16,84,DOLLAR GE500114296,DSD,AZ,US,Glendale,116366 DAS,SCL Finished Goods: Bev,Plastic Bottle - Other
500114296,116366,3/27/2023,16,84,DOLLAR GE500114296,DSD,AZ,US,Glendale,116366 DAS,SCL Finished Goods: Bev,Plastic Bottle - Other
500114296,116366,3/20/2023,16,84,DOLLAR GE500114296,DSD,AZ,US,Glendale,116366 DAS,SCL Finished Goods: Bev,Plastic Bottle - Other
500114338,115583,3/11/2023,12,7,PUBLIX #1500114338,DSD,BC,US,Prince George,115583COKE,SCL Finished Goods: Bev,Aluminum Can
500114338,115584,3/11/2023,36,21,PUBLIX #1500114338,DSD,BC,US,Prince George,115584DT COKE,SCL Finished Goods: Bev,Aluminum Can
500114338,115585,3/11/2023,12,7,PUBLIX #1500114338,DSD,BC,US,Prince George,115585CF DT COKE,SCL Finished Goods: Bev,Aluminum Can
500114338,115586,3/11/2023,12,7,PUBLIX #1500114338,DSD,BC,US,Prince George,115586SPRITE,SCL Finished Goods: Bev,Aluminum Can
500114338,116366,3/14/2023,14,77,PUBLIX #1500114338,DSD,BC,US,Prince George,116366 DAS,SCL Finished Goods: Bev,Plastic Bottle - Other
500114338,116366,3/4/2023,14,77,PUBLIX #1500114338,DSD,BC,US,Prince George,116366 DAS,SCL Finished Goods: Bev,Plastic Bottle - Other
500114338,116366,3/2/2023,14,77,PUBLIX #1500114338,DSD,BC,US,Prince George,116366 DAS,SCL Finished Goods: Bev,Plastic Bottle - Other
500114338,116366,3/23/2023,14,77,PUBLIX #1500114338,DSD,BC,US,Prince George,116366 DAS,SCL Finished Goods: Bev,Plastic Bottle - Other
500114242,116366,5/13/2023,14,77,PUBLIX #1500114242,Ecom,BC,US,Prince George,116366 DAS,SCL Finished Goods: Bev,Plastic Bottle - Other
500114353,116366,5/13/2023,14,76,SUPER TAR500114353,Ecom,OK,US,May Avenue,116366 DAS,SCL Finished Goods: Bev,Plastic Bottle - Other
500114488,116366,5/12/2023,14,77,PUBLIX #1500114488,Ecom,FL,US,Jacksonville,116366 DAS,SCL Finished Goods: Bev,Plastic Bottle - Other
500114559,116366,5/12/2023,14,76,TARGET #2500114559,Ecom,NJ,US,South Brunswick,116366 DAS,SCL Finished Goods: Bev,Plastic Bottle - Other
500114096,116366,5/11/2023,14,77,PUBLIX #1500114096,Ecom,NJ,US,South Brunswick,116366 DAS,SCL Finished Goods: Bev,Plastic Bottle - Other
500114242,116366,5/11/2023,14,77,PUBLIX #1500114242,Ecom,BC,US,Prince George,116366 DAS,SCL Finished Goods: Bev,Plastic Bottle - Other
500114290,116366,5/11/2023,12,63,DOLLAR GE500114290,Ecom,FL,US,Spring Hill,116366 DAS,SCL Finished Goods: Bev,Plastic Bottle - Other
500114353,116366,5/11/2023,14,76,SUPER TAR500114353,Ecom,OK,US,May Avenue,116366 DAS,SCL Finished Goods: Bev,Plastic Bottle - Other
500114410,116366,5/11/2023,14,77,PUBLIX #1500114410,Ecom,FL,US,Ft. Pierce,116366 DAS,SCL Finished Goods: Bev,Plastic Bottle - Other
500114361,116366,5/10/2023,14,77,PUBLIX #1500114361,Ecom,NJ,US,South Brunswick,116366 DAS,SCL Finished Goods: Bev,Plastic Bottle - Other
500114454,116366,5/10/2023,14,77,PUBLIX #1500114454,Ecom,FL,US,Ft. Pierce,116366 DAS,SCL Finished Goods: Bev,Plastic Bottle - Other
500114559,116366,5/10/2023,14,76,TARGET #2500114559,Ecom,NJ,US,South Brunswick,116366 DAS,SCL Finished Goods: Bev,Plastic Bottle - Other
500114364,116366,3/28/2023,14,76,SUPER TAR500114364,DSD,TX,US,El Paso,116366 DAS,SCL Finished Goods: Bev,Plastic Bottle - Other
500114364,116366,3/3/2023,14,76,SUPER TAR500114364,DSD,TX,US,El Paso,116366 DAS,SCL Finished Goods: Bev,Plastic Bottle - Other
500114364,116366,3/17/2023,14,76,SUPER TAR500114364,DSD,TX,US,El Paso,116366 DAS,SCL Finished Goods: Bev,Plastic Bottle - Other
500114364,116366,3/24/2023,14,76,SUPER TAR500114364,DSD,TX,US,El Paso,116366 DAS,SCL Finished Goods: Bev,Plastic Bottle - Other
500114364,116366,3/21/2023,14,76,SUPER TAR500114364,DSD,TX,US,El Paso,116366 DAS,SCL Finished Goods: Bev,Plastic Bottle - Other
500114364,116366,3/14/2023,14,76,SUPER TAR500114364,DSD,TX,US,El Paso,116366 DAS,SCL Finished Goods: Bev,Plastic Bottle - Other
500114369,115583,3/4/2023,12,7,PUBLIX #1500114369,DSD,TX,US,Northpoint Combo,115583COKE,SCL Finished Goods: Bev,Aluminum Can
500114369,116366,3/25/2023,14,77,PUBLIX #1500114369,DSD,TX,US,Northpoint Combo,116366 DAS,SCL Finished Goods: Bev,Plastic Bottle - Other
500114369,116366,3/4/2023,14,77,PUBLIX #1500114369,DSD,TX,US,Northpoint Combo,116366 DAS,SCL Finished Goods: Bev,Plastic Bottle - Other
500114369,116366,3/23/2023,14,77,PUBLIX #1500114369,DSD,TX,US,Northpoint Combo,116366 DAS,SCL Finished Goods: Bev,Plastic Bottle - Other
500114369,116366,3/30/2023,14,77,PUBLIX #1500114369,DSD,TX,US,Northpoint Combo,116366 DAS,SCL Finished Goods: Bev,Plastic Bottle - Other
500114369,116366,3/16/2023,14,77,PUBLIX #1500114369,DSD,TX,US,Northpoint Combo,116366 DAS,SCL Finished Goods: Bev,Plastic Bottle - Other
500114369,116366,3/14/2023,14,77,PUBLIX #1500114369,DSD,TX,US,Northpoint Combo,116366 DAS,SCL Finished Goods: Bev,Plastic Bottle - Other
500114372,116366,3/14/2023,14,76,SUPER TAR500114372,FSV,FL,US,Spring Hill,116366 DAS,SCL Finished Goods: Bev,Plastic Bottle - Other
500114372,116366,3/7/2023,14,76,SUPER TAR500114372,FSV,FL,US,Spring Hill,116366 DAS,SCL Finished Goods: Bev,Plastic Bottle - Other
500114372,116366,3/24/2023,14,76,SUPER TAR500114372,FSV,FL,US,Spring Hill,116366 DAS,SCL Finished Goods: Bev,Plastic Bottle - Other
500114394,116366,3/2/2023,14,77,PUBLIX #1500114394,FSV,TX,US,Austin,116366 DAS,SCL Finished Goods: Bev,Plastic Bottle - Other
500114394,116366,3/30/2023,14,77,PUBLIX #1500114394,FSV,TX,US,Austin,116366 DAS,SCL Finished Goods: Bev,Plastic Bottle - Other
500114394,116366,3/23/2023,14,77,PUBLIX #1500114394,FSV,TX,US,Austin,116366 DAS,SCL Finished Goods: Bev,Plastic Bottle - Other
500114394,116366,3/4/2023,14,77,PUBLIX #1500114394,FSV,TX,US,Austin,116366 DAS,SCL Finished Goods: Bev,Plastic Bottle - Other
500114394,116366,3/16/2023,14,77,PUBLIX #1500114394,FSV,TX,US,Austin,116366 DAS,SCL Finished Goods: Bev,Plastic Bottle - Other
500114394,116366,3/21/2023,14,77,PUBLIX #1500114394,FSV,TX,US,Austin,116366 DAS,SCL Finished Goods: Bev,Plastic Bottle - Other
500114096,116366,5/9/2023,14,77,PUBLIX #1500114096,Ecom,NJ,US,South Brunswick,116366 DAS,SCL Finished Goods: Bev,Plastic Bottle - Other
500114242,116366,5/9/2023,14,77,PUBLIX #1500114242,Ecom,BC,US,Prince George,116366 DAS,SCL Finished Goods: Bev,Plastic Bottle - Other
500114412,116366,3/16/2023,14,77,PUBLIX #1500114412,FSV,OK,US,May Avenue,116366 DAS,SCL Finished Goods: Bev,Plastic Bottle - Other
500114413,116366,3/30/2023,14,77,PUBLIX #1500114413,DSD,FL,US,Ft. Myers,116366 DAS,SCL Finished Goods: Bev,Plastic Bottle - Other
500114413,116366,3/27/2023,14,77,PUBLIX #1500114413,DSD,FL,US,Ft. Myers,116366 DAS,SCL Finished Goods: Bev,Plastic Bottle - Other
500114426,115583,3/25/2023,12,7,PUBLIX #1500114426,FSV,TX,US,El Paso,115583COKE,SCL Finished Goods: Bev,Aluminum Can
500114426,115583,3/15/2023,24,14,PUBLIX #1500114426,FSV,TX,US,El Paso,115583COKE,SCL Finished Goods: Bev,Aluminum Can
500114426,115585,3/15/2023,12,7,PUBLIX #1500114426,FSV,TX,US,El Paso,115585CF DT COKE,SCL Finished Goods: Bev,Aluminum Can
500114426,115586,3/22/2023,36,21,PUBLIX #1500114426,FSV,TX,US,El Paso,115586SPRITE,SCL Finished Goods: Bev,Aluminum Can
500114426,116366,3/27/2023,14,77,PUBLIX #1500114426,FSV,TX,US,El Paso,116366 DAS,SCL Finished Goods: Bev,Plastic Bottle - Other
500114431,116366,3/2/2023,14,77,PUBLIX #1500114431,DSD,NJ,US,South Brunswick,116366 DAS,SCL Finished Goods: Bev,Plastic Bottle - Other
500114431,116366,3/4/2023,14,77,PUBLIX #1500114431,DSD,NJ,US,South Brunswick,116366 DAS,SCL Finished Goods: Bev,Plastic Bottle - Other
500114353,116366,5/9/2023,14,76,SUPER TAR500114353,Ecom,OK,US,May Avenue,116366 DAS,SCL Finished Goods: Bev,Plastic Bottle - Other
500114484,116366,3/17/2023,14,77,PUBLIX #1500114484,DSD,AZ,US,Glendale,116366 DAS,SCL Finished Goods: Bev,Plastic Bottle - Other
500114484,116366,3/28/2023,14,77,PUBLIX #1500114484,DSD,AZ,US,Glendale,116366 DAS,SCL Finished Goods: Bev,Plastic Bottle - Other
500114484,116366,3/3/2023,14,77,PUBLIX #1500114484,DSD,AZ,US,Glendale,116366 DAS,SCL Finished Goods: Bev,Plastic Bottle - Other
500114484,116366,3/24/2023,14,77,PUBLIX #1500114484,DSD,AZ,US,Glendale,116366 DAS,SCL Finished Goods: Bev,Plastic Bottle - Other
500113696,116366,5/19/2023,14,77,PUBLIX #1500113696,DSD,BC,US,Calgary,116366 DAS,SCL Finished Goods: Bev,Plastic Bottle - Other
500113696,116366,5/18/2023,14,77,PUBLIX #1500113696,DSD,BC,US,Calgary,116366 DAS,SCL Finished Goods: Bev,Plastic Bottle - Other
500113696,116366,5/13/2023,14,77,PUBLIX #1500113696,DSD,BC,US,Calgary,116366 DAS,SCL Finished Goods: Bev,Plastic Bottle - Other
500113696,116366,5/12/2023,14,77,PUBLIX #1500113696,DSD,BC,US,Calgary,116366 DAS,SCL Finished Goods: Bev,Plastic Bottle - Other
500113696,116366,5/11/2023,14,77,PUBLIX #1500113696,DSD,BC,US,Calgary,116366 DAS,SCL Finished Goods: Bev,Plastic Bottle - Other
500113696,116366,4/15/2023,14,77,PUBLIX #1500113696,DSD,BC,US,Calgary,116366 DAS,SCL Finished Goods: Bev,Plastic Bottle - Other
500113696,116366,4/14/2023,14,77,PUBLIX #1500113696,DSD,BC,US,Calgary,116366 DAS,SCL Finished Goods: Bev,Plastic Bottle - Other
500113696,116366,4/13/2023,14,77,PUBLIX #1500113696,DSD,BC,US,Calgary,116366 DAS,SCL Finished Goods: Bev,Plastic Bottle - Other
500113719,115586,5/1/2023,12,7,WALMART #500113719,FSV,TX,US,Austin,115586SPRITE,SCL Finished Goods: Bev,Aluminum Can
500113737,116366,5/9/2023,14,77,PUBLIX #1500113737,FSV,OK,US,May Avenue,116366 DAS,SCL Finished Goods: Bev,Plastic Bottle - Other
500113737,116366,5/13/2023,14,77,PUBLIX #1500113737,FSV,OK,US,May Avenue,116366 DAS,SCL Finished Goods: Bev,Plastic Bottle - Other
500113737,116366,5/20/2023,14,77,PUBLIX #1500113737,FSV,OK,US,May Avenue,116366 DAS,SCL Finished Goods: Bev,Plastic Bottle - Other
500113737,116366,5/6/2023,14,77,PUBLIX #1500113737,FSV,OK,US,May Avenue,116366 DAS,SCL Finished Goods: Bev,Plastic Bottle - Other
500113737,116366,5/29/2023,14,77,PUBLIX #1500113737,FSV,OK,US,May Avenue,116366 DAS,SCL Finished Goods: Bev,Plastic Bottle - Other
500113737,116366,5/25/2023,14,77,PUBLIX #1500113737,FSV,OK,US,May Avenue,116366 DAS,SCL Finished Goods: Bev,Plastic Bottle - Other
500113874,116366,5/2/2023,16,87,SUPER TAR500113874,DSD,TX,US,Corpus Christi,116366 DAS,SCL Finished Goods: Bev,Plastic Bottle - Other
500113874,116366,5/19/2023,16,87,SUPER TAR500113874,DSD,TX,US,Corpus Christi,116366 DAS,SCL Finished Goods: Bev,Plastic Bottle - Other
500113874,116366,5/20/2023,16,87,SUPER TAR500113874,DSD,TX,US,Corpus Christi,116366 DAS,SCL Finished Goods: Bev,Plastic Bottle - Other
500113874,116366,5/30/2023,14,76,SUPER TAR500113874,DSD,TX,US,Corpus Christi,116366 DAS,SCL Finished Goods: Bev,Plastic Bottle - Other
500113874,116366,5/18/2023,16,87,SUPER TAR500113874,DSD,TX,US,Corpus Christi,116366 DAS,SCL Finished Goods: Bev,Plastic Bottle - Other
500113874,116366,5/26/2023,14,76,SUPER TAR500113874,DSD,TX,US,Corpus Christi,116366 DAS,SCL Finished Goods: Bev,Plastic Bottle - Other
500113874,116366,5/25/2023,14,76,SUPER TAR500113874,DSD,TX,US,Corpus Christi,116366 DAS,SCL Finished Goods: Bev,Plastic Bottle - Other
500113888,115583,5/20/2023,12,7,PUBLIX #1500113888,DSD,TX,US,Northpoint Combo,115583COKE,SCL Finished Goods: Bev,Aluminum Can
500113888,116366,5/20/2023,14,77,PUBLIX #1500113888,DSD,TX,US,Northpoint Combo,116366 DAS,SCL Finished Goods: Bev,Plastic Bottle - Other
500113888,116366,5/30/2023,14,77,PUBLIX #1500113888,DSD,TX,US,Northpoint Combo,116366 DAS,SCL Finished Goods: Bev,Plastic Bottle - Other
500113888,116366,5/25/2023,14,77,PUBLIX #1500113888,DSD,TX,US,Northpoint Combo,116366 DAS,SCL Finished Goods: Bev,Plastic Bottle - Other
500113896,115583,5/27/2023,12,7,PUBLIX #1500113896,FSV,OK,US,May Avenue,115583COKE,SCL Finished Goods: Bev,Aluminum Can
500113896,116366,5/11/2023,14,77,PUBLIX #1500113896,FSV,OK,US,May Avenue,116366 DAS,SCL Finished Goods: Bev,Plastic Bottle - Other
500113896,116366,5/20/2023,14,77,PUBLIX #1500113896,FSV,OK,US,May Avenue,116366 DAS,SCL Finished Goods: Bev,Plastic Bottle - Other
500113896,116366,5/4/2023,14,77,PUBLIX #1500113896,FSV,OK,US,May Avenue,116366 DAS,SCL Finished Goods: Bev,Plastic Bottle - Other
500113896,116366,5/13/2023,14,77,PUBLIX #1500113896,FSV,OK,US,May Avenue,116366 DAS,SCL Finished Goods: Bev,Plastic Bottle - Other
500113896,116366,5/30/2023,14,77,PUBLIX #1500113896,FSV,OK,US,May Avenue,116366 DAS,SCL Finished Goods: Bev,Plastic Bottle - Other
500113896,116366,5/27/2023,14,77,PUBLIX #1500113896,FSV,OK,US,May Avenue,116366 DAS,SCL Finished Goods: Bev,Plastic Bottle - Other
500113896,116366,5/23/2023,14,77,PUBLIX #1500113896,FSV,OK,US,May Avenue,116366 DAS,SCL Finished Goods: Bev,Plastic Bottle - Other
500113994,115584,5/1/2023,36,20,CIRCLE K 500113994,FSV,FL,US,St. Petersburg,115584DT COKE,SCL Finished Goods: Bev,Aluminum Can
500114036,116366,5/30/2023,14,77,PUBLIX #1500114036,FSV,OK,US,May Avenue,116366 DAS,SCL Finished Goods: Bev,Plastic Bottle - Other
500114242,116366,5/6/2023,14,77,PUBLIX #1500114242,Ecom,BC,US,Prince George,116366 DAS,SCL Finished Goods: Bev,Plastic Bottle - Other
500114353,116366,5/6/2023,14,76,SUPER TAR500114353,Ecom,OK,US,May Avenue,116366 DAS,SCL Finished Goods: Bev,Plastic Bottle - Other
500114361,116366,5/5/2023,14,77,PUBLIX #1500114361,Ecom,NJ,US,South Brunswick,116366 DAS,SCL Finished Goods: Bev,Plastic Bottle - Other
500114454,116366,5/5/2023,14,77,PUBLIX #1500114454,Ecom,FL,US,Ft. Pierce,116366 DAS,SCL Finished Goods: Bev,Plastic Bottle - Other
500114488,116366,5/5/2023,14,77,PUBLIX #1500114488,Ecom,FL,US,Jacksonville,116366 DAS,SCL Finished Goods: Bev,Plastic Bottle - Other
500114096,116366,5/4/2023,16,88,PUBLIX #1500114096,Ecom,NJ,US,South Brunswick,116366 DAS,SCL Finished Goods: Bev,Plastic Bottle - Other
500114488,116366,5/3/2023,14,77,PUBLIX #1500114488,Ecom,FL,US,Jacksonville,116366 DAS,SCL Finished Goods: Bev,Plastic Bottle - Other
500114559,116366,5/3/2023,14,76,TARGET #2500114559,Ecom,NJ,US,South Brunswick,116366 DAS,SCL Finished Goods: Bev,Plastic Bottle - Other
500114347,115586,5/2/2023,60,36,PUBLIX #1500114347,Ecom,BC,US,Calgary,115586SPRITE,SCL Finished Goods: Bev,Aluminum Can
500114347,150885,5/2/2023,18,26,PUBLIX #1500114347,Ecom,BC,US,Calgary,150885S TS MON REHB TEA PCH,SCL Finished Goods: Bev,Aluminum Can
500114347,153225,5/2/2023,20,29,PUBLIX #1500114347,Ecom,BC,US,Calgary,153225TS MON NRG ULT VIO ZS,SCL Finished Goods: Bev,Aluminum Can
500114353,116366,5/2/2023,14,76,SUPER TAR500114353,Ecom,OK,US,May Avenue,116366 DAS,SCL Finished Goods: Bev,Plastic Bottle - Other
500114559,116366,5/1/2023,14,76,TARGET #2500114559,Ecom,NJ,US,South Brunswick,116366 DAS,SCL Finished Goods: Bev,Plastic Bottle - Other
500114353,116366,4/29/2023,14,76,SUPER TAR500114353,Ecom,OK,US,May Avenue,116366 DAS,SCL Finished Goods: Bev,Plastic Bottle - Other
500114353,116366,4/27/2023,14,76,SUPER TAR500114353,Ecom,OK,US,May Avenue,116366 DAS,SCL Finished Goods: Bev,Plastic Bottle - Other
500114242,116366,4/26/2023,14,77,PUBLIX #1500114242,Ecom,BC,US,Prince George,116366 DAS,SCL Finished Goods: Bev,Plastic Bottle - Other
500114245,116366,5/19/2023,16,87,TARGET #2500114245,DSD,AZ,US,Glendale,116366 DAS,SCL Finished Goods: Bev,Plastic Bottle - Other
500114245,116366,5/26/2023,16,87,TARGET #2500114245,DSD,AZ,US,Glendale,116366 DAS,SCL Finished Goods: Bev,Plastic Bottle - Other
500114245,116366,5/12/2023,16,87,TARGET #2500114245,DSD,AZ,US,Glendale,116366 DAS,SCL Finished Goods: Bev,Plastic Bottle - Other
500114096,116366,4/25/2023,16,88,PUBLIX #1500114096,Ecom,NJ,US,South Brunswick,116366 DAS,SCL Finished Goods: Bev,Plastic Bottle - Other
500114296,116366,5/26/2023,16,84,DOLLAR GE500114296,DSD,AZ,US,Glendale,116366 DAS,SCL Finished Goods: Bev,Plastic Bottle - Other
500114296,116366,5/19/2023,16,84,DOLLAR GE500114296,DSD,AZ,US,Glendale,116366 DAS,SCL Finished Goods: Bev,Plastic Bottle - Other
500114296,116366,5/5/2023,16,84,DOLLAR GE500114296,DSD,AZ,US,Glendale,116366 DAS,SCL Finished Goods: Bev,Plastic Bottle - Other
500114296,116366,5/12/2023,16,84,DOLLAR GE500114296,DSD,AZ,US,Glendale,116366 DAS,SCL Finished Goods: Bev,Plastic Bottle - Other
500114338,115583,5/9/2023,12,7,PUBLIX #1500114338,DSD,BC,US,Prince George,115583COKE,SCL Finished Goods: Bev,Aluminum Can
500114338,115583,5/25/2023,60,36,PUBLIX #1500114338,DSD,BC,US,Prince George,115583COKE,SCL Finished Goods: Bev,Aluminum Can
500114338,115584,5/9/2023,12,7,PUBLIX #1500114338,DSD,BC,US,Prince George,115584DT COKE,SCL Finished Goods: Bev,Aluminum Can
500114338,116366,5/20/2023,14,77,PUBLIX #1500114338,DSD,BC,US,Prince George,116366 DAS,SCL Finished Goods: Bev,Plastic Bottle - Other
500114338,116366,5/6/2023,14,77,PUBLIX #1500114338,DSD,BC,US,Prince George,116366 DAS,SCL Finished Goods: Bev,Plastic Bottle - Other
500114338,116366,5/30/2023,14,77,PUBLIX #1500114338,DSD,BC,US,Prince George,116366 DAS,SCL Finished Goods: Bev,Plastic Bottle - Other
500114338,116366,5/23/2023,14,77,PUBLIX #1500114338,DSD,BC,US,Prince George,116366 DAS,SCL Finished Goods: Bev,Plastic Bottle - Other
500114338,116366,5/4/2023,14,77,PUBLIX #1500114338,DSD,BC,US,Prince George,116366 DAS,SCL Finished Goods: Bev,Plastic Bottle - Other
500114338,116366,5/18/2023,14,77,PUBLIX #1500114338,DSD,BC,US,Prince George,116366 DAS,SCL Finished Goods: Bev,Plastic Bottle - Other
500114338,410258,5/25/2023,20,11,PUBLIX #1500114338,DSD,BC,US,Prince George,41025810FPX3 SPRITE ZRO SGR,SCL Finished Goods: Bev,Aluminum Can - Sleek
500114353,116366,4/25/2023,14,76,SUPER TAR500114353,Ecom,OK,US,May Avenue,116366 DAS,SCL Finished Goods: Bev,Plastic Bottle - Other
500114353,116366,4/22/2023,14,76,SUPER TAR500114353,Ecom,OK,US,May Avenue,116366 DAS,SCL Finished Goods: Bev,Plastic Bottle - Other
500114353,116366,4/20/2023,14,76,SUPER TAR500114353,Ecom,OK,US,May Avenue,116366 DAS,SCL Finished Goods: Bev,Plastic Bottle - Other
500114353,116366,4/18/2023,14,76,SUPER TAR500114353,Ecom,OK,US,May Avenue,116366 DAS,SCL Finished Goods: Bev,Plastic Bottle - Other
500114096,116366,4/15/2023,16,88,PUBLIX #1500114096,Ecom,NJ,US,South Brunswick,116366 DAS,SCL Finished Goods: Bev,Plastic Bottle - Other
500114353,116366,4/15/2023,14,76,SUPER TAR500114353,Ecom,OK,US,May Avenue,116366 DAS,SCL Finished Goods: Bev,Plastic Bottle - Other
500114410,116366,4/15/2023,14,77,PUBLIX #1500114410,Ecom,FL,US,Ft. Pierce,116366 DAS,SCL Finished Goods: Bev,Plastic Bottle - Other
500113776,115583,4/15/2023,12,7,WALMART #500113776,Ecom,BC,US,Calgary,115583COKE,SCL Finished Goods: Bev,Aluminum Can
500114347,116366,4/15/2023,14,77,PUBLIX #1500114347,Ecom,BC,US,Calgary,116366 DAS,SCL Finished Goods: Bev,Plastic Bottle - Other
500114434,115583,4/14/2023,12,6,FAMILY DO500114434,Ecom,FL,US,Sarasota,115583COKE,SCL Finished Goods: Bev,Aluminum Can
500113766,115583,4/13/2023,36,21,WALMART #500113766,Ecom,NJ,US,South Brunswick,115583COKE,SCL Finished Goods: Bev,Aluminum Can
500114096,116366,4/13/2023,16,88,PUBLIX #1500114096,Ecom,NJ,US,South Brunswick,116366 DAS,SCL Finished Goods: Bev,Plastic Bottle - Other
500114410,116366,4/13/2023,14,77,PUBLIX #1500114410,Ecom,FL,US,Ft. Pierce,116366 DAS,SCL Finished Goods: Bev,Plastic Bottle - Other
500114347,116366,4/13/2023,14,77,PUBLIX #1500114347,Ecom,BC,US,Calgary,116366 DAS,SCL Finished Goods: Bev,Plastic Bottle - Other
500114242,116366,4/12/2023,14,77,PUBLIX #1500114242,Ecom,BC,US,Prince George,116366 DAS,SCL Finished Goods: Bev,Plastic Bottle - Other
500114096,116366,4/11/2023,16,88,PUBLIX #1500114096,Ecom,NJ,US,South Brunswick,116366 DAS,SCL Finished Goods: Bev,Plastic Bottle - Other
500114410,116366,4/11/2023,14,77,PUBLIX #1500114410,Ecom,FL,US,Ft. Pierce,116366 DAS,SCL Finished Goods: Bev,Plastic Bottle - Other
500114347,116366,4/11/2023,14,77,PUBLIX #1500114347,Ecom,BC,US,Calgary,116366 DAS,SCL Finished Goods: Bev,Plastic Bottle - Other
500113931,411040,4/10/2023,13,11,CIRCLE K 500113931,Ecom,FL,US,Winter Haven,411040TS MM AGS FRSCS SBRY,SCL Finished Goods: Bev,Aluminum Can
500114242,116366,4/8/2023,14,77,PUBLIX #1500114242,Ecom,BC,US,Prince George,116366 DAS,SCL Finished Goods: Bev,Plastic Bottle - Other
500114410,116366,4/8/2023,14,77,PUBLIX #1500114410,Ecom,FL,US,Ft. Pierce,116366 DAS,SCL Finished Goods: Bev,Plastic Bottle - Other
500114353,116366,4/6/2023,14,76,SUPER TAR500114353,Ecom,OK,US,May Avenue,116366 DAS,SCL Finished Goods: Bev,Plastic Bottle - Other
500114364,116366,5/5/2023,14,76,SUPER TAR500114364,DSD,TX,US,El Paso,116366 DAS,SCL Finished Goods: Bev,Plastic Bottle - Other
500114364,116366,5/16/2023,14,76,SUPER TAR500114364,DSD,TX,US,El Paso,116366 DAS,SCL Finished Goods: Bev,Plastic Bottle - Other
500114364,116366,5/12/2023,14,76,SUPER TAR500114364,DSD,TX,US,El Paso,116366 DAS,SCL Finished Goods: Bev,Plastic Bottle - Other
500114364,116366,5/23/2023,14,76,SUPER TAR500114364,DSD,TX,US,El Paso,116366 DAS,SCL Finished Goods: Bev,Plastic Bottle - Other
500114364,116366,5/26/2023,14,76,SUPER TAR500114364,DSD,TX,US,El Paso,116366 DAS,SCL Finished Goods: Bev,Plastic Bottle - Other
500114364,116366,5/9/2023,14,76,SUPER TAR500114364,DSD,TX,US,El Paso,116366 DAS,SCL Finished Goods: Bev,Plastic Bottle - Other
500114364,116366,5/30/2023,14,76,SUPER TAR500114364,DSD,TX,US,El Paso,116366 DAS,SCL Finished Goods: Bev,Plastic Bottle - Other
500114369,116366,5/23/2023,14,77,PUBLIX #1500114369,DSD,TX,US,Northpoint Combo,116366 DAS,SCL Finished Goods: Bev,Plastic Bottle - Other
500114369,116366,5/30/2023,14,77,PUBLIX #1500114369,DSD,TX,US,Northpoint Combo,116366 DAS,SCL Finished Goods: Bev,Plastic Bottle - Other
500114369,116366,5/6/2023,14,77,PUBLIX #1500114369,DSD,TX,US,Northpoint Combo,116366 DAS,SCL Finished Goods: Bev,Plastic Bottle - Other
500114369,116366,5/18/2023,14,77,PUBLIX #1500114369,DSD,TX,US,Northpoint Combo,116366 DAS,SCL Finished Goods: Bev,Plastic Bottle - Other
500114369,116366,5/13/2023,14,77,PUBLIX #1500114369,DSD,TX,US,Northpoint Combo,116366 DAS,SCL Finished Goods: Bev,Plastic Bottle - Other
500114369,116366,5/27/2023,14,77,PUBLIX #1500114369,DSD,TX,US,Northpoint Combo,116366 DAS,SCL Finished Goods: Bev,Plastic Bottle - Other
500114372,116366,5/9/2023,14,76,SUPER TAR500114372,FSV,FL,US,Spring Hill,116366 DAS,SCL Finished Goods: Bev,Plastic Bottle - Other
500114372,116366,5/26/2023,14,76,SUPER TAR500114372,FSV,FL,US,Spring Hill,116366 DAS,SCL Finished Goods: Bev,Plastic Bottle - Other
500114372,116366,5/19/2023,14,76,SUPER TAR500114372,FSV,FL,US,Spring Hill,116366 DAS,SCL Finished Goods: Bev,Plastic Bottle - Other
500114372,116366,5/16/2023,14,76,SUPER TAR500114372,FSV,FL,US,Spring Hill,116366 DAS,SCL Finished Goods: Bev,Plastic Bottle - Other
500114394,116366,5/27/2023,14,77,PUBLIX #1500114394,FSV,TX,US,Austin,116366 DAS,SCL Finished Goods: Bev,Plastic Bottle - Other
500114394,116366,5/30/2023,14,77,PUBLIX #1500114394,FSV,TX,US,Austin,116366 DAS,SCL Finished Goods: Bev,Plastic Bottle - Other
500114394,116366,5/6/2023,14,77,PUBLIX #1500114394,FSV,TX,US,Austin,116366 DAS,SCL Finished Goods: Bev,Plastic Bottle - Other
500114394,116366,5/4/2023,14,77,PUBLIX #1500114394,FSV,TX,US,Austin,116366 DAS,SCL Finished Goods: Bev,Plastic Bottle - Other
500114394,116366,5/16/2023,14,77,PUBLIX #1500114394,FSV,TX,US,Austin,116366 DAS,SCL Finished Goods: Bev,Plastic Bottle - Other
500114394,116366,5/25/2023,14,77,PUBLIX #1500114394,FSV,TX,US,Austin,116366 DAS,SCL Finished Goods: Bev,Plastic Bottle - Other
500114394,116366,5/20/2023,14,77,PUBLIX #1500114394,FSV,TX,US,Austin,116366 DAS,SCL Finished Goods: Bev,Plastic Bottle - Other
500114242,116366,4/5/2023,14,77,PUBLIX #1500114242,Ecom,BC,US,Prince George,116366 DAS,SCL Finished Goods: Bev,Plastic Bottle - Other
500114361,116366,4/5/2023,14,77,PUBLIX #1500114361,Ecom,NJ,US,South Brunswick,116366 DAS,SCL Finished Goods: Bev,Plastic Bottle - Other
500114096,116366,4/4/2023,16,88,PUBLIX #1500114096,Ecom,NJ,US,South Brunswick,116366 DAS,SCL Finished Goods: Bev,Plastic Bottle - Other
500114290,116366,4/3/2023,12,63,DOLLAR GE500114290,Ecom,FL,US,Spring Hill,116366 DAS,SCL Finished Goods: Bev,Plastic Bottle - Other
500114412,116366,5/19/2023,14,77,PUBLIX #1500114412,FSV,OK,US,May Avenue,116366 DAS,SCL Finished Goods: Bev,Plastic Bottle - Other
500114412,116366,5/5/2023,14,77,PUBLIX #1500114412,FSV,OK,US,May Avenue,116366 DAS,SCL Finished Goods: Bev,Plastic Bottle - Other
500114412,116366,5/24/2023,14,77,PUBLIX #1500114412,FSV,OK,US,May Avenue,116366 DAS,SCL Finished Goods: Bev,Plastic Bottle - Other
500114412,116366,5/12/2023,14,77,PUBLIX #1500114412,FSV,OK,US,May Avenue,116366 DAS,SCL Finished Goods: Bev,Plastic Bottle - Other
500114412,116366,5/29/2023,14,77,PUBLIX #1500114412,FSV,OK,US,May Avenue,116366 DAS,SCL Finished Goods: Bev,Plastic Bottle - Other
500114413,116366,5/29/2023,14,77,PUBLIX #1500114413,DSD,FL,US,Ft. Myers,116366 DAS,SCL Finished Goods: Bev,Plastic Bottle - Other
500114413,116366,5/22/2023,14,77,PUBLIX #1500114413,DSD,FL,US,Ft. Myers,116366 DAS,SCL Finished Goods: Bev,Plastic Bottle - Other
500114413,116366,5/23/2023,14,77,PUBLIX #1500114413,DSD,FL,US,Ft. Myers,116366 DAS,SCL Finished Goods: Bev,Plastic Bottle - Other
500114413,116366,5/15/2023,14,77,PUBLIX #1500114413,DSD,FL,US,Ft. Myers,116366 DAS,SCL Finished Goods: Bev,Plastic Bottle - Other
500114426,115583,5/25/2023,12,7,PUBLIX #1500114426,FSV,TX,US,El Paso,115583COKE,SCL Finished Goods: Bev,Aluminum Can
500114426,116366,5/6/2023,14,77,PUBLIX #1500114426,FSV,TX,US,El Paso,116366 DAS,SCL Finished Goods: Bev,Plastic Bottle - Other
500114426,116366,5/11/2023,14,77,PUBLIX #1500114426,FSV,TX,US,El Paso,116366 DAS,SCL Finished Goods: Bev,Plastic Bottle - Other
500114426,116366,5/24/2023,14,77,PUBLIX #1500114426,FSV,TX,US,El Paso,116366 DAS,SCL Finished Goods: Bev,Plastic Bottle - Other
500114426,116366,5/22/2023,14,77,PUBLIX #1500114426,FSV,TX,US,El Paso,116366 DAS,SCL Finished Goods: Bev,Plastic Bottle - Other
500114431,116366,5/29/2023,14,77,PUBLIX #1500114431,DSD,NJ,US,South Brunswick,116366 DAS,SCL Finished Goods: Bev,Plastic Bottle - Other
500114431,116366,5/11/2023,14,77,PUBLIX #1500114431,DSD,NJ,US,South Brunswick,116366 DAS,SCL Finished Goods: Bev,Plastic Bottle - Other
500114431,116366,5/13/2023,14,77,PUBLIX #1500114431,DSD,NJ,US,South Brunswick,116366 DAS,SCL Finished Goods: Bev,Plastic Bottle - Other
500114431,116366,5/25/2023,14,77,PUBLIX #1500114431,DSD,NJ,US,South Brunswick,116366 DAS,SCL Finished Goods: Bev,Plastic Bottle - Other
500114431,116366,5/22/2023,14,77,PUBLIX #1500114431,DSD,NJ,US,South Brunswick,116366 DAS,SCL Finished Goods: Bev,Plastic Bottle - Other
500114431,116366,5/8/2023,14,77,PUBLIX #1500114431,DSD,NJ,US,South Brunswick,116366 DAS,SCL Finished Goods: Bev,Plastic Bottle - Other
500114431,116366,5/15/2023,14,77,PUBLIX #1500114431,DSD,NJ,US,South Brunswick,116366 DAS,SCL Finished Goods: Bev,Plastic Bottle - Other
500114431,116366,5/20/2023,14,77,PUBLIX #1500114431,DSD,NJ,US,South Brunswick,116366 DAS,SCL Finished Goods: Bev,Plastic Bottle - Other
500114431,116366,5/27/2023,14,77,PUBLIX #1500114431,DSD,NJ,US,South Brunswick,116366 DAS,SCL Finished Goods: Bev,Plastic Bottle - Other
500114361,116366,4/3/2023,14,77,PUBLIX #1500114361,Ecom,NJ,US,South Brunswick,116366 DAS,SCL Finished Goods: Bev,Plastic Bottle - Other
500114096,116366,4/1/2023,16,88,PUBLIX #1500114096,Ecom,NJ,US,South Brunswick,116366 DAS,SCL Finished Goods: Bev,Plastic Bottle - Other
500114096,116366,3/30/2023,16,88,PUBLIX #1500114096,Ecom,NJ,US,South Brunswick,116366 DAS,SCL Finished Goods: Bev,Plastic Bottle - Other
500114347,116366,3/30/2023,14,77,PUBLIX #1500114347,Ecom,BC,US,Calgary,116366 DAS,SCL Finished Goods: Bev,Plastic Bottle - Other
500114484,116366,5/26/2023,14,77,PUBLIX #1500114484,DSD,AZ,US,Glendale,116366 DAS,SCL Finished Goods: Bev,Plastic Bottle - Other
500114484,116366,5/12/2023,14,77,PUBLIX #1500114484,DSD,AZ,US,Glendale,116366 DAS,SCL Finished Goods: Bev,Plastic Bottle - Other
500114484,116366,5/16/2023,14,77,PUBLIX #1500114484,DSD,AZ,US,Glendale,116366 DAS,SCL Finished Goods: Bev,Plastic Bottle - Other
500114484,116366,5/23/2023,14,77,PUBLIX #1500114484,DSD,AZ,US,Glendale,116366 DAS,SCL Finished Goods: Bev,Plastic Bottle - Other
500114484,116366,5/30/2023,14,77,PUBLIX #1500114484,DSD,AZ,US,Glendale,116366 DAS,SCL Finished Goods: Bev,Plastic Bottle - Other
500114242,116366,3/29/2023,14,77,PUBLIX #1500114242,Ecom,BC,US,Prince George,116366 DAS,SCL Finished Goods: Bev,Plastic Bottle - Other
500114242,133766,3/29/2023,24,20,PUBLIX #1500114242,Ecom,BC,US,Prince George,133766 SPRITE,SCL Finished Goods: Bev,Plastic Bottle - Dimple
500114361,116366,3/29/2023,14,77,PUBLIX #1500114361,Ecom,NJ,US,South Brunswick,116366 DAS,SCL Finished Goods: Bev,Plastic Bottle - Other
500114096,116366,3/28/2023,16,88,PUBLIX #1500114096,Ecom,NJ,US,South Brunswick,116366 DAS,SCL Finished Goods: Bev,Plastic Bottle - Other
500114353,116366,3/28/2023,14,76,SUPER TAR500114353,Ecom,OK,US,May Avenue,116366 DAS,SCL Finished Goods: Bev,Plastic Bottle - Other
500114410,116366,3/28/2023,14,77,PUBLIX #1500114410,Ecom,FL,US,Ft. Pierce,116366 DAS,SCL Finished Goods: Bev,Plastic Bottle - Other
500113707,134386,3/27/2023,12,2,WALMART #500113707,Ecom,TX,US,Northpoint Combo,134386 TS DAS,SCL Finished Goods: Bev,Plastic Bottle - Other
500114361,116366,3/27/2023,14,77,PUBLIX #1500114361,Ecom,NJ,US,South Brunswick,116366 DAS,SCL Finished Goods: Bev,Plastic Bottle - Other
500114410,116366,3/25/2023,14,77,PUBLIX #1500114410,Ecom,FL,US,Ft. Pierce,116366 DAS,SCL Finished Goods: Bev,Plastic Bottle - Other
500114361,116366,3/24/2023,14,77,PUBLIX #1500114361,Ecom,NJ,US,South Brunswick,116366 DAS,SCL Finished Goods: Bev,Plastic Bottle - Other
500114353,116366,3/23/2023,14,76,SUPER TAR500114353,Ecom,OK,US,May Avenue,116366 DAS,SCL Finished Goods: Bev,Plastic Bottle - Other
500114242,116366,3/22/2023,14,77,PUBLIX #1500114242,Ecom,BC,US,Prince George,116366 DAS,SCL Finished Goods: Bev,Plastic Bottle - Other
500114347,116366,3/21/2023,14,77,PUBLIX #1500114347,Ecom,BC,US,Calgary,116366 DAS,SCL Finished Goods: Bev,Plastic Bottle - Other
500114353,116366,3/18/2023,14,76,SUPER TAR500114353,Ecom,OK,US,May Avenue,116366 DAS,SCL Finished Goods: Bev,Plastic Bottle - Other
500113707,115586,3/17/2023,12,7,WALMART #500113707,Ecom,TX,US,Northpoint Combo,115586SPRITE,SCL Finished Goods: Bev,Aluminum Can
500114353,116366,3/14/2023,14,76,SUPER TAR500114353,Ecom,OK,US,May Avenue,116366 DAS,SCL Finished Goods: Bev,Plastic Bottle - Other
500114290,116366,3/13/2023,16,84,DOLLAR GE500114290,Ecom,FL,US,Spring Hill,116366 DAS,SCL Finished Goods: Bev,Plastic Bottle - Other
500113766,115586,3/11/2023,12,7,WALMART #500113766,Ecom,NJ,US,South Brunswick,115586SPRITE,SCL Finished Goods: Bev,Aluminum Can
500113766,151778,3/10/2023,12,7,WALMART #500113766,Ecom,NJ,US,South Brunswick,1517786P HC SPRITE ZRO SGR,SCL Finished Goods: Bev,Aluminum Can - Sleek
500113696,115584,4/8/2023,12,7,PUBLIX #1500113696,DSD,BC,US,Calgary,115584DT COKE,SCL Finished Goods: Bev,Aluminum Can
500113696,116366,4/8/2023,14,77,PUBLIX #1500113696,DSD,BC,US,Calgary,116366 DAS,SCL Finished Goods: Bev,Plastic Bottle - Other
500113696,157231,4/8/2023,12,7,PUBLIX #1500113696,DSD,BC,US,Calgary,157231COKE CHRY VAN ZRO SGR,SCL Finished Goods: Bev,Aluminum Can
500113696,116366,4/4/2023,14,77,PUBLIX #1500113696,DSD,BC,US,Calgary,116366 DAS,SCL Finished Goods: Bev,Plastic Bottle - Other
500113696,116366,3/30/2023,14,77,PUBLIX #1500113696,DSD,BC,US,Calgary,116366 DAS,SCL Finished Goods: Bev,Plastic Bottle - Other
500113696,116366,3/23/2023,14,77,PUBLIX #1500113696,DSD,BC,US,Calgary,116366 DAS,SCL Finished Goods: Bev,Plastic Bottle - Other
500113696,116366,3/21/2023,14,77,PUBLIX #1500113696,DSD,BC,US,Calgary,116366 DAS,SCL Finished Goods: Bev,Plastic Bottle - Other
500113696,116366,3/18/2023,14,77,PUBLIX #1500113696,DSD,BC,US,Calgary,116366 DAS,SCL Finished Goods: Bev,Plastic Bottle - Other
500113696,116366,2/28/2023,14,77,PUBLIX #1500113696,DSD,BC,US,Calgary,116366 DAS,SCL Finished Goods: Bev,Plastic Bottle - Other
500113696,116366,2/25/2023,14,77,PUBLIX #1500113696,DSD,BC,US,Calgary,116366 DAS,SCL Finished Goods: Bev,Plastic Bottle - Other
500114353,116366,3/9/2023,14,76,SUPER TAR500114353,Ecom,OK,US,May Avenue,116366 DAS,SCL Finished Goods: Bev,Plastic Bottle - Other
500113719,115583,11/11/2023,48,25,WALMART #500113719,FSV,TX,US,Austin,115583COKE,SCL Finished Goods: Bev,Aluminum Can
500113719,115583,11/24/2023,12,6,WALMART #500113719,FSV,TX,US,Austin,115583COKE,SCL Finished Goods: Bev,Aluminum Can
500113719,115583,11/8/2023,12,6,WALMART #500113719,FSV,TX,US,Austin,115583COKE,SCL Finished Goods: Bev,Aluminum Can
500113719,115584,11/8/2023,12,6,WALMART #500113719,FSV,TX,US,Austin,115584DT COKE,SCL Finished Goods: Bev,Aluminum Can
500113737,115583,11/7/2023,12,7,PUBLIX #1500113737,FSV,OK,US,May Avenue,115583COKE,SCL Finished Goods: Bev,Aluminum Can
500113737,115584,11/21/2023,12,7,PUBLIX #1500113737,FSV,OK,US,May Avenue,115584DT COKE,SCL Finished Goods: Bev,Aluminum Can
500113737,116366,11/18/2023,14,77,PUBLIX #1500113737,FSV,OK,US,May Avenue,116366 DAS,SCL Finished Goods: Bev,Plastic Bottle - Other
500113737,116366,11/11/2023,14,77,PUBLIX #1500113737,FSV,OK,US,May Avenue,116366 DAS,SCL Finished Goods: Bev,Plastic Bottle - Other
500113737,116366,11/30/2023,14,77,PUBLIX #1500113737,FSV,OK,US,May Avenue,116366 DAS,SCL Finished Goods: Bev,Plastic Bottle - Other
500113737,116366,11/4/2023,14,77,PUBLIX #1500113737,FSV,OK,US,May Avenue,116366 DAS,SCL Finished Goods: Bev,Plastic Bottle - Other
500113737,116366,11/9/2023,14,77,PUBLIX #1500113737,FSV,OK,US,May Avenue,116366 DAS,SCL Finished Goods: Bev,Plastic Bottle - Other
500114353,116366,3/7/2023,14,76,SUPER TAR500114353,Ecom,OK,US,May Avenue,116366 DAS,SCL Finished Goods: Bev,Plastic Bottle - Other
500113874,116366,11/21/2023,14,76,SUPER TAR500113874,DSD,TX,US,Corpus Christi,116366 DAS,SCL Finished Goods: Bev,Plastic Bottle - Other
500113874,116366,11/16/2023,14,76,SUPER TAR500113874,DSD,TX,US,Corpus Christi,116366 DAS,SCL Finished Goods: Bev,Plastic Bottle - Other
500113874,116366,11/3/2023,14,76,SUPER TAR500113874,DSD,TX,US,Corpus Christi,116366 DAS,SCL Finished Goods: Bev,Plastic Bottle - Other
500113874,116366,11/30/2023,14,76,SUPER TAR500113874,DSD,TX,US,Corpus Christi,116366 DAS,SCL Finished Goods: Bev,Plastic Bottle - Other
500113874,116366,11/10/2023,14,76,SUPER TAR500113874,DSD,TX,US,Corpus Christi,116366 DAS,SCL Finished Goods: Bev,Plastic Bottle - Other
500113888,116366,11/16/2023,14,77,PUBLIX #1500113888,DSD,TX,US,Northpoint Combo,116366 DAS,SCL Finished Goods: Bev,Plastic Bottle - Other
500113888,116366,11/14/2023,14,77,PUBLIX #1500113888,DSD,TX,US,Northpoint Combo,116366 DAS,SCL Finished Goods: Bev,Plastic Bottle - Other
500113888,116366,11/4/2023,14,77,PUBLIX #1500113888,DSD,TX,US,Northpoint Combo,116366 DAS,SCL Finished Goods: Bev,Plastic Bottle - Other
500113896,116366,11/4/2023,14,77,PUBLIX #1500113896,FSV,OK,US,May Avenue,116366 DAS,SCL Finished Goods: Bev,Plastic Bottle - Other
500113896,116366,11/9/2023,14,77,PUBLIX #1500113896,FSV,OK,US,May Avenue,116366 DAS,SCL Finished Goods: Bev,Plastic Bottle - Other
500113896,116366,11/30/2023,14,77,PUBLIX #1500113896,FSV,OK,US,May Avenue,116366 DAS,SCL Finished Goods: Bev,Plastic Bottle - Other
500113896,116366,11/16/2023,14,77,PUBLIX #1500113896,FSV,OK,US,May Avenue,116366 DAS,SCL Finished Goods: Bev,Plastic Bottle - Other
500114454,116366,3/6/2023,14,77,PUBLIX #1500114454,Ecom,FL,US,Ft. Pierce,116366 DAS,SCL Finished Goods: Bev,Plastic Bottle - Other
500113919,115583,11/2/2023,15,8,CIRCLE K 500113919,FSV,NJ,US,South Brunswick,115583COKE,SCL Finished Goods: Bev,Aluminum Can
500114096,116366,3/4/2023,16,88,PUBLIX #1500114096,Ecom,NJ,US,South Brunswick,116366 DAS,SCL Finished Goods: Bev,Plastic Bottle - Other
500114242,116366,3/4/2023,14,77,PUBLIX #1500114242,Ecom,BC,US,Prince George,116366 DAS,SCL Finished Goods: Bev,Plastic Bottle - Other
500113989,115584,11/24/2023,12,6,CIRCLE K 500113989,FSV,FL,US,St. Petersburg,115584DT COKE,SCL Finished Goods: Bev,Aluminum Can
500114036,116366,11/17/2023,14,77,PUBLIX #1500114036,FSV,OK,US,May Avenue,116366 DAS,SCL Finished Goods: Bev,Plastic Bottle - Other
500114036,116366,11/28/2023,14,77,PUBLIX #1500114036,FSV,OK,US,May Avenue,116366 DAS,SCL Finished Goods: Bev,Plastic Bottle - Other
500114036,116366,11/14/2023,14,77,PUBLIX #1500114036,FSV,OK,US,May Avenue,116366 DAS,SCL Finished Goods: Bev,Plastic Bottle - Other
500114096,116366,3/2/2023,14,77,PUBLIX #1500114096,Ecom,NJ,US,South Brunswick,116366 DAS,SCL Finished Goods: Bev,Plastic Bottle - Other
500114353,116366,3/2/2023,14,76,SUPER TAR500114353,Ecom,OK,US,May Avenue,116366 DAS,SCL Finished Goods: Bev,Plastic Bottle - Other
500114096,116366,2/28/2023,14,77,PUBLIX #1500114096,Ecom,NJ,US,South Brunswick,116366 DAS,SCL Finished Goods: Bev,Plastic Bottle - Other
500114159,115586,11/11/2023,12,6,WALMART #500114159,FSV,NJ,US,South Brunswick,115586SPRITE,SCL Finished Goods: Bev,Aluminum Can
500114353,116366,2/28/2023,14,76,SUPER TAR500114353,Ecom,OK,US,May Avenue,116366 DAS,SCL Finished Goods: Bev,Plastic Bottle - Other
500114347,116366,2/28/2023,14,77,PUBLIX #1500114347,Ecom,BC,US,Calgary,116366 DAS,SCL Finished Goods: Bev,Plastic Bottle - Other
500114361,116366,2/27/2023,14,77,PUBLIX #1500114361,Ecom,NJ,US,South Brunswick,116366 DAS,SCL Finished Goods: Bev,Plastic Bottle - Other
500114096,116366,2/25/2023,14,77,PUBLIX #1500114096,Ecom,NJ,US,South Brunswick,116366 DAS,SCL Finished Goods: Bev,Plastic Bottle - Other
500114245,116366,11/28/2023,16,87,TARGET #2500114245,DSD,AZ,US,Glendale,116366 DAS,SCL Finished Goods: Bev,Plastic Bottle - Other
500114245,116366,11/7/2023,16,87,TARGET #2500114245,DSD,AZ,US,Glendale,116366 DAS,SCL Finished Goods: Bev,Plastic Bottle - Other
500114242,116366,2/25/2023,14,77,PUBLIX #1500114242,Ecom,BC,US,Prince George,116366 DAS,SCL Finished Goods: Bev,Plastic Bottle - Other
500114410,116366,2/25/2023,21,4,PUBLIX #1500114410,Ecom,FL,US,Ft. Pierce,116366 DAS,SCL Finished Goods: Bev,Plastic Bottle - Other
500114096,116366,2/23/2023,14,77,PUBLIX #1500114096,Ecom,NJ,US,South Brunswick,116366 DAS,SCL Finished Goods: Bev,Plastic Bottle - Other
500114353,116366,2/23/2023,14,76,SUPER TAR500114353,Ecom,OK,US,May Avenue,116366 DAS,SCL Finished Goods: Bev,Plastic Bottle - Other
500114347,116366,2/23/2023,14,77,PUBLIX #1500114347,Ecom,BC,US,Calgary,116366 DAS,SCL Finished Goods: Bev,Plastic Bottle - Other
500114296,116366,11/3/2023,16,84,DOLLAR GE500114296,DSD,AZ,US,Glendale,116366 DAS,SCL Finished Goods: Bev,Plastic Bottle - Other
500114338,116366,11/29/2023,14,77,PUBLIX #1500114338,DSD,BC,US,Prince George,116366 DAS,SCL Finished Goods: Bev,Plastic Bottle - Other
500114338,116366,11/15/2023,14,77,PUBLIX #1500114338,DSD,BC,US,Prince George,116366 DAS,SCL Finished Goods: Bev,Plastic Bottle - Other
500114361,116366,2/22/2023,14,77,PUBLIX #1500114361,Ecom,NJ,US,South Brunswick,116366 DAS,SCL Finished Goods: Bev,Plastic Bottle - Other
500114488,116366,2/22/2023,14,77,PUBLIX #1500114488,Ecom,FL,US,Jacksonville,116366 DAS,SCL Finished Goods: Bev,Plastic Bottle - Other
500114410,116366,2/21/2023,14,77,PUBLIX #1500114410,Ecom,FL,US,Ft. Pierce,116366 DAS,SCL Finished Goods: Bev,Plastic Bottle - Other
500114361,116366,2/20/2023,14,77,PUBLIX #1500114361,Ecom,NJ,US,South Brunswick,116366 DAS,SCL Finished Goods: Bev,Plastic Bottle - Other
500114454,116366,2/20/2023,14,77,PUBLIX #1500114454,Ecom,FL,US,Ft. Pierce,116366 DAS,SCL Finished Goods: Bev,Plastic Bottle - Other
500114488,115583,2/20/2023,12,7,PUBLIX #1500114488,Ecom,FL,US,Jacksonville,115583COKE,SCL Finished Goods: Bev,Aluminum Can
500114488,115584,2/20/2023,12,7,PUBLIX #1500114488,Ecom,FL,US,Jacksonville,115584DT COKE,SCL Finished Goods: Bev,Aluminum Can
500114488,116309,2/20/2023,12,7,PUBLIX #1500114488,Ecom,FL,US,Jacksonville,116309PIBB XTRA,SCL Finished Goods: Bev,Aluminum Can
500114488,116366,2/20/2023,14,77,PUBLIX #1500114488,Ecom,FL,US,Jacksonville,116366 DAS,SCL Finished Goods: Bev,Plastic Bottle - Other
500114096,116366,2/18/2023,14,77,PUBLIX #1500114096,Ecom,NJ,US,South Brunswick,116366 DAS,SCL Finished Goods: Bev,Plastic Bottle - Other
500114364,116366,11/24/2023,14,76,SUPER TAR500114364,DSD,TX,US,El Paso,116366 DAS,SCL Finished Goods: Bev,Plastic Bottle - Other
500114364,116366,11/21/2023,14,76,SUPER TAR500114364,DSD,TX,US,El Paso,116366 DAS,SCL Finished Goods: Bev,Plastic Bottle - Other
500114364,116366,11/28/2023,14,76,SUPER TAR500114364,DSD,TX,US,El Paso,116366 DAS,SCL Finished Goods: Bev,Plastic Bottle - Other
500114364,116366,11/10/2023,14,76,SUPER TAR500114364,DSD,TX,US,El Paso,116366 DAS,SCL Finished Goods: Bev,Plastic Bottle - Other
500114364,116366,11/3/2023,14,76,SUPER TAR500114364,DSD,TX,US,El Paso,116366 DAS,SCL Finished Goods: Bev,Plastic Bottle - Other
500114364,116366,11/17/2023,14,76,SUPER TAR500114364,DSD,TX,US,El Paso,116366 DAS,SCL Finished Goods: Bev,Plastic Bottle - Other
500114364,116366,11/7/2023,14,76,SUPER TAR500114364,DSD,TX,US,El Paso,116366 DAS,SCL Finished Goods: Bev,Plastic Bottle - Other
500114369,116366,11/18/2023,14,77,PUBLIX #1500114369,DSD,TX,US,Northpoint Combo,116366 DAS,SCL Finished Goods: Bev,Plastic Bottle - Other
500114369,116366,11/13/2023,14,77,PUBLIX #1500114369,DSD,TX,US,Northpoint Combo,116366 DAS,SCL Finished Goods: Bev,Plastic Bottle - Other
500114369,116366,11/28/2023,14,77,PUBLIX #1500114369,DSD,TX,US,Northpoint Combo,116366 DAS,SCL Finished Goods: Bev,Plastic Bottle - Other
500114369,116366,11/20/2023,14,77,PUBLIX #1500114369,DSD,TX,US,Northpoint Combo,116366 DAS,SCL Finished Goods: Bev,Plastic Bottle - Other
500114372,116366,11/17/2023,14,76,SUPER TAR500114372,FSV,FL,US,Spring Hill,116366 DAS,SCL Finished Goods: Bev,Plastic Bottle - Other
500114372,116366,11/20/2023,14,76,SUPER TAR500114372,FSV,FL,US,Spring Hill,116366 DAS,SCL Finished Goods: Bev,Plastic Bottle - Other
500114372,116366,11/10/2023,14,76,SUPER TAR500114372,FSV,FL,US,Spring Hill,116366 DAS,SCL Finished Goods: Bev,Plastic Bottle - Other
500114372,116366,11/7/2023,14,76,SUPER TAR500114372,FSV,FL,US,Spring Hill,116366 DAS,SCL Finished Goods: Bev,Plastic Bottle - Other
500114372,116366,11/3/2023,14,76,SUPER TAR500114372,FSV,FL,US,Spring Hill,116366 DAS,SCL Finished Goods: Bev,Plastic Bottle - Other
500114372,116366,11/28/2023,14,76,SUPER TAR500114372,FSV,FL,US,Spring Hill,116366 DAS,SCL Finished Goods: Bev,Plastic Bottle - Other
500114394,115583,11/11/2023,12,7,PUBLIX #1500114394,FSV,TX,US,Austin,115583COKE,SCL Finished Goods: Bev,Aluminum Can
500114394,116366,11/28/2023,14,77,PUBLIX #1500114394,FSV,TX,US,Austin,116366 DAS,SCL Finished Goods: Bev,Plastic Bottle - Other
500114394,116366,11/18/2023,14,77,PUBLIX #1500114394,FSV,TX,US,Austin,116366 DAS,SCL Finished Goods: Bev,Plastic Bottle - Other
500114394,116366,11/11/2023,14,77,PUBLIX #1500114394,FSV,TX,US,Austin,116366 DAS,SCL Finished Goods: Bev,Plastic Bottle - Other
500114394,116366,11/16/2023,14,77,PUBLIX #1500114394,FSV,TX,US,Austin,116366 DAS,SCL Finished Goods: Bev,Plastic Bottle - Other
500114394,116366,11/9/2023,14,77,PUBLIX #1500114394,FSV,TX,US,Austin,116366 DAS,SCL Finished Goods: Bev,Plastic Bottle - Other
500114394,116366,11/4/2023,14,77,PUBLIX #1500114394,FSV,TX,US,Austin,116366 DAS,SCL Finished Goods: Bev,Plastic Bottle - Other
500114353,116366,2/18/2023,14,76,SUPER TAR500114353,Ecom,OK,US,May Avenue,116366 DAS,SCL Finished Goods: Bev,Plastic Bottle - Other
500114410,116366,2/18/2023,14,77,PUBLIX #1500114410,Ecom,FL,US,Ft. Pierce,116366 DAS,SCL Finished Goods: Bev,Plastic Bottle - Other
500114361,116366,2/17/2023,14,77,PUBLIX #1500114361,Ecom,NJ,US,South Brunswick,116366 DAS,SCL Finished Goods: Bev,Plastic Bottle - Other
500114412,115583,11/8/2023,12,7,PUBLIX #1500114412,FSV,OK,US,May Avenue,115583COKE,SCL Finished Goods: Bev,Aluminum Can
500114412,116366,11/13/2023,14,77,PUBLIX #1500114412,FSV,OK,US,May Avenue,116366 DAS,SCL Finished Goods: Bev,Plastic Bottle - Other
500114412,116366,11/3/2023,14,77,PUBLIX #1500114412,FSV,OK,US,May Avenue,116366 DAS,SCL Finished Goods: Bev,Plastic Bottle - Other
500114412,116366,11/8/2023,14,77,PUBLIX #1500114412,FSV,OK,US,May Avenue,116366 DAS,SCL Finished Goods: Bev,Plastic Bottle - Other
500114412,156125,11/29/2023,17,30,PUBLIX #1500114412,FSV,OK,US,May Avenue,156125BA SDRNK FRT PNCH,SCL Finished Goods: Bev,Plastic Bottle - Other
500114413,116366,11/16/2023,14,77,PUBLIX #1500114413,DSD,FL,US,Ft. Myers,116366 DAS,SCL Finished Goods: Bev,Plastic Bottle - Other
500114413,116366,11/13/2023,14,77,PUBLIX #1500114413,DSD,FL,US,Ft. Myers,116366 DAS,SCL Finished Goods: Bev,Plastic Bottle - Other
500114413,116366,11/6/2023,14,77,PUBLIX #1500114413,DSD,FL,US,Ft. Myers,116366 DAS,SCL Finished Goods: Bev,Plastic Bottle - Other
500114413,116366,11/2/2023,14,77,PUBLIX #1500114413,DSD,FL,US,Ft. Myers,116366 DAS,SCL Finished Goods: Bev,Plastic Bottle - Other
500113696,116366,2/16/2023,14,77,PUBLIX #1500113696,DSD,BC,US,Calgary,116366 DAS,SCL Finished Goods: Bev,Plastic Bottle - Other
500113696,116366,2/2/2023,14,77,PUBLIX #1500113696,DSD,BC,US,Calgary,116366 DAS,SCL Finished Goods: Bev,Plastic Bottle - Other
500113696,116366,1/28/2023,14,77,PUBLIX #1500113696,DSD,BC,US,Calgary,116366 DAS,SCL Finished Goods: Bev,Plastic Bottle - Other
500113719,115583,10/21/2023,12,6,WALMART #500113719,FSV,TX,US,Austin,115583COKE,SCL Finished Goods: Bev,Aluminum Can
500113719,115583,10/27/2023,12,6,WALMART #500113719,FSV,TX,US,Austin,115583COKE,SCL Finished Goods: Bev,Aluminum Can
500113719,115586,10/21/2023,12,6,WALMART #500113719,FSV,TX,US,Austin,115586SPRITE,SCL Finished Goods: Bev,Aluminum Can
500113737,116366,10/24/2023,14,77,PUBLIX #1500113737,FSV,OK,US,May Avenue,116366 DAS,SCL Finished Goods: Bev,Plastic Bottle - Other
500113737,116366,10/9/2023,14,77,PUBLIX #1500113737,FSV,OK,US,May Avenue,116366 DAS,SCL Finished Goods: Bev,Plastic Bottle - Other
500114488,116366,2/17/2023,14,77,PUBLIX #1500114488,Ecom,FL,US,Jacksonville,116366 DAS,SCL Finished Goods: Bev,Plastic Bottle - Other
500113874,116366,10/10/2023,14,76,SUPER TAR500113874,DSD,TX,US,Corpus Christi,116366 DAS,SCL Finished Goods: Bev,Plastic Bottle - Other
500113874,116366,10/30/2023,14,76,SUPER TAR500113874,DSD,TX,US,Corpus Christi,116366 DAS,SCL Finished Goods: Bev,Plastic Bottle - Other
500113874,116366,10/12/2023,14,76,SUPER TAR500113874,DSD,TX,US,Corpus Christi,116366 DAS,SCL Finished Goods: Bev,Plastic Bottle - Other
500113874,116366,10/3/2023,14,76,SUPER TAR500113874,DSD,TX,US,Corpus Christi,116366 DAS,SCL Finished Goods: Bev,Plastic Bottle - Other
500113874,116366,10/5/2023,14,76,SUPER TAR500113874,DSD,TX,US,Corpus Christi,116366 DAS,SCL Finished Goods: Bev,Plastic Bottle - Other
500113888,116366,10/7/2023,14,77,PUBLIX #1500113888,DSD,TX,US,Northpoint Combo,116366 DAS,SCL Finished Goods: Bev,Plastic Bottle - Other
500113888,116366,10/10/2023,14,77,PUBLIX #1500113888,DSD,TX,US,Northpoint Combo,116366 DAS,SCL Finished Goods: Bev,Plastic Bottle - Other
500113888,116366,10/3/2023,14,77,PUBLIX #1500113888,DSD,TX,US,Northpoint Combo,116366 DAS,SCL Finished Goods: Bev,Plastic Bottle - Other
500113896,115584,10/19/2023,12,7,PUBLIX #1500113896,FSV,OK,US,May Avenue,115584DT COKE,SCL Finished Goods: Bev,Aluminum Can
500113896,116366,10/19/2023,14,77,PUBLIX #1500113896,FSV,OK,US,May Avenue,116366 DAS,SCL Finished Goods: Bev,Plastic Bottle - Other
500113896,116366,10/10/2023,14,77,PUBLIX #1500113896,FSV,OK,US,May Avenue,116366 DAS,SCL Finished Goods: Bev,Plastic Bottle - Other
500113922,115583,10/3/2023,12,6,CIRCLE K 500113922,DSD,FL,US,Winter Haven,115583COKE,SCL Finished Goods: Bev,Aluminum Can
500114036,116366,10/24/2023,14,77,PUBLIX #1500114036,FSV,OK,US,May Avenue,116366 DAS,SCL Finished Goods: Bev,Plastic Bottle - Other
500114055,115586,10/20/2023,12,6,WALMART #500114055,DSD,NJ,US,South Brunswick,115586SPRITE,SCL Finished Goods: Bev,Aluminum Can
500114096,116366,2/16/2023,14,77,PUBLIX #1500114096,Ecom,NJ,US,South Brunswick,116366 DAS,SCL Finished Goods: Bev,Plastic Bottle - Other
500114347,116366,2/16/2023,14,77,PUBLIX #1500114347,Ecom,BC,US,Calgary,116366 DAS,SCL Finished Goods: Bev,Plastic Bottle - Other
500114242,116366,2/15/2023,14,77,PUBLIX #1500114242,Ecom,BC,US,Prince George,116366 DAS,SCL Finished Goods: Bev,Plastic Bottle - Other
500114361,116366,2/15/2023,14,77,PUBLIX #1500114361,Ecom,NJ,US,South Brunswick,116366 DAS,SCL Finished Goods: Bev,Plastic Bottle - Other
500114159,157231,10/10/2023,12,6,WALMART #500114159,FSV,NJ,US,South Brunswick,157231COKE CHRY VAN ZRO SGR,SCL Finished Goods: Bev,Aluminum Can
500114353,116366,2/14/2023,14,76,SUPER TAR500114353,Ecom,OK,US,May Avenue,116366 DAS,SCL Finished Goods: Bev,Plastic Bottle - Other
500114245,116366,10/17/2023,18,97,TARGET #2500114245,DSD,AZ,US,Glendale,116366 DAS,SCL Finished Goods: Bev,Plastic Bottle - Other
500114245,116366,10/24/2023,16,87,TARGET #2500114245,DSD,AZ,US,Glendale,116366 DAS,SCL Finished Goods: Bev,Plastic Bottle - Other
500114245,116366,10/20/2023,16,87,TARGET #2500114245,DSD,AZ,US,Glendale,116366 DAS,SCL Finished Goods: Bev,Plastic Bottle - Other
500114245,116366,10/6/2023,16,87,TARGET #2500114245,DSD,AZ,US,Glendale,116366 DAS,SCL Finished Goods: Bev,Plastic Bottle - Other
500114410,116366,2/14/2023,14,77,PUBLIX #1500114410,Ecom,FL,US,Ft. Pierce,116366 DAS,SCL Finished Goods: Bev,Plastic Bottle - Other
500114361,116366,2/13/2023,14,77,PUBLIX #1500114361,Ecom,NJ,US,South Brunswick,116366 DAS,SCL Finished Goods: Bev,Plastic Bottle - Other
500114410,116366,2/11/2023,14,77,PUBLIX #1500114410,Ecom,FL,US,Ft. Pierce,116366 DAS,SCL Finished Goods: Bev,Plastic Bottle - Other
500114296,116366,10/13/2023,16,84,DOLLAR GE500114296,DSD,AZ,US,Glendale,116366 DAS,SCL Finished Goods: Bev,Plastic Bottle - Other
500114296,116366,10/17/2023,16,84,DOLLAR GE500114296,DSD,AZ,US,Glendale,116366 DAS,SCL Finished Goods: Bev,Plastic Bottle - Other
500114338,115583,10/2/2023,12,7,PUBLIX #1500114338,DSD,BC,US,Prince George,115583COKE,SCL Finished Goods: Bev,Aluminum Can
500114338,115586,10/2/2023,12,7,PUBLIX #1500114338,DSD,BC,US,Prince George,115586SPRITE,SCL Finished Goods: Bev,Aluminum Can
500114338,116366,10/14/2023,14,77,PUBLIX #1500114338,DSD,BC,US,Prince George,116366 DAS,SCL Finished Goods: Bev,Plastic Bottle - Other
500114338,116366,10/9/2023,14,77,PUBLIX #1500114338,DSD,BC,US,Prince George,116366 DAS,SCL Finished Goods: Bev,Plastic Bottle - Other
500114338,116366,10/7/2023,14,77,PUBLIX #1500114338,DSD,BC,US,Prince George,116366 DAS,SCL Finished Goods: Bev,Plastic Bottle - Other
500114488,116366,2/10/2023,14,77,PUBLIX #1500114488,Ecom,FL,US,Jacksonville,116366 DAS,SCL Finished Goods: Bev,Plastic Bottle - Other
500114096,115584,2/9/2023,48,29,PUBLIX #1500114096,Ecom,NJ,US,South Brunswick,115584DT COKE,SCL Finished Goods: Bev,Aluminum Can
500114096,116366,2/9/2023,14,77,PUBLIX #1500114096,Ecom,NJ,US,South Brunswick,116366 DAS,SCL Finished Goods: Bev,Plastic Bottle - Other
500114101,115583,2/9/2023,12,7,WALMART #500114101,Ecom,AZ,US,Glendale,115583COKE,SCL Finished Goods: Bev,Aluminum Can
500114101,115584,2/9/2023,12,7,WALMART #500114101,Ecom,AZ,US,Glendale,115584DT COKE,SCL Finished Goods: Bev,Aluminum Can
500114101,115586,2/9/2023,12,7,WALMART #500114101,Ecom,AZ,US,Glendale,115586SPRITE,SCL Finished Goods: Bev,Aluminum Can
500114353,116366,2/9/2023,14,76,SUPER TAR500114353,Ecom,OK,US,May Avenue,116366 DAS,SCL Finished Goods: Bev,Plastic Bottle - Other
500114347,116366,2/9/2023,14,77,PUBLIX #1500114347,Ecom,BC,US,Calgary,116366 DAS,SCL Finished Goods: Bev,Plastic Bottle - Other
500114242,116366,2/8/2023,14,77,PUBLIX #1500114242,Ecom,BC,US,Prince George,116366 DAS,SCL Finished Goods: Bev,Plastic Bottle - Other
500114361,116366,2/8/2023,14,77,PUBLIX #1500114361,Ecom,NJ,US,South Brunswick,116366 DAS,SCL Finished Goods: Bev,Plastic Bottle - Other
500114353,116366,2/7/2023,14,76,SUPER TAR500114353,Ecom,OK,US,May Avenue,116366 DAS,SCL Finished Goods: Bev,Plastic Bottle - Other
500114410,115583,2/7/2023,12,7,PUBLIX #1500114410,Ecom,FL,US,Ft. Pierce,115583COKE,SCL Finished Goods: Bev,Aluminum Can
500114364,116366,10/17/2023,14,76,SUPER TAR500114364,DSD,TX,US,El Paso,116366 DAS,SCL Finished Goods: Bev,Plastic Bottle - Other
500114364,116366,10/6/2023,14,76,SUPER TAR500114364,DSD,TX,US,El Paso,116366 DAS,SCL Finished Goods: Bev,Plastic Bottle - Other
500114364,116366,10/24/2023,14,76,SUPER TAR500114364,DSD,TX,US,El Paso,116366 DAS,SCL Finished Goods: Bev,Plastic Bottle - Other
500114364,116366,10/13/2023,14,76,SUPER TAR500114364,DSD,TX,US,El Paso,116366 DAS,SCL Finished Goods: Bev,Plastic Bottle - Other
500114364,116366,10/27/2023,14,76,SUPER TAR500114364,DSD,TX,US,El Paso,116366 DAS,SCL Finished Goods: Bev,Plastic Bottle - Other
500114364,116366,10/3/2023,14,76,SUPER TAR500114364,DSD,TX,US,El Paso,116366 DAS,SCL Finished Goods: Bev,Plastic Bottle - Other
500114364,116366,10/31/2023,14,76,SUPER TAR500114364,DSD,TX,US,El Paso,116366 DAS,SCL Finished Goods: Bev,Plastic Bottle - Other
500114364,116366,10/10/2023,14,76,SUPER TAR500114364,DSD,TX,US,El Paso,116366 DAS,SCL Finished Goods: Bev,Plastic Bottle - Other
500114364,116366,10/20/2023,14,76,SUPER TAR500114364,DSD,TX,US,El Paso,116366 DAS,SCL Finished Goods: Bev,Plastic Bottle - Other
500114369,115584,10/10/2023,36,22,PUBLIX #1500114369,DSD,TX,US,Northpoint Combo,115584DT COKE,SCL Finished Goods: Bev,Aluminum Can
500114369,116366,10/24/2023,14,77,PUBLIX #1500114369,DSD,TX,US,Northpoint Combo,116366 DAS,SCL Finished Goods: Bev,Plastic Bottle - Other
500114369,116366,10/7/2023,14,77,PUBLIX #1500114369,DSD,TX,US,Northpoint Combo,116366 DAS,SCL Finished Goods: Bev,Plastic Bottle - Other
500114369,116366,10/12/2023,14,77,PUBLIX #1500114369,DSD,TX,US,Northpoint Combo,116366 DAS,SCL Finished Goods: Bev,Plastic Bottle - Other
500114369,116366,10/10/2023,14,77,PUBLIX #1500114369,DSD,TX,US,Northpoint Combo,116366 DAS,SCL Finished Goods: Bev,Plastic Bottle - Other
500114372,116366,10/17/2023,14,76,SUPER TAR500114372,FSV,FL,US,Spring Hill,116366 DAS,SCL Finished Goods: Bev,Plastic Bottle - Other
500114372,116366,10/24/2023,14,76,SUPER TAR500114372,FSV,FL,US,Spring Hill,116366 DAS,SCL Finished Goods: Bev,Plastic Bottle - Other
500114372,116366,10/20/2023,14,76,SUPER TAR500114372,FSV,FL,US,Spring Hill,116366 DAS,SCL Finished Goods: Bev,Plastic Bottle - Other
500114372,116366,10/10/2023,14,76,SUPER TAR500114372,FSV,FL,US,Spring Hill,116366 DAS,SCL Finished Goods: Bev,Plastic Bottle - Other
500114372,116366,10/13/2023,14,76,SUPER TAR500114372,FSV,FL,US,Spring Hill,116366 DAS,SCL Finished Goods: Bev,Plastic Bottle - Other
500114372,116366,10/3/2023,14,76,SUPER TAR500114372,FSV,FL,US,Spring Hill,116366 DAS,SCL Finished Goods: Bev,Plastic Bottle - Other
500114372,116366,10/27/2023,14,76,SUPER TAR500114372,FSV,FL,US,Spring Hill,116366 DAS,SCL Finished Goods: Bev,Plastic Bottle - Other
500114394,116366,10/10/2023,14,77,PUBLIX #1500114394,FSV,TX,US,Austin,116366 DAS,SCL Finished Goods: Bev,Plastic Bottle - Other
500114410,115584,2/7/2023,12,7,PUBLIX #1500114410,Ecom,FL,US,Ft. Pierce,115584DT COKE,SCL Finished Goods: Bev,Aluminum Can
500114410,116366,2/7/2023,14,77,PUBLIX #1500114410,Ecom,FL,US,Ft. Pierce,116366 DAS,SCL Finished Goods: Bev,Plastic Bottle - Other
500114412,116366,10/25/2023,14,77,PUBLIX #1500114412,FSV,OK,US,May Avenue,116366 DAS,SCL Finished Goods: Bev,Plastic Bottle - Other
500114413,116366,10/23/2023,14,77,PUBLIX #1500114413,DSD,FL,US,Ft. Myers,116366 DAS,SCL Finished Goods: Bev,Plastic Bottle - Other
500114413,116366,10/12/2023,14,77,PUBLIX #1500114413,DSD,FL,US,Ft. Myers,116366 DAS,SCL Finished Goods: Bev,Plastic Bottle - Other
500114426,115584,10/14/2023,12,7,PUBLIX #1500114426,FSV,TX,US,El Paso,115584DT COKE,SCL Finished Goods: Bev,Aluminum Can
500114426,116366,10/14/2023,14,77,PUBLIX #1500114426,FSV,TX,US,El Paso,116366 DAS,SCL Finished Goods: Bev,Plastic Bottle - Other
500114431,116366,10/2/2023,14,77,PUBLIX #1500114431,DSD,NJ,US,South Brunswick,116366 DAS,SCL Finished Goods: Bev,Plastic Bottle - Other
500114431,116366,10/7/2023,14,77,PUBLIX #1500114431,DSD,NJ,US,South Brunswick,116366 DAS,SCL Finished Goods: Bev,Plastic Bottle - Other
500114431,116366,10/30/2023,14,77,PUBLIX #1500114431,DSD,NJ,US,South Brunswick,116366 DAS,SCL Finished Goods: Bev,Plastic Bottle - Other
500114431,116366,10/9/2023,14,77,PUBLIX #1500114431,DSD,NJ,US,South Brunswick,116366 DAS,SCL Finished Goods: Bev,Plastic Bottle - Other
500114431,116366,10/21/2023,14,77,PUBLIX #1500114431,DSD,NJ,US,South Brunswick,116366 DAS,SCL Finished Goods: Bev,Plastic Bottle - Other
500114431,116366,10/12/2023,14,77,PUBLIX #1500114431,DSD,NJ,US,South Brunswick,116366 DAS,SCL Finished Goods: Bev,Plastic Bottle - Other
500114431,116366,10/19/2023,14,77,PUBLIX #1500114431,DSD,NJ,US,South Brunswick,116366 DAS,SCL Finished Goods: Bev,Plastic Bottle - Other
500114431,116366,10/23/2023,14,77,PUBLIX #1500114431,DSD,NJ,US,South Brunswick,116366 DAS,SCL Finished Goods: Bev,Plastic Bottle - Other
500114347,116366,2/7/2023,14,77,PUBLIX #1500114347,Ecom,BC,US,Calgary,116366 DAS,SCL Finished Goods: Bev,Plastic Bottle - Other
500113696,116366,1/7/2023,14,77,PUBLIX #1500113696,DSD,BC,US,Calgary,116366 DAS,SCL Finished Goods: Bev,Plastic Bottle - Other
500114361,116366,2/6/2023,14,77,PUBLIX #1500114361,Ecom,NJ,US,South Brunswick,116366 DAS,SCL Finished Goods: Bev,Plastic Bottle - Other
500113737,116366,9/26/2023,14,77,PUBLIX #1500113737,FSV,OK,US,May Avenue,116366 DAS,SCL Finished Goods: Bev,Plastic Bottle - Other
500114096,116366,2/4/2023,14,77,PUBLIX #1500114096,Ecom,NJ,US,South Brunswick,116366 DAS,SCL Finished Goods: Bev,Plastic Bottle - Other
500114410,116366,2/4/2023,14,77,PUBLIX #1500114410,Ecom,FL,US,Ft. Pierce,116366 DAS,SCL Finished Goods: Bev,Plastic Bottle - Other
500113874,116366,9/30/2023,14,76,SUPER TAR500113874,DSD,TX,US,Corpus Christi,116366 DAS,SCL Finished Goods: Bev,Plastic Bottle - Other
500113874,116366,9/26/2023,14,76,SUPER TAR500113874,DSD,TX,US,Corpus Christi,116366 DAS,SCL Finished Goods: Bev,Plastic Bottle - Other
500113874,116366,9/9/2023,14,76,SUPER TAR500113874,DSD,TX,US,Corpus Christi,116366 DAS,SCL Finished Goods: Bev,Plastic Bottle - Other
500113874,116366,9/29/2023,14,76,SUPER TAR500113874,DSD,TX,US,Corpus Christi,116366 DAS,SCL Finished Goods: Bev,Plastic Bottle - Other
500113874,116366,9/23/2023,14,76,SUPER TAR500113874,DSD,TX,US,Corpus Christi,116366 DAS,SCL Finished Goods: Bev,Plastic Bottle - Other
500113888,116366,9/23/2023,14,77,PUBLIX #1500113888,DSD,TX,US,Northpoint Combo,116366 DAS,SCL Finished Goods: Bev,Plastic Bottle - Other
500113888,116366,9/28/2023,14,77,PUBLIX #1500113888,DSD,TX,US,Northpoint Combo,116366 DAS,SCL Finished Goods: Bev,Plastic Bottle - Other
500113888,116366,9/7/2023,14,77,PUBLIX #1500113888,DSD,TX,US,Northpoint Combo,116366 DAS,SCL Finished Goods: Bev,Plastic Bottle - Other
500113896,115583,9/19/2023,12,7,PUBLIX #1500113896,FSV,OK,US,May Avenue,115583COKE,SCL Finished Goods: Bev,Aluminum Can
500113896,115583,9/9/2023,48,29,PUBLIX #1500113896,FSV,OK,US,May Avenue,115583COKE,SCL Finished Goods: Bev,Aluminum Can
500113896,115586,9/1/2023,12,7,PUBLIX #1500113896,FSV,OK,US,May Avenue,115586SPRITE,SCL Finished Goods: Bev,Aluminum Can
500113896,116366,9/21/2023,14,77,PUBLIX #1500113896,FSV,OK,US,May Avenue,116366 DAS,SCL Finished Goods: Bev,Plastic Bottle - Other
500113896,410258,9/21/2023,20,11,PUBLIX #1500113896,FSV,OK,US,May Avenue,41025810FPX3 SPRITE ZRO SGR,SCL Finished Goods: Bev,Aluminum Can - Sleek
500113966,115584,9/19/2023,12,6,CIRCLE K 500113966,FSV,TX,US,Northpoint Combo,115584DT COKE,SCL Finished Goods: Bev,Aluminum Can
500114001,115583,9/21/2023,15,8,CIRCLE K 500114001,FSV,BC,US,Prince George,115583COKE,SCL Finished Goods: Bev,Aluminum Can
500114488,116366,2/3/2023,14,77,PUBLIX #1500114488,Ecom,FL,US,Jacksonville,116366 DAS,SCL Finished Goods: Bev,Plastic Bottle - Other
500114096,116366,2/2/2023,14,77,PUBLIX #1500114096,Ecom,NJ,US,South Brunswick,116366 DAS,SCL Finished Goods: Bev,Plastic Bottle - Other
500114347,116366,2/2/2023,14,77,PUBLIX #1500114347,Ecom,BC,US,Calgary,116366 DAS,SCL Finished Goods: Bev,Plastic Bottle - Other
500114454,116366,2/1/2023,14,77,PUBLIX #1500114454,Ecom,FL,US,Ft. Pierce,116366 DAS,SCL Finished Goods: Bev,Plastic Bottle - Other
500114488,116366,2/1/2023,14,77,PUBLIX #1500114488,Ecom,FL,US,Jacksonville,116366 DAS,SCL Finished Goods: Bev,Plastic Bottle - Other
500114159,115583,9/8/2023,36,21,WALMART #500114159,FSV,NJ,US,South Brunswick,115583COKE,SCL Finished Goods: Bev,Aluminum Can
500114159,115586,9/25/2023,12,7,WALMART #500114159,FSV,NJ,US,South Brunswick,115586SPRITE,SCL Finished Goods: Bev,Aluminum Can
500114201,115584,9/9/2023,36,21,WALMART #500114201,DSD,BC,US,Calgary,115584DT COKE,SCL Finished Goods: Bev,Aluminum Can
500114201,115586,9/9/2023,12,7,WALMART #500114201,DSD,BC,US,Calgary,115586SPRITE,SCL Finished Goods: Bev,Aluminum Can
500114245,116366,9/15/2023,16,87,TARGET #2500114245,DSD,AZ,US,Glendale,116366 DAS,SCL Finished Goods: Bev,Plastic Bottle - Other
500114245,116366,9/26/2023,16,87,TARGET #2500114245,DSD,AZ,US,Glendale,116366 DAS,SCL Finished Goods: Bev,Plastic Bottle - Other
500114410,116366,1/31/2023,14,77,PUBLIX #1500114410,Ecom,FL,US,Ft. Pierce,116366 DAS,SCL Finished Goods: Bev,Plastic Bottle - Other
500114347,116366,1/31/2023,14,77,PUBLIX #1500114347,Ecom,BC,US,Calgary,116366 DAS,SCL Finished Goods: Bev,Plastic Bottle - Other
500114290,116366,1/30/2023,16,74,DOLLAR GE500114290,Ecom,FL,US,Spring Hill,116366 DAS,SCL Finished Goods: Bev,Plastic Bottle - Other
500114488,116366,1/30/2023,14,77,PUBLIX #1500114488,Ecom,FL,US,Jacksonville,116366 DAS,SCL Finished Goods: Bev,Plastic Bottle - Other
500114296,116366,9/22/2023,16,84,DOLLAR GE500114296,DSD,AZ,US,Glendale,116366 DAS,SCL Finished Goods: Bev,Plastic Bottle - Other
500114338,115583,9/6/2023,12,7,PUBLIX #1500114338,DSD,BC,US,Prince George,115583COKE,SCL Finished Goods: Bev,Aluminum Can
500114338,115584,9/6/2023,36,22,PUBLIX #1500114338,DSD,BC,US,Prince George,115584DT COKE,SCL Finished Goods: Bev,Aluminum Can
500114338,116366,9/25/2023,14,77,PUBLIX #1500114338,DSD,BC,US,Prince George,116366 DAS,SCL Finished Goods: Bev,Plastic Bottle - Other
500114347,116366,1/28/2023,14,77,PUBLIX #1500114347,Ecom,BC,US,Calgary,116366 DAS,SCL Finished Goods: Bev,Plastic Bottle - Other
500114559,116366,1/27/2023,14,65,TARGET #2500114559,Ecom,NJ,US,South Brunswick,116366 DAS,SCL Finished Goods: Bev,Plastic Bottle - Other
500114096,116366,1/26/2023,14,77,PUBLIX #1500114096,Ecom,NJ,US,South Brunswick,116366 DAS,SCL Finished Goods: Bev,Plastic Bottle - Other
500114353,116366,1/26/2023,14,65,SUPER TAR500114353,Ecom,OK,US,May Avenue,116366 DAS,SCL Finished Goods: Bev,Plastic Bottle - Other
500114347,116366,1/26/2023,14,77,PUBLIX #1500114347,Ecom,BC,US,Calgary,116366 DAS,SCL Finished Goods: Bev,Plastic Bottle - Other
500114559,116366,1/25/2023,14,65,TARGET #2500114559,Ecom,NJ,US,South Brunswick,116366 DAS,SCL Finished Goods: Bev,Plastic Bottle - Other
500114096,116366,1/24/2023,14,77,PUBLIX #1500114096,Ecom,NJ,US,South Brunswick,116366 DAS,SCL Finished Goods: Bev,Plastic Bottle - Other
500114295,116366,1/24/2023,16,74,DOLLAR GE500114295,Ecom,TX,US,Austin,116366 DAS,SCL Finished Goods: Bev,Plastic Bottle - Other
500114361,116366,1/23/2023,14,77,PUBLIX #1500114361,Ecom,NJ,US,South Brunswick,116366 DAS,SCL Finished Goods: Bev,Plastic Bottle - Other
500114364,116366,9/22/2023,14,76,SUPER TAR500114364,DSD,TX,US,El Paso,116366 DAS,SCL Finished Goods: Bev,Plastic Bottle - Other
500114369,116366,9/26/2023,14,77,PUBLIX #1500114369,DSD,TX,US,Northpoint Combo,116366 DAS,SCL Finished Goods: Bev,Plastic Bottle - Other
500114372,116366,9/19/2023,14,76,SUPER TAR500114372,FSV,FL,US,Spring Hill,116366 DAS,SCL Finished Goods: Bev,Plastic Bottle - Other
500114372,116366,9/15/2023,14,76,SUPER TAR500114372,FSV,FL,US,Spring Hill,116366 DAS,SCL Finished Goods: Bev,Plastic Bottle - Other
500114372,116366,9/12/2023,14,76,SUPER TAR500114372,FSV,FL,US,Spring Hill,116366 DAS,SCL Finished Goods: Bev,Plastic Bottle - Other
500114372,116366,9/22/2023,14,76,SUPER TAR500114372,FSV,FL,US,Spring Hill,116366 DAS,SCL Finished Goods: Bev,Plastic Bottle - Other
500114372,116366,9/29/2023,14,76,SUPER TAR500114372,FSV,FL,US,Spring Hill,116366 DAS,SCL Finished Goods: Bev,Plastic Bottle - Other
500114372,116366,9/8/2023,14,76,SUPER TAR500114372,FSV,FL,US,Spring Hill,116366 DAS,SCL Finished Goods: Bev,Plastic Bottle - Other
500114394,115586,9/30/2023,12,7,PUBLIX #1500114394,FSV,TX,US,Austin,115586SPRITE,SCL Finished Goods: Bev,Aluminum Can
500114412,116366,9/29/2023,14,77,PUBLIX #1500114412,FSV,OK,US,May Avenue,116366 DAS,SCL Finished Goods: Bev,Plastic Bottle - Other
500114412,116366,9/8/2023,14,77,PUBLIX #1500114412,FSV,OK,US,May Avenue,116366 DAS,SCL Finished Goods: Bev,Plastic Bottle - Other
500114412,116366,9/4/2023,14,77,PUBLIX #1500114412,FSV,OK,US,May Avenue,116366 DAS,SCL Finished Goods: Bev,Plastic Bottle - Other
500114412,116366,9/27/2023,14,77,PUBLIX #1500114412,FSV,OK,US,May Avenue,116366 DAS,SCL Finished Goods: Bev,Plastic Bottle - Other
500114413,116366,9/18/2023,14,77,PUBLIX #1500114413,DSD,FL,US,Ft. Myers,116366 DAS,SCL Finished Goods: Bev,Plastic Bottle - Other
500114426,115586,9/18/2023,24,14,PUBLIX #1500114426,FSV,TX,US,El Paso,115586SPRITE,SCL Finished Goods: Bev,Aluminum Can
500114431,116366,9/14/2023,14,77,PUBLIX #1500114431,DSD,NJ,US,South Brunswick,116366 DAS,SCL Finished Goods: Bev,Plastic Bottle - Other
500114431,116366,9/30/2023,14,77,PUBLIX #1500114431,DSD,NJ,US,South Brunswick,116366 DAS,SCL Finished Goods: Bev,Plastic Bottle - Other
500114431,116366,9/9/2023,14,77,PUBLIX #1500114431,DSD,NJ,US,South Brunswick,116366 DAS,SCL Finished Goods: Bev,Plastic Bottle - Other
500114431,116366,9/21/2023,14,77,PUBLIX #1500114431,DSD,NJ,US,South Brunswick,116366 DAS,SCL Finished Goods: Bev,Plastic Bottle - Other
500114431,116366,9/16/2023,14,77,PUBLIX #1500114431,DSD,NJ,US,South Brunswick,116366 DAS,SCL Finished Goods: Bev,Plastic Bottle - Other
500114431,116366,9/11/2023,14,77,PUBLIX #1500114431,DSD,NJ,US,South Brunswick,116366 DAS,SCL Finished Goods: Bev,Plastic Bottle - Other
500114353,116366,1/21/2023,14,65,SUPER TAR500114353,Ecom,OK,US,May Avenue,116366 DAS,SCL Finished Goods: Bev,Plastic Bottle - Other
500114353,116366,1/19/2023,14,65,SUPER TAR500114353,Ecom,OK,US,May Avenue,116366 DAS,SCL Finished Goods: Bev,Plastic Bottle - Other
500114353,116366,1/17/2023,14,65,SUPER TAR500114353,Ecom,OK,US,May Avenue,116366 DAS,SCL Finished Goods: Bev,Plastic Bottle - Other
500114242,116366,1/14/2023,14,77,PUBLIX #1500114242,Ecom,BC,US,Prince George,116366 DAS,SCL Finished Goods: Bev,Plastic Bottle - Other
500114484,115583,9/15/2023,12,7,PUBLIX #1500114484,DSD,AZ,US,Glendale,115583COKE,SCL Finished Goods: Bev,Aluminum Can
500114484,115584,9/12/2023,12,7,PUBLIX #1500114484,DSD,AZ,US,Glendale,115584DT COKE,SCL Finished Goods: Bev,Aluminum Can
500114413,116366,1/1/2024,14,80,PUBLIX #1500114413,DSD,FL,US,Ft. Myers,116366 DAS,SCL Finished Goods: Bev,Plastic Bottle - Other
500114347,116366,1/14/2023,14,77,PUBLIX #1500114347,Ecom,BC,US,Calgary,116366 DAS,SCL Finished Goods: Bev,Plastic Bottle - Other
500114488,116366,1/13/2023,14,77,PUBLIX #1500114488,Ecom,FL,US,Jacksonville,116366 DAS,SCL Finished Goods: Bev,Plastic Bottle - Other
500115695,116366,1/1/2024,14,76,TARGET #2500115695,FSV,BC,US,Prince George,116366 DAS,SCL Finished Goods: Bev,Plastic Bottle - Other
500116237,116366,1/1/2024,16,91,PUBLIX #1500116237,FSV,FL,US,Spring Hill,116366 DAS,SCL Finished Goods: Bev,Plastic Bottle - Other
500116308,115585,1/1/2024,36,23,PUBLIX #1500116308,DSD,BC,US,Calgary,115585CF DT COKE,SCL Finished Goods: Bev,Aluminum Can
500116308,116366,1/1/2024,14,80,PUBLIX #1500116308,DSD,BC,US,Calgary,116366 DAS,SCL Finished Goods: Bev,Plastic Bottle - Other
500114559,116366,1/13/2023,14,65,TARGET #2500114559,Ecom,NJ,US,South Brunswick,116366 DAS,SCL Finished Goods: Bev,Plastic Bottle - Other
500116581,116366,1/1/2024,14,80,PUBLIX #0500116581,FSV,NJ,US,South Brunswick,116366 DAS,SCL Finished Goods: Bev,Plastic Bottle - Other
500116681,116366,1/1/2024,16,91,PUBLIX #0500116681,DSD,TX,US,Austin,116366 DAS,SCL Finished Goods: Bev,Plastic Bottle - Other
500118289,116366,1/1/2024,14,80,PUBLIX #0500118289,DSD,NJ,US,South Brunswick,116366 DAS,SCL Finished Goods: Bev,Plastic Bottle - Other
500118550,115584,1/1/2024,12,7,WALMART #500118550,DSD,AZ,US,Glendale,115584DT COKE,SCL Finished Goods: Bev,Aluminum Can
500114096,116366,1/12/2023,14,77,PUBLIX #1500114096,Ecom,NJ,US,South Brunswick,116366 DAS,SCL Finished Goods: Bev,Plastic Bottle - Other
500114361,116366,1/11/2023,14,77,PUBLIX #1500114361,Ecom,NJ,US,South Brunswick,116366 DAS,SCL Finished Goods: Bev,Plastic Bottle - Other
500118793,116366,1/1/2024,14,76,TARGET #0500118793,FSV,TX,US,El Paso,116366 DAS,SCL Finished Goods: Bev,Plastic Bottle - Other
500119592,116366,1/1/2024,14,80,PUBLIX #0500119592,DSD,OK,US,May Avenue,116366 DAS,SCL Finished Goods: Bev,Plastic Bottle - Other
500120066,116366,1/1/2024,14,80,PUBLIX #0500120066,DSD,FL,US,Sebring,116366 DAS,SCL Finished Goods: Bev,Plastic Bottle - Other
500122383,116366,1/1/2024,14,80,PUBLIX #1500122383,DSD,BC,US,Prince George,116366 DAS,SCL Finished Goods: Bev,Plastic Bottle - Other
500114096,116366,1/10/2023,14,77,PUBLIX #1500114096,Ecom,NJ,US,South Brunswick,116366 DAS,SCL Finished Goods: Bev,Plastic Bottle - Other
500114353,116366,1/10/2023,14,65,SUPER TAR500114353,Ecom,OK,US,May Avenue,116366 DAS,SCL Finished Goods: Bev,Plastic Bottle - Other
500113821,115584,1/9/2023,12,6,FAMILY DO500113821,Ecom,OK,US,May Avenue,115584DT COKE,SCL Finished Goods: Bev,Aluminum Can
500124971,116366,1/1/2024,14,81,WINN DIXI500124971,DSD,AZ,US,Glendale,116366 DAS,SCL Finished Goods: Bev,Plastic Bottle - Other
500124997,116366,1/1/2024,14,81,WINN DIXI500124997,DSD,FL,US,Sarasota,116366 DAS,SCL Finished Goods: Bev,Plastic Bottle - Other
500114353,116366,1/7/2023,14,65,SUPER TAR500114353,Ecom,OK,US,May Avenue,116366 DAS,SCL Finished Goods: Bev,Plastic Bottle - Other
500114347,116366,1/7/2023,14,77,PUBLIX #1500114347,Ecom,BC,US,Calgary,116366 DAS,SCL Finished Goods: Bev,Plastic Bottle - Other
500125970,116366,1/1/2024,14,80,PUBLIX #1500125970,DSD,OK,US,May Avenue,116366 DAS,SCL Finished Goods: Bev,Plastic Bottle - Other
500114488,116366,1/6/2023,14,77,PUBLIX #1500114488,Ecom,FL,US,Jacksonville,116366 DAS,SCL Finished Goods: Bev,Plastic Bottle - Other
500126735,116366,1/1/2024,14,76,TARGET #1500126735,DSD,OK,US,May Avenue,116366 DAS,SCL Finished Goods: Bev,Plastic Bottle - Other
500114353,116366,1/5/2023,14,65,SUPER TAR500114353,Ecom,OK,US,May Avenue,116366 DAS,SCL Finished Goods: Bev,Plastic Bottle - Other
500127183,115586,1/1/2024,12,7,WALMART #500127183,DSD,FL,US,Tampa,115586SPRITE,SCL Finished Goods: Bev,Aluminum Can
500114488,116366,1/4/2023,14,77,PUBLIX #1500114488,Ecom,FL,US,Jacksonville,116366 DAS,SCL Finished Goods: Bev,Plastic Bottle - Other
500127574,116366,1/1/2024,14,80,PUBLIX #0500127574,DSD,AZ,US,Glendale,116366 DAS,SCL Finished Goods: Bev,Plastic Bottle - Other
500127647,116366,1/1/2024,14,81,WINN DIXI500127647,FSV,TX,US,El Paso,116366 DAS,SCL Finished Goods: Bev,Plastic Bottle - Other
500127674,116366,1/1/2024,14,76,TARGET #1500127674,DSD,BC,US,Prince George,116366 DAS,SCL Finished Goods: Bev,Plastic Bottle - Other
500128070,116366,1/1/2024,14,80,PUBLIX #0500128070,DSD,NJ,US,South Brunswick,116366 DAS,SCL Finished Goods: Bev,Plastic Bottle - Other
500114290,116366,1/2/2023,16,74,DOLLAR GE500114290,Ecom,FL,US,Spring Hill,116366 DAS,SCL Finished Goods: Bev,Plastic Bottle - Other
500128693,116366,1/1/2024,14,80,PUBLIX #0500128693,FSV,OK,US,May Avenue,116366 DAS,SCL Finished Goods: Bev,Plastic Bottle - Other
500128701,116366,1/1/2024,14,80,PUBLIX #0500128701,DSD,OK,US,May Avenue,116366 DAS,SCL Finished Goods: Bev,Plastic Bottle - Other
500128705,116366,1/1/2024,14,80,PUBLIX #0500128705,DSD,BC,US,Calgary,116366 DAS,SCL Finished Goods: Bev,Plastic Bottle - Other
500114488,116366,1/2/2023,14,77,PUBLIX #1500114488,Ecom,FL,US,Jacksonville,116366 DAS,SCL Finished Goods: Bev,Plastic Bottle - Other
500113737,116366,4/17/2021,16,68,PUBLIX #1500113737,FSV,OK,US,May Avenue,116366 DAS,SCL Finished Goods: Bev,Plastic Bottle - Other
500113737,116366,4/15/2021,16,68,PUBLIX #1500113737,FSV,OK,US,May Avenue,116366 DAS,SCL Finished Goods: Bev,Plastic Bottle - Other
500113888,116366,4/3/2021,16,68,PUBLIX #1500113888,DSD,TX,US,Northpoint Combo,116366 DAS,SCL Finished Goods: Bev,Plastic Bottle - Other
500113888,116366,4/1/2021,16,68,PUBLIX #1500113888,DSD,TX,US,Northpoint Combo,116366 DAS,SCL Finished Goods: Bev,Plastic Bottle - Other
500113888,116366,4/22/2021,16,68,PUBLIX #1500113888,DSD,TX,US,Northpoint Combo,116366 DAS,SCL Finished Goods: Bev,Plastic Bottle - Other
500113896,116366,4/15/2021,16,68,PUBLIX #1500113896,FSV,OK,US,May Avenue,116366 DAS,SCL Finished Goods: Bev,Plastic Bottle - Other
500113984,152197,4/27/2021,31,41,CIRCLE K 500113984,FSV,FL,US,Tampa,152197TS NOS GT GRP,SCL Finished Goods: Bev,Aluminum Can
500114347,116366,12/31/2022,14,68,PUBLIX #1500114347,Ecom,BC,US,Calgary,116366 DAS,SCL Finished Goods: Bev,Plastic Bottle - Other
500114096,116366,12/31/2022,14,68,PUBLIX #1500114096,Ecom,NJ,US,South Brunswick,116366 DAS,SCL Finished Goods: Bev,Plastic Bottle - Other
500114245,116366,4/16/2021,16,67,TARGET #2500114245,DSD,AZ,US,Glendale,116366 DAS,SCL Finished Goods: Bev,Plastic Bottle - Other
500114245,116366,4/20/2021,16,67,TARGET #2500114245,DSD,AZ,US,Glendale,116366 DAS,SCL Finished Goods: Bev,Plastic Bottle - Other
500114245,116366,4/2/2021,16,67,TARGET #2500114245,DSD,AZ,US,Glendale,116366 DAS,SCL Finished Goods: Bev,Plastic Bottle - Other
500114245,116366,4/9/2021,16,67,TARGET #2500114245,DSD,AZ,US,Glendale,116366 DAS,SCL Finished Goods: Bev,Plastic Bottle - Other
500114245,116366,4/23/2021,16,67,TARGET #2500114245,DSD,AZ,US,Glendale,116366 DAS,SCL Finished Goods: Bev,Plastic Bottle - Other
500114245,116366,4/30/2021,16,67,TARGET #2500114245,DSD,AZ,US,Glendale,116366 DAS,SCL Finished Goods: Bev,Plastic Bottle - Other
500114245,116366,4/27/2021,16,67,TARGET #2500114245,DSD,AZ,US,Glendale,116366 DAS,SCL Finished Goods: Bev,Plastic Bottle - Other
500114245,116366,4/13/2021,12,50,TARGET #2500114245,DSD,AZ,US,Glendale,116366 DAS,SCL Finished Goods: Bev,Plastic Bottle - Other
500114259,151775,4/21/2021,12,5,FAMILY DO500114259,FSV,NJ,US,South Brunswick,1517756P HC DT COKE,SCL Finished Goods: Bev,Aluminum Can - Sleek
500114353,116366,12/29/2022,14,65,SUPER TAR500114353,Ecom,OK,US,May Avenue,116366 DAS,SCL Finished Goods: Bev,Plastic Bottle - Other
500114353,116366,12/27/2022,14,65,SUPER TAR500114353,Ecom,OK,US,May Avenue,116366 DAS,SCL Finished Goods: Bev,Plastic Bottle - Other
500114338,116366,4/15/2021,16,68,PUBLIX #1500114338,DSD,BC,US,Prince George,116366 DAS,SCL Finished Goods: Bev,Plastic Bottle - Other
500114353,116366,12/24/2022,14,65,SUPER TAR500114353,Ecom,OK,US,May Avenue,116366 DAS,SCL Finished Goods: Bev,Plastic Bottle - Other
500114488,116366,12/23/2022,14,68,PUBLIX #1500114488,Ecom,FL,US,Jacksonville,116366 DAS,SCL Finished Goods: Bev,Plastic Bottle - Other
500114347,116366,12/22/2022,14,68,PUBLIX #1500114347,Ecom,BC,US,Calgary,116366 DAS,SCL Finished Goods: Bev,Plastic Bottle - Other
500114454,116366,12/21/2022,14,68,PUBLIX #1500114454,Ecom,FL,US,Ft. Pierce,116366 DAS,SCL Finished Goods: Bev,Plastic Bottle - Other
500114347,116366,12/20/2022,14,68,PUBLIX #1500114347,Ecom,BC,US,Calgary,116366 DAS,SCL Finished Goods: Bev,Plastic Bottle - Other
500114290,116366,12/20/2022,16,74,DOLLAR GE500114290,Ecom,FL,US,Spring Hill,116366 DAS,SCL Finished Goods: Bev,Plastic Bottle - Other
500114369,116366,4/3/2021,16,68,PUBLIX #1500114369,DSD,TX,US,Northpoint Combo,116366 DAS,SCL Finished Goods: Bev,Plastic Bottle - Other
500114412,116366,4/26/2021,16,68,PUBLIX #1500114412,FSV,OK,US,May Avenue,116366 DAS,SCL Finished Goods: Bev,Plastic Bottle - Other
500114412,116366,4/29/2021,16,68,PUBLIX #1500114412,FSV,OK,US,May Avenue,116366 DAS,SCL Finished Goods: Bev,Plastic Bottle - Other
500114426,116366,4/3/2021,16,68,PUBLIX #1500114426,FSV,TX,US,El Paso,116366 DAS,SCL Finished Goods: Bev,Plastic Bottle - Other
500114426,116366,4/17/2021,16,68,PUBLIX #1500114426,FSV,TX,US,El Paso,116366 DAS,SCL Finished Goods: Bev,Plastic Bottle - Other
500114431,116366,4/3/2021,16,68,PUBLIX #1500114431,DSD,NJ,US,South Brunswick,116366 DAS,SCL Finished Goods: Bev,Plastic Bottle - Other
500114290,116366,12/19/2022,16,74,DOLLAR GE500114290,Ecom,FL,US,Spring Hill,116366 DAS,SCL Finished Goods: Bev,Plastic Bottle - Other
500114347,116366,12/17/2022,14,68,PUBLIX #1500114347,Ecom,BC,US,Calgary,116366 DAS,SCL Finished Goods: Bev,Plastic Bottle - Other
500114484,116366,4/30/2021,16,68,PUBLIX #1500114484,DSD,AZ,US,Glendale,116366 DAS,SCL Finished Goods: Bev,Plastic Bottle - Other
500114484,116366,4/16/2021,16,68,PUBLIX #1500114484,DSD,AZ,US,Glendale,116366 DAS,SCL Finished Goods: Bev,Plastic Bottle - Other
500114531,134386,4/3/2021,20,99,WALMART #500114531,DSD,BC,US,Prince George,134386 TS DAS,SCL Finished Goods: Bev,Plastic Bottle - Other
500114353,116366,12/17/2022,14,65,SUPER TAR500114353,Ecom,OK,US,May Avenue,116366 DAS,SCL Finished Goods: Bev,Plastic Bottle - Other
500114581,116366,4/16/2021,16,68,DOLLAR GE500114581,FSV,FL,US,Spring Hill,116366 DAS,SCL Finished Goods: Bev,Plastic Bottle - Other
500114581,116366,4/9/2021,12,51,DOLLAR GE500114581,FSV,FL,US,Spring Hill,116366 DAS,SCL Finished Goods: Bev,Plastic Bottle - Other
500114585,116366,4/3/2021,12,51,DOLLAR GE500114585,FSV,FL,US,Jacksonville,116366 DAS,SCL Finished Goods: Bev,Plastic Bottle - Other
500114585,116366,4/12/2021,12,51,DOLLAR GE500114585,FSV,FL,US,Jacksonville,116366 DAS,SCL Finished Goods: Bev,Plastic Bottle - Other
500114353,116366,12/15/2022,14,65,SUPER TAR500114353,Ecom,OK,US,May Avenue,116366 DAS,SCL Finished Goods: Bev,Plastic Bottle - Other
500113707,115583,12/14/2022,108,61,WALMART #500113707,Ecom,TX,US,Northpoint Combo,115583COKE,SCL Finished Goods: Bev,Aluminum Can
500114559,116366,12/14/2022,14,65,TARGET #2500114559,Ecom,NJ,US,South Brunswick,116366 DAS,SCL Finished Goods: Bev,Plastic Bottle - Other
500114598,116366,4/14/2021,14,59,DOLLAR GE500114598,FSV,FL,US,Sebring,116366 DAS,SCL Finished Goods: Bev,Plastic Bottle - Other
500114600,116366,4/8/2021,12,51,DOLLAR GE500114600,FSV,FL,US,Winter Haven,116366 DAS,SCL Finished Goods: Bev,Plastic Bottle - Other
500114600,116366,4/29/2021,20,85,DOLLAR GE500114600,FSV,FL,US,Winter Haven,116366 DAS,SCL Finished Goods: Bev,Plastic Bottle - Other
500114600,116366,4/1/2021,12,51,DOLLAR GE500114600,FSV,FL,US,Winter Haven,116366 DAS,SCL Finished Goods: Bev,Plastic Bottle - Other
500114600,116366,4/15/2021,16,68,DOLLAR GE500114600,FSV,FL,US,Winter Haven,116366 DAS,SCL Finished Goods: Bev,Plastic Bottle - Other
500114605,116366,4/15/2021,12,51,DOLLAR GE500114605,FSV,AZ,US,Glendale,116366 DAS,SCL Finished Goods: Bev,Plastic Bottle - Other
500114605,116366,4/13/2021,12,51,DOLLAR GE500114605,FSV,AZ,US,Glendale,116366 DAS,SCL Finished Goods: Bev,Plastic Bottle - Other
500114353,116366,12/13/2022,14,65,SUPER TAR500114353,Ecom,OK,US,May Avenue,116366 DAS,SCL Finished Goods: Bev,Plastic Bottle - Other
500114454,116366,12/12/2022,14,68,PUBLIX #1500114454,Ecom,FL,US,Ft. Pierce,116366 DAS,SCL Finished Goods: Bev,Plastic Bottle - Other
500114353,116366,12/10/2022,14,65,SUPER TAR500114353,Ecom,OK,US,May Avenue,116366 DAS,SCL Finished Goods: Bev,Plastic Bottle - Other
500114627,116366,4/30/2021,16,68,DOLLAR GE500114627,FSV,AZ,US,Glendale,116366 DAS,SCL Finished Goods: Bev,Plastic Bottle - Other
500114627,116366,4/1/2021,16,68,DOLLAR GE500114627,FSV,AZ,US,Glendale,116366 DAS,SCL Finished Goods: Bev,Plastic Bottle - Other
500114627,116366,4/15/2021,16,68,DOLLAR GE500114627,FSV,AZ,US,Glendale,116366 DAS,SCL Finished Goods: Bev,Plastic Bottle - Other
500114627,116366,4/9/2021,16,68,DOLLAR GE500114627,FSV,AZ,US,Glendale,116366 DAS,SCL Finished Goods: Bev,Plastic Bottle - Other
500114631,116366,4/28/2021,12,51,DOLLAR GE500114631,FSV,TX,US,Corpus Christi,116366 DAS,SCL Finished Goods: Bev,Plastic Bottle - Other
500114633,116366,4/24/2021,16,68,DOLLAR GE500114633,FSV,TX,US,Northpoint Combo,116366 DAS,SCL Finished Goods: Bev,Plastic Bottle - Other
500114633,116366,4/7/2021,16,68,DOLLAR GE500114633,FSV,TX,US,Northpoint Combo,116366 DAS,SCL Finished Goods: Bev,Plastic Bottle - Other
500114633,116366,4/21/2021,16,68,DOLLAR GE500114633,FSV,TX,US,Northpoint Combo,116366 DAS,SCL Finished Goods: Bev,Plastic Bottle - Other
500114633,116366,4/15/2021,16,68,DOLLAR GE500114633,FSV,TX,US,Northpoint Combo,116366 DAS,SCL Finished Goods: Bev,Plastic Bottle - Other
500114635,116366,4/22/2021,12,51,DOLLAR GE500114635,DSD,OK,US,May Avenue,116366 DAS,SCL Finished Goods: Bev,Plastic Bottle - Other
500114761,116366,4/16/2021,16,68,PUBLIX #1500114761,DSD,TX,US,Austin,116366 DAS,SCL Finished Goods: Bev,Plastic Bottle - Other
500114761,116366,4/12/2021,16,68,PUBLIX #1500114761,DSD,TX,US,Austin,116366 DAS,SCL Finished Goods: Bev,Plastic Bottle - Other
500114761,116366,4/28/2021,16,68,PUBLIX #1500114761,DSD,TX,US,Austin,116366 DAS,SCL Finished Goods: Bev,Plastic Bottle - Other
500114290,116366,12/8/2022,16,74,DOLLAR GE500114290,Ecom,FL,US,Spring Hill,116366 DAS,SCL Finished Goods: Bev,Plastic Bottle - Other
500115000,116366,4/12/2021,16,68,FAMILY DO500115000,DSD,TX,US,Corpus Christi,116366 DAS,SCL Finished Goods: Bev,Plastic Bottle - Other
500115019,116366,4/28/2021,16,68,PUBLIX #0500115019,FSV,OK,US,May Avenue,116366 DAS,SCL Finished Goods: Bev,Plastic Bottle - Other
500115019,116366,4/2/2021,16,68,PUBLIX #0500115019,FSV,OK,US,May Avenue,116366 DAS,SCL Finished Goods: Bev,Plastic Bottle - Other
500114559,116366,12/7/2022,14,65,TARGET #2500114559,Ecom,NJ,US,South Brunswick,116366 DAS,SCL Finished Goods: Bev,Plastic Bottle - Other
500114353,116366,12/6/2022,14,65,SUPER TAR500114353,Ecom,OK,US,May Avenue,116366 DAS,SCL Finished Goods: Bev,Plastic Bottle - Other
500115046,116366,4/2/2021,16,68,PUBLIX #0500115046,DSD,FL,US,Spring Hill,116366 DAS,SCL Finished Goods: Bev,Plastic Bottle - Other
500114488,116366,12/5/2022,14,68,PUBLIX #1500114488,Ecom,FL,US,Jacksonville,116366 DAS,SCL Finished Goods: Bev,Plastic Bottle - Other
500114242,116366,12/3/2022,14,68,PUBLIX #1500114242,Ecom,BC,US,Prince George,116366 DAS,SCL Finished Goods: Bev,Plastic Bottle - Other
500114353,116366,12/3/2022,14,65,SUPER TAR500114353,Ecom,OK,US,May Avenue,116366 DAS,SCL Finished Goods: Bev,Plastic Bottle - Other
500114361,116366,12/2/2022,14,68,PUBLIX #1500114361,Ecom,NJ,US,South Brunswick,116366 DAS,SCL Finished Goods: Bev,Plastic Bottle - Other
500114454,116366,12/2/2022,14,68,PUBLIX #1500114454,Ecom,FL,US,Ft. Pierce,116366 DAS,SCL Finished Goods: Bev,Plastic Bottle - Other
500114559,116366,12/2/2022,14,65,TARGET #2500114559,Ecom,NJ,US,South Brunswick,116366 DAS,SCL Finished Goods: Bev,Plastic Bottle - Other
500113696,116366,11/3/2022,14,68,PUBLIX #1500113696,DSD,BC,US,Calgary,116366 DAS,SCL Finished Goods: Bev,Plastic Bottle - Other
500113696,116366,11/1/2022,14,68,PUBLIX #1500113696,DSD,BC,US,Calgary,116366 DAS,SCL Finished Goods: Bev,Plastic Bottle - Other
500113696,115583,10/29/2022,12,6,PUBLIX #1500113696,DSD,BC,US,Calgary,115583COKE,SCL Finished Goods: Bev,Aluminum Can
500113737,116366,8/31/2021,16,68,PUBLIX #1500113737,FSV,OK,US,May Avenue,116366 DAS,SCL Finished Goods: Bev,Plastic Bottle - Other
500113737,116366,8/3/2021,16,68,PUBLIX #1500113737,FSV,OK,US,May Avenue,116366 DAS,SCL Finished Goods: Bev,Plastic Bottle - Other
500113737,116366,8/17/2021,16,68,PUBLIX #1500113737,FSV,OK,US,May Avenue,116366 DAS,SCL Finished Goods: Bev,Plastic Bottle - Other
500113737,116366,8/19/2021,16,68,PUBLIX #1500113737,FSV,OK,US,May Avenue,116366 DAS,SCL Finished Goods: Bev,Plastic Bottle - Other
500113737,116366,8/5/2021,16,68,PUBLIX #1500113737,FSV,OK,US,May Avenue,116366 DAS,SCL Finished Goods: Bev,Plastic Bottle - Other
500113737,116366,8/24/2021,16,68,PUBLIX #1500113737,FSV,OK,US,May Avenue,116366 DAS,SCL Finished Goods: Bev,Plastic Bottle - Other
500113888,115584,8/14/2021,12,5,PUBLIX #1500113888,DSD,TX,US,Northpoint Combo,115584DT COKE,SCL Finished Goods: Bev,Aluminum Can
500113888,116366,8/13/2021,16,68,PUBLIX #1500113888,DSD,TX,US,Northpoint Combo,116366 DAS,SCL Finished Goods: Bev,Plastic Bottle - Other
500113888,116366,8/17/2021,16,68,PUBLIX #1500113888,DSD,TX,US,Northpoint Combo,116366 DAS,SCL Finished Goods: Bev,Plastic Bottle - Other
500113888,116366,8/24/2021,16,68,PUBLIX #1500113888,DSD,TX,US,Northpoint Combo,116366 DAS,SCL Finished Goods: Bev,Plastic Bottle - Other
500113888,116366,8/10/2021,16,68,PUBLIX #1500113888,DSD,TX,US,Northpoint Combo,116366 DAS,SCL Finished Goods: Bev,Plastic Bottle - Other
500113888,116366,8/31/2021,16,68,PUBLIX #1500113888,DSD,TX,US,Northpoint Combo,116366 DAS,SCL Finished Goods: Bev,Plastic Bottle - Other
500113896,116366,8/10/2021,16,68,PUBLIX #1500113896,FSV,OK,US,May Avenue,116366 DAS,SCL Finished Goods: Bev,Plastic Bottle - Other
500113896,116366,8/1/2021,16,68,PUBLIX #1500113896,FSV,OK,US,May Avenue,116366 DAS,SCL Finished Goods: Bev,Plastic Bottle - Other
500113896,116366,8/5/2021,16,68,PUBLIX #1500113896,FSV,OK,US,May Avenue,116366 DAS,SCL Finished Goods: Bev,Plastic Bottle - Other
500113896,116366,8/4/2021,16,68,PUBLIX #1500113896,FSV,OK,US,May Avenue,116366 DAS,SCL Finished Goods: Bev,Plastic Bottle - Other
500113896,116366,8/28/2021,16,68,PUBLIX #1500113896,FSV,OK,US,May Avenue,116366 DAS,SCL Finished Goods: Bev,Plastic Bottle - Other
500113896,116366,8/7/2021,16,68,PUBLIX #1500113896,FSV,OK,US,May Avenue,116366 DAS,SCL Finished Goods: Bev,Plastic Bottle - Other
500113925,100724,8/30/2021,12,99,CIRCLE K 500113925,FSV,FL,US,Jacksonville,100724T COKE,SCL Finished Goods: Bev,Aluminum Can
500113998,115583,8/5/2021,12,4,CIRCLE K 500113998,FSV,AZ,US,Glendale,115583COKE,SCL Finished Goods: Bev,Aluminum Can
500114010,103029,8/31/2021,16,18,CIRCLE K 500114010,FSV,TX,US,Corpus Christi,103029SPRITE,SCL Finished Goods: Bev,Plastic Bottle - Dimple
500114010,103029,8/24/2021,16,18,CIRCLE K 500114010,FSV,TX,US,Corpus Christi,103029SPRITE,SCL Finished Goods: Bev,Plastic Bottle - Dimple
500114036,115586,8/24/2021,12,5,PUBLIX #1500114036,FSV,OK,US,May Avenue,115586SPRITE,SCL Finished Goods: Bev,Aluminum Can
500114036,116366,8/24/2021,16,68,PUBLIX #1500114036,FSV,OK,US,May Avenue,116366 DAS,SCL Finished Goods: Bev,Plastic Bottle - Other
500114036,116366,8/10/2021,16,68,PUBLIX #1500114036,FSV,OK,US,May Avenue,116366 DAS,SCL Finished Goods: Bev,Plastic Bottle - Other
500114036,116366,8/13/2021,16,68,PUBLIX #1500114036,FSV,OK,US,May Avenue,116366 DAS,SCL Finished Goods: Bev,Plastic Bottle - Other
500114036,116366,8/31/2021,16,68,PUBLIX #1500114036,FSV,OK,US,May Avenue,116366 DAS,SCL Finished Goods: Bev,Plastic Bottle - Other
500114036,116366,8/20/2021,16,68,PUBLIX #1500114036,FSV,OK,US,May Avenue,116366 DAS,SCL Finished Goods: Bev,Plastic Bottle - Other
500114353,116366,12/1/2022,14,65,SUPER TAR500114353,Ecom,OK,US,May Avenue,116366 DAS,SCL Finished Goods: Bev,Plastic Bottle - Other
500114242,116366,11/30/2022,14,68,PUBLIX #1500114242,Ecom,BC,US,Prince George,116366 DAS,SCL Finished Goods: Bev,Plastic Bottle - Other
500114454,116366,11/30/2022,14,68,PUBLIX #1500114454,Ecom,FL,US,Ft. Pierce,116366 DAS,SCL Finished Goods: Bev,Plastic Bottle - Other
500114559,116366,11/30/2022,14,65,TARGET #2500114559,Ecom,NJ,US,South Brunswick,116366 DAS,SCL Finished Goods: Bev,Plastic Bottle - Other
500114347,116366,11/29/2022,14,68,PUBLIX #1500114347,Ecom,BC,US,Calgary,116366 DAS,SCL Finished Goods: Bev,Plastic Bottle - Other
500114338,116366,8/26/2021,16,68,PUBLIX #1500114338,DSD,BC,US,Prince George,116366 DAS,SCL Finished Goods: Bev,Plastic Bottle - Other
500114338,116366,8/31/2021,16,68,PUBLIX #1500114338,DSD,BC,US,Prince George,116366 DAS,SCL Finished Goods: Bev,Plastic Bottle - Other
500114338,116366,8/5/2021,16,68,PUBLIX #1500114338,DSD,BC,US,Prince George,116366 DAS,SCL Finished Goods: Bev,Plastic Bottle - Other
500114353,116366,11/29/2022,14,65,SUPER TAR500114353,Ecom,OK,US,May Avenue,116366 DAS,SCL Finished Goods: Bev,Plastic Bottle - Other
500114361,116366,11/28/2022,14,68,PUBLIX #1500114361,Ecom,NJ,US,South Brunswick,116366 DAS,SCL Finished Goods: Bev,Plastic Bottle - Other
500114559,116366,11/28/2022,14,65,TARGET #2500114559,Ecom,NJ,US,South Brunswick,116366 DAS,SCL Finished Goods: Bev,Plastic Bottle - Other
500114347,116366,11/26/2022,14,68,PUBLIX #1500114347,Ecom,BC,US,Calgary,116366 DAS,SCL Finished Goods: Bev,Plastic Bottle - Other
500114242,116366,11/26/2022,14,68,PUBLIX #1500114242,Ecom,BC,US,Prince George,116366 DAS,SCL Finished Goods: Bev,Plastic Bottle - Other
500114353,116366,11/26/2022,14,65,SUPER TAR500114353,Ecom,OK,US,May Avenue,116366 DAS,SCL Finished Goods: Bev,Plastic Bottle - Other
500114369,115583,8/17/2021,12,5,PUBLIX #1500114369,DSD,TX,US,Northpoint Combo,115583COKE,SCL Finished Goods: Bev,Aluminum Can
500114369,116366,8/31/2021,16,68,PUBLIX #1500114369,DSD,TX,US,Northpoint Combo,116366 DAS,SCL Finished Goods: Bev,Plastic Bottle - Other
500114369,116366,8/28/2021,16,68,PUBLIX #1500114369,DSD,TX,US,Northpoint Combo,116366 DAS,SCL Finished Goods: Bev,Plastic Bottle - Other
500114369,116366,8/24/2021,16,68,PUBLIX #1500114369,DSD,TX,US,Northpoint Combo,116366 DAS,SCL Finished Goods: Bev,Plastic Bottle - Other
500114369,116366,8/10/2021,16,68,PUBLIX #1500114369,DSD,TX,US,Northpoint Combo,116366 DAS,SCL Finished Goods: Bev,Plastic Bottle - Other
500114394,116366,8/26/2021,16,68,PUBLIX #1500114394,FSV,TX,US,Austin,116366 DAS,SCL Finished Goods: Bev,Plastic Bottle - Other
500114394,116366,8/28/2021,16,68,PUBLIX #1500114394,FSV,TX,US,Austin,116366 DAS,SCL Finished Goods: Bev,Plastic Bottle - Other
500114394,116366,8/19/2021,16,68,PUBLIX #1500114394,FSV,TX,US,Austin,116366 DAS,SCL Finished Goods: Bev,Plastic Bottle - Other
500114394,116366,8/24/2021,16,68,PUBLIX #1500114394,FSV,TX,US,Austin,116366 DAS,SCL Finished Goods: Bev,Plastic Bottle - Other
500114394,116366,8/21/2021,16,68,PUBLIX #1500114394,FSV,TX,US,Austin,116366 DAS,SCL Finished Goods: Bev,Plastic Bottle - Other
500114394,116366,8/5/2021,16,68,PUBLIX #1500114394,FSV,TX,US,Austin,116366 DAS,SCL Finished Goods: Bev,Plastic Bottle - Other
500114394,116366,8/31/2021,16,68,PUBLIX #1500114394,FSV,TX,US,Austin,116366 DAS,SCL Finished Goods: Bev,Plastic Bottle - Other
500114394,116366,8/12/2021,16,68,PUBLIX #1500114394,FSV,TX,US,Austin,116366 DAS,SCL Finished Goods: Bev,Plastic Bottle - Other
500114242,116366,11/23/2022,14,68,PUBLIX #1500114242,Ecom,BC,US,Prince George,116366 DAS,SCL Finished Goods: Bev,Plastic Bottle - Other
500114488,115584,11/23/2022,12,6,PUBLIX #1500114488,Ecom,FL,US,Jacksonville,115584DT COKE,SCL Finished Goods: Bev,Aluminum Can
500114559,116366,11/23/2022,14,65,TARGET #2500114559,Ecom,NJ,US,South Brunswick,116366 DAS,SCL Finished Goods: Bev,Plastic Bottle - Other
500114295,116366,11/21/2022,16,74,DOLLAR GE500114295,Ecom,TX,US,Austin,116366 DAS,SCL Finished Goods: Bev,Plastic Bottle - Other
500114412,115584,8/9/2021,36,17,PUBLIX #1500114412,FSV,OK,US,May Avenue,115584DT COKE,SCL Finished Goods: Bev,Aluminum Can
500114412,116366,8/19/2021,16,68,PUBLIX #1500114412,FSV,OK,US,May Avenue,116366 DAS,SCL Finished Goods: Bev,Plastic Bottle - Other
500114412,116366,8/23/2021,16,68,PUBLIX #1500114412,FSV,OK,US,May Avenue,116366 DAS,SCL Finished Goods: Bev,Plastic Bottle - Other
500114413,115584,8/19/2021,12,5,PUBLIX #1500114413,DSD,FL,US,Ft. Myers,115584DT COKE,SCL Finished Goods: Bev,Aluminum Can
500114413,116366,8/2/2021,16,68,PUBLIX #1500114413,DSD,FL,US,Ft. Myers,116366 DAS,SCL Finished Goods: Bev,Plastic Bottle - Other
500114413,116366,8/30/2021,16,68,PUBLIX #1500114413,DSD,FL,US,Ft. Myers,116366 DAS,SCL Finished Goods: Bev,Plastic Bottle - Other
500114426,115583,8/28/2021,36,17,PUBLIX #1500114426,FSV,TX,US,El Paso,115583COKE,SCL Finished Goods: Bev,Aluminum Can
500114426,116366,8/9/2021,16,68,PUBLIX #1500114426,FSV,TX,US,El Paso,116366 DAS,SCL Finished Goods: Bev,Plastic Bottle - Other
500114426,116366,8/27/2021,16,68,PUBLIX #1500114426,FSV,TX,US,El Paso,116366 DAS,SCL Finished Goods: Bev,Plastic Bottle - Other
500114431,116366,8/14/2021,16,68,PUBLIX #1500114431,DSD,NJ,US,South Brunswick,116366 DAS,SCL Finished Goods: Bev,Plastic Bottle - Other
500114431,116366,8/21/2021,16,68,PUBLIX #1500114431,DSD,NJ,US,South Brunswick,116366 DAS,SCL Finished Goods: Bev,Plastic Bottle - Other
500114431,116366,8/30/2021,16,68,PUBLIX #1500114431,DSD,NJ,US,South Brunswick,116366 DAS,SCL Finished Goods: Bev,Plastic Bottle - Other
500114431,116366,8/26/2021,16,68,PUBLIX #1500114431,DSD,NJ,US,South Brunswick,116366 DAS,SCL Finished Goods: Bev,Plastic Bottle - Other
500114431,116366,8/28/2021,16,68,PUBLIX #1500114431,DSD,NJ,US,South Brunswick,116366 DAS,SCL Finished Goods: Bev,Plastic Bottle - Other
500114431,116366,8/12/2021,16,68,PUBLIX #1500114431,DSD,NJ,US,South Brunswick,116366 DAS,SCL Finished Goods: Bev,Plastic Bottle - Other
500114431,116366,8/23/2021,16,68,PUBLIX #1500114431,DSD,NJ,US,South Brunswick,116366 DAS,SCL Finished Goods: Bev,Plastic Bottle - Other
500114559,116366,11/21/2022,14,65,TARGET #2500114559,Ecom,NJ,US,South Brunswick,116366 DAS,SCL Finished Goods: Bev,Plastic Bottle - Other
500113766,115585,11/19/2022,12,6,WALMART #500113766,Ecom,NJ,US,South Brunswick,115585CF DT COKE,SCL Finished Goods: Bev,Aluminum Can
500114484,116366,8/3/2021,16,68,PUBLIX #1500114484,DSD,AZ,US,Glendale,116366 DAS,SCL Finished Goods: Bev,Plastic Bottle - Other
500114484,116366,8/6/2021,16,68,PUBLIX #1500114484,DSD,AZ,US,Glendale,116366 DAS,SCL Finished Goods: Bev,Plastic Bottle - Other
500114484,116366,8/31/2021,16,68,PUBLIX #1500114484,DSD,AZ,US,Glendale,116366 DAS,SCL Finished Goods: Bev,Plastic Bottle - Other
500114484,116366,8/20/2021,16,68,PUBLIX #1500114484,DSD,AZ,US,Glendale,116366 DAS,SCL Finished Goods: Bev,Plastic Bottle - Other
500114484,116366,8/27/2021,16,68,PUBLIX #1500114484,DSD,AZ,US,Glendale,116366 DAS,SCL Finished Goods: Bev,Plastic Bottle - Other
500114353,116366,11/19/2022,14,65,SUPER TAR500114353,Ecom,OK,US,May Avenue,116366 DAS,SCL Finished Goods: Bev,Plastic Bottle - Other
500114353,116366,11/17/2022,14,65,SUPER TAR500114353,Ecom,OK,US,May Avenue,116366 DAS,SCL Finished Goods: Bev,Plastic Bottle - Other
500114290,116366,11/16/2022,16,74,DOLLAR GE500114290,Ecom,FL,US,Spring Hill,116366 DAS,SCL Finished Goods: Bev,Plastic Bottle - Other
500114501,115583,8/18/2021,12,4,CIRCLE K 500114501,FSV,BC,US,Prince George,115583COKE,SCL Finished Goods: Bev,Aluminum Can
500114584,116366,8/30/2021,12,51,DOLLAR GE500114584,DSD,AZ,US,Glendale,116366 DAS,SCL Finished Goods: Bev,Plastic Bottle - Other
500114628,116366,8/27/2021,16,68,DOLLAR GE500114628,FSV,NJ,US,South Brunswick,116366 DAS,SCL Finished Goods: Bev,Plastic Bottle - Other
500114761,116366,8/30/2021,16,68,PUBLIX #1500114761,DSD,TX,US,Austin,116366 DAS,SCL Finished Goods: Bev,Plastic Bottle - Other
500114761,116366,8/23/2021,16,68,PUBLIX #1500114761,DSD,TX,US,Austin,116366 DAS,SCL Finished Goods: Bev,Plastic Bottle - Other
500114761,116366,8/6/2021,16,68,PUBLIX #1500114761,DSD,TX,US,Austin,116366 DAS,SCL Finished Goods: Bev,Plastic Bottle - Other
500114769,115586,8/3/2021,36,17,PUBLIX #1500114769,FSV,FL,US,Winter Haven,115586SPRITE,SCL Finished Goods: Bev,Aluminum Can
500114769,116366,8/28/2021,16,68,PUBLIX #1500114769,FSV,FL,US,Winter Haven,116366 DAS,SCL Finished Goods: Bev,Plastic Bottle - Other
500114769,116366,8/10/2021,16,68,PUBLIX #1500114769,FSV,FL,US,Winter Haven,116366 DAS,SCL Finished Goods: Bev,Plastic Bottle - Other
500114769,116366,8/5/2021,16,68,PUBLIX #1500114769,FSV,FL,US,Winter Haven,116366 DAS,SCL Finished Goods: Bev,Plastic Bottle - Other
500114769,116366,8/21/2021,16,68,PUBLIX #1500114769,FSV,FL,US,Winter Haven,116366 DAS,SCL Finished Goods: Bev,Plastic Bottle - Other
500114769,116366,8/14/2021,16,68,PUBLIX #1500114769,FSV,FL,US,Winter Haven,116366 DAS,SCL Finished Goods: Bev,Plastic Bottle - Other
500114347,116366,11/15/2022,14,68,PUBLIX #1500114347,Ecom,BC,US,Calgary,116366 DAS,SCL Finished Goods: Bev,Plastic Bottle - Other
500114940,116366,8/26/2021,16,67,TARGET #2500114940,FSV,FL,US,St. Petersburg,116366 DAS,SCL Finished Goods: Bev,Plastic Bottle - Other
500114974,112259,8/26/2021,14,19,PUBLIX #0500114974,FSV,BC,US,Calgary,112259DAS,SCL Finished Goods: Bev,Plastic Bottle - Other
500114974,116366,8/23/2021,16,68,PUBLIX #0500114974,FSV,BC,US,Calgary,116366 DAS,SCL Finished Goods: Bev,Plastic Bottle - Other
500114974,116366,8/28/2021,16,68,PUBLIX #0500114974,FSV,BC,US,Calgary,116366 DAS,SCL Finished Goods: Bev,Plastic Bottle - Other
500114974,116366,8/14/2021,16,68,PUBLIX #0500114974,FSV,BC,US,Calgary,116366 DAS,SCL Finished Goods: Bev,Plastic Bottle - Other
500114974,116366,8/7/2021,16,68,PUBLIX #0500114974,FSV,BC,US,Calgary,116366 DAS,SCL Finished Goods: Bev,Plastic Bottle - Other
500115019,116366,8/6/2021,16,68,PUBLIX #0500115019,FSV,OK,US,May Avenue,116366 DAS,SCL Finished Goods: Bev,Plastic Bottle - Other
500115019,116366,8/23/2021,16,68,PUBLIX #0500115019,FSV,OK,US,May Avenue,116366 DAS,SCL Finished Goods: Bev,Plastic Bottle - Other
500115019,116366,8/27/2021,16,68,PUBLIX #0500115019,FSV,OK,US,May Avenue,116366 DAS,SCL Finished Goods: Bev,Plastic Bottle - Other
500115019,116366,8/30/2021,16,68,PUBLIX #0500115019,FSV,OK,US,May Avenue,116366 DAS,SCL Finished Goods: Bev,Plastic Bottle - Other
500115019,116366,8/11/2021,16,68,PUBLIX #0500115019,FSV,OK,US,May Avenue,116366 DAS,SCL Finished Goods: Bev,Plastic Bottle - Other
500113696,116366,10/29/2022,14,68,PUBLIX #1500113696,DSD,BC,US,Calgary,116366 DAS,SCL Finished Goods: Bev,Plastic Bottle - Other
500113696,116366,10/27/2022,14,68,PUBLIX #1500113696,DSD,BC,US,Calgary,116366 DAS,SCL Finished Goods: Bev,Plastic Bottle - Other
500113696,116366,10/18/2022,14,68,PUBLIX #1500113696,DSD,BC,US,Calgary,116366 DAS,SCL Finished Goods: Bev,Plastic Bottle - Other
500113719,115584,12/17/2021,12,5,WALMART #500113719,FSV,TX,US,Austin,115584DT COKE,SCL Finished Goods: Bev,Aluminum Can
500113719,115584,12/24/2021,12,5,WALMART #500113719,FSV,TX,US,Austin,115584DT COKE,SCL Finished Goods: Bev,Aluminum Can
500113737,116366,12/11/2021,16,68,PUBLIX #1500113737,FSV,OK,US,May Avenue,116366 DAS,SCL Finished Goods: Bev,Plastic Bottle - Other
500113737,116366,12/4/2021,16,68,PUBLIX #1500113737,FSV,OK,US,May Avenue,116366 DAS,SCL Finished Goods: Bev,Plastic Bottle - Other
500113737,116366,12/23/2021,16,68,PUBLIX #1500113737,FSV,OK,US,May Avenue,116366 DAS,SCL Finished Goods: Bev,Plastic Bottle - Other
500113888,115584,12/11/2021,12,5,PUBLIX #1500113888,DSD,TX,US,Northpoint Combo,115584DT COKE,SCL Finished Goods: Bev,Aluminum Can
500113888,116366,12/16/2021,16,68,PUBLIX #1500113888,DSD,TX,US,Northpoint Combo,116366 DAS,SCL Finished Goods: Bev,Plastic Bottle - Other
500113888,116366,12/2/2021,16,68,PUBLIX #1500113888,DSD,TX,US,Northpoint Combo,116366 DAS,SCL Finished Goods: Bev,Plastic Bottle - Other
500113888,116366,12/28/2021,16,68,PUBLIX #1500113888,DSD,TX,US,Northpoint Combo,116366 DAS,SCL Finished Goods: Bev,Plastic Bottle - Other
500113888,116366,12/21/2021,16,68,PUBLIX #1500113888,DSD,TX,US,Northpoint Combo,116366 DAS,SCL Finished Goods: Bev,Plastic Bottle - Other
500113896,115586,12/11/2021,36,17,PUBLIX #1500113896,FSV,OK,US,May Avenue,115586SPRITE,SCL Finished Goods: Bev,Aluminum Can
500113896,116366,12/4/2021,16,68,PUBLIX #1500113896,FSV,OK,US,May Avenue,116366 DAS,SCL Finished Goods: Bev,Plastic Bottle - Other
500113896,116366,12/21/2021,16,68,PUBLIX #1500113896,FSV,OK,US,May Avenue,116366 DAS,SCL Finished Goods: Bev,Plastic Bottle - Other
500113896,116366,12/23/2021,16,68,PUBLIX #1500113896,FSV,OK,US,May Avenue,116366 DAS,SCL Finished Goods: Bev,Plastic Bottle - Other
500114036,115584,12/10/2021,12,5,PUBLIX #1500114036,FSV,OK,US,May Avenue,115584DT COKE,SCL Finished Goods: Bev,Aluminum Can
500114036,115586,12/10/2021,12,5,PUBLIX #1500114036,FSV,OK,US,May Avenue,115586SPRITE,SCL Finished Goods: Bev,Aluminum Can
500114353,116366,11/15/2022,14,65,SUPER TAR500114353,Ecom,OK,US,May Avenue,116366 DAS,SCL Finished Goods: Bev,Plastic Bottle - Other
500114353,116366,11/12/2022,14,65,SUPER TAR500114353,Ecom,OK,US,May Avenue,116366 DAS,SCL Finished Goods: Bev,Plastic Bottle - Other
500114347,116366,11/10/2022,14,68,PUBLIX #1500114347,Ecom,BC,US,Calgary,116366 DAS,SCL Finished Goods: Bev,Plastic Bottle - Other
500114290,116366,11/9/2022,14,65,DOLLAR GE500114290,Ecom,FL,US,Spring Hill,116366 DAS,SCL Finished Goods: Bev,Plastic Bottle - Other
500114454,116366,11/7/2022,14,68,PUBLIX #1500114454,Ecom,FL,US,Ft. Pierce,116366 DAS,SCL Finished Goods: Bev,Plastic Bottle - Other
500114242,116366,11/5/2022,14,68,PUBLIX #1500114242,Ecom,BC,US,Prince George,116366 DAS,SCL Finished Goods: Bev,Plastic Bottle - Other
500114410,116366,11/5/2022,14,68,PUBLIX #1500114410,Ecom,FL,US,Ft. Pierce,116366 DAS,SCL Finished Goods: Bev,Plastic Bottle - Other
500114454,116366,11/4/2022,14,68,PUBLIX #1500114454,Ecom,FL,US,Ft. Pierce,116366 DAS,SCL Finished Goods: Bev,Plastic Bottle - Other
500114353,116366,11/3/2022,14,65,SUPER TAR500114353,Ecom,OK,US,May Avenue,116366 DAS,SCL Finished Goods: Bev,Plastic Bottle - Other
500114201,115583,12/4/2021,12,5,WALMART #500114201,DSD,BC,US,Calgary,115583COKE,SCL Finished Goods: Bev,Aluminum Can
500114290,116366,11/2/2022,14,65,DOLLAR GE500114290,Ecom,FL,US,Spring Hill,116366 DAS,SCL Finished Goods: Bev,Plastic Bottle - Other
500114361,116366,11/2/2022,14,68,PUBLIX #1500114361,Ecom,NJ,US,South Brunswick,116366 DAS,SCL Finished Goods: Bev,Plastic Bottle - Other
500114245,116366,12/10/2021,16,70,TARGET #2500114245,DSD,AZ,US,Glendale,116366 DAS,SCL Finished Goods: Bev,Plastic Bottle - Other
500114245,116366,12/14/2021,16,70,TARGET #2500114245,DSD,AZ,US,Glendale,116366 DAS,SCL Finished Goods: Bev,Plastic Bottle - Other
500114245,116366,12/28/2021,16,70,TARGET #2500114245,DSD,AZ,US,Glendale,116366 DAS,SCL Finished Goods: Bev,Plastic Bottle - Other
500114245,116366,12/3/2021,16,70,TARGET #2500114245,DSD,AZ,US,Glendale,116366 DAS,SCL Finished Goods: Bev,Plastic Bottle - Other
500114245,116366,12/31/2021,16,70,TARGET #2500114245,DSD,AZ,US,Glendale,116366 DAS,SCL Finished Goods: Bev,Plastic Bottle - Other
500114259,116366,12/27/2021,14,59,FAMILY DO500114259,FSV,NJ,US,South Brunswick,116366 DAS,SCL Finished Goods: Bev,Plastic Bottle - Other
500114488,116366,11/2/2022,14,68,PUBLIX #1500114488,Ecom,FL,US,Jacksonville,116366 DAS,SCL Finished Goods: Bev,Plastic Bottle - Other
500114559,116366,11/2/2022,14,65,TARGET #2500114559,Ecom,NJ,US,South Brunswick,116366 DAS,SCL Finished Goods: Bev,Plastic Bottle - Other
500114296,116366,12/27/2021,16,68,DOLLAR GE500114296,DSD,AZ,US,Glendale,116366 DAS,SCL Finished Goods: Bev,Plastic Bottle - Other
500114296,116366,12/7/2021,16,68,DOLLAR GE500114296,DSD,AZ,US,Glendale,116366 DAS,SCL Finished Goods: Bev,Plastic Bottle - Other
500114338,115586,12/14/2021,12,5,PUBLIX #1500114338,DSD,BC,US,Prince George,115586SPRITE,SCL Finished Goods: Bev,Aluminum Can
500114338,116366,12/16/2021,16,68,PUBLIX #1500114338,DSD,BC,US,Prince George,116366 DAS,SCL Finished Goods: Bev,Plastic Bottle - Other
500114353,116366,11/1/2022,14,65,SUPER TAR500114353,Ecom,OK,US,May Avenue,116366 DAS,SCL Finished Goods: Bev,Plastic Bottle - Other
500114295,116366,10/31/2022,16,74,DOLLAR GE500114295,Ecom,TX,US,Austin,116366 DAS,SCL Finished Goods: Bev,Plastic Bottle - Other
500114361,116366,10/31/2022,14,68,PUBLIX #1500114361,Ecom,NJ,US,South Brunswick,116366 DAS,SCL Finished Goods: Bev,Plastic Bottle - Other
500114355,116366,12/3/2021,16,70,SUPER TAR500114355,DSD,NJ,US,South Brunswick,116366 DAS,SCL Finished Goods: Bev,Plastic Bottle - Other
500114353,116366,10/29/2022,14,65,SUPER TAR500114353,Ecom,OK,US,May Avenue,116366 DAS,SCL Finished Goods: Bev,Plastic Bottle - Other
500114454,116366,10/28/2022,14,68,PUBLIX #1500114454,Ecom,FL,US,Ft. Pierce,116366 DAS,SCL Finished Goods: Bev,Plastic Bottle - Other
500114242,116366,10/26/2022,14,68,PUBLIX #1500114242,Ecom,BC,US,Prince George,116366 DAS,SCL Finished Goods: Bev,Plastic Bottle - Other
500114454,116366,10/26/2022,14,68,PUBLIX #1500114454,Ecom,FL,US,Ft. Pierce,116366 DAS,SCL Finished Goods: Bev,Plastic Bottle - Other
500114369,115583,12/21/2021,12,5,PUBLIX #1500114369,DSD,TX,US,Northpoint Combo,115583COKE,SCL Finished Goods: Bev,Aluminum Can
500114369,115584,12/14/2021,12,5,PUBLIX #1500114369,DSD,TX,US,Northpoint Combo,115584DT COKE,SCL Finished Goods: Bev,Aluminum Can
500114369,115584,12/4/2021,108,51,PUBLIX #1500114369,DSD,TX,US,Northpoint Combo,115584DT COKE,SCL Finished Goods: Bev,Aluminum Can
500114369,116366,12/21/2021,16,68,PUBLIX #1500114369,DSD,TX,US,Northpoint Combo,116366 DAS,SCL Finished Goods: Bev,Plastic Bottle - Other
500114369,116366,12/2/2021,16,68,PUBLIX #1500114369,DSD,TX,US,Northpoint Combo,116366 DAS,SCL Finished Goods: Bev,Plastic Bottle - Other
500114394,116366,12/16/2021,16,68,PUBLIX #1500114394,FSV,TX,US,Austin,116366 DAS,SCL Finished Goods: Bev,Plastic Bottle - Other
500114394,116366,12/11/2021,16,68,PUBLIX #1500114394,FSV,TX,US,Austin,116366 DAS,SCL Finished Goods: Bev,Plastic Bottle - Other
500114394,116366,12/9/2021,16,68,PUBLIX #1500114394,FSV,TX,US,Austin,116366 DAS,SCL Finished Goods: Bev,Plastic Bottle - Other
500114394,116366,12/2/2021,16,68,PUBLIX #1500114394,FSV,TX,US,Austin,116366 DAS,SCL Finished Goods: Bev,Plastic Bottle - Other
500114559,116366,10/26/2022,14,65,TARGET #2500114559,Ecom,NJ,US,South Brunswick,116366 DAS,SCL Finished Goods: Bev,Plastic Bottle - Other
500114242,115583,10/25/2022,36,20,PUBLIX #1500114242,Ecom,BC,US,Prince George,115583COKE,SCL Finished Goods: Bev,Aluminum Can
500114413,116366,12/2/2021,16,68,PUBLIX #1500114413,DSD,FL,US,Ft. Myers,116366 DAS,SCL Finished Goods: Bev,Plastic Bottle - Other
500114426,115584,12/1/2021,12,5,PUBLIX #1500114426,FSV,TX,US,El Paso,115584DT COKE,SCL Finished Goods: Bev,Aluminum Can
500114426,116366,12/6/2021,16,68,PUBLIX #1500114426,FSV,TX,US,El Paso,116366 DAS,SCL Finished Goods: Bev,Plastic Bottle - Other
500114426,116366,12/1/2021,16,68,PUBLIX #1500114426,FSV,TX,US,El Paso,116366 DAS,SCL Finished Goods: Bev,Plastic Bottle - Other
500114426,116366,12/15/2021,16,68,PUBLIX #1500114426,FSV,TX,US,El Paso,116366 DAS,SCL Finished Goods: Bev,Plastic Bottle - Other
500114426,116366,12/15/2021,12,51,PUBLIX #1500114426,FSV,TX,US,El Paso,116366 DAS,SCL Finished Goods: Bev,Plastic Bottle - Other
500114431,115583,12/16/2021,24,11,PUBLIX #1500114431,DSD,NJ,US,South Brunswick,115583COKE,SCL Finished Goods: Bev,Aluminum Can
500114431,115583,12/18/2021,12,5,PUBLIX #1500114431,DSD,NJ,US,South Brunswick,115583COKE,SCL Finished Goods: Bev,Aluminum Can
500114431,115584,12/18/2021,12,5,PUBLIX #1500114431,DSD,NJ,US,South Brunswick,115584DT COKE,SCL Finished Goods: Bev,Aluminum Can
500114431,116366,12/16/2021,16,68,PUBLIX #1500114431,DSD,NJ,US,South Brunswick,116366 DAS,SCL Finished Goods: Bev,Plastic Bottle - Other
500113696,116366,9/22/2022,14,68,PUBLIX #1500113696,DSD,BC,US,Calgary,116366 DAS,SCL Finished Goods: Bev,Plastic Bottle - Other
500113696,115586,9/8/2022,12,6,PUBLIX #1500113696,DSD,BC,US,Calgary,115586SPRITE,SCL Finished Goods: Bev,Aluminum Can
500113696,116366,8/30/2022,14,68,PUBLIX #1500113696,DSD,BC,US,Calgary,116366 DAS,SCL Finished Goods: Bev,Plastic Bottle - Other
500113737,116366,2/16/2021,16,68,PUBLIX #1500113737,FSV,OK,US,May Avenue,116366 DAS,SCL Finished Goods: Bev,Plastic Bottle - Other
500113737,116366,2/4/2021,16,68,PUBLIX #1500113737,FSV,OK,US,May Avenue,116366 DAS,SCL Finished Goods: Bev,Plastic Bottle - Other
500113737,116366,2/6/2021,16,68,PUBLIX #1500113737,FSV,OK,US,May Avenue,116366 DAS,SCL Finished Goods: Bev,Plastic Bottle - Other
500113737,116366,2/9/2021,16,68,PUBLIX #1500113737,FSV,OK,US,May Avenue,116366 DAS,SCL Finished Goods: Bev,Plastic Bottle - Other
500113737,116366,2/13/2021,16,68,PUBLIX #1500113737,FSV,OK,US,May Avenue,116366 DAS,SCL Finished Goods: Bev,Plastic Bottle - Other
500113737,116366,2/18/2021,16,68,PUBLIX #1500113737,FSV,OK,US,May Avenue,116366 DAS,SCL Finished Goods: Bev,Plastic Bottle - Other
500113737,116366,2/20/2021,16,68,PUBLIX #1500113737,FSV,OK,US,May Avenue,116366 DAS,SCL Finished Goods: Bev,Plastic Bottle - Other
500113888,116366,2/27/2021,16,68,PUBLIX #1500113888,DSD,TX,US,Northpoint Combo,116366 DAS,SCL Finished Goods: Bev,Plastic Bottle - Other
500113888,116366,2/16/2021,16,68,PUBLIX #1500113888,DSD,TX,US,Northpoint Combo,116366 DAS,SCL Finished Goods: Bev,Plastic Bottle - Other
500113888,116366,2/2/2021,16,68,PUBLIX #1500113888,DSD,TX,US,Northpoint Combo,116366 DAS,SCL Finished Goods: Bev,Plastic Bottle - Other
500113888,116366,2/13/2021,16,68,PUBLIX #1500113888,DSD,TX,US,Northpoint Combo,116366 DAS,SCL Finished Goods: Bev,Plastic Bottle - Other
500113896,116366,2/20/2021,16,68,PUBLIX #1500113896,FSV,OK,US,May Avenue,116366 DAS,SCL Finished Goods: Bev,Plastic Bottle - Other
500113896,116366,2/6/2021,16,68,PUBLIX #1500113896,FSV,OK,US,May Avenue,116366 DAS,SCL Finished Goods: Bev,Plastic Bottle - Other
500113896,116366,2/18/2021,16,68,PUBLIX #1500113896,FSV,OK,US,May Avenue,116366 DAS,SCL Finished Goods: Bev,Plastic Bottle - Other
500113896,116366,2/4/2021,16,68,PUBLIX #1500113896,FSV,OK,US,May Avenue,116366 DAS,SCL Finished Goods: Bev,Plastic Bottle - Other
500113896,116366,2/25/2021,16,68,PUBLIX #1500113896,FSV,OK,US,May Avenue,116366 DAS,SCL Finished Goods: Bev,Plastic Bottle - Other
500113926,115584,2/8/2021,12,4,CIRCLE K 500113926,FSV,FL,US,Winter Haven,115584DT COKE,SCL Finished Goods: Bev,Aluminum Can
500114036,116366,2/23/2021,16,68,PUBLIX #1500114036,FSV,OK,US,May Avenue,116366 DAS,SCL Finished Goods: Bev,Plastic Bottle - Other
500114036,116366,2/9/2021,16,68,PUBLIX #1500114036,FSV,OK,US,May Avenue,116366 DAS,SCL Finished Goods: Bev,Plastic Bottle - Other
500114036,116366,2/16/2021,16,68,PUBLIX #1500114036,FSV,OK,US,May Avenue,116366 DAS,SCL Finished Goods: Bev,Plastic Bottle - Other
500114353,116366,10/25/2022,14,65,SUPER TAR500114353,Ecom,OK,US,May Avenue,116366 DAS,SCL Finished Goods: Bev,Plastic Bottle - Other
500114410,116366,10/25/2022,14,68,PUBLIX #1500114410,Ecom,FL,US,Ft. Pierce,116366 DAS,SCL Finished Goods: Bev,Plastic Bottle - Other
500113929,103029,10/24/2022,16,20,CIRCLE K 500113929,Ecom,TX,US,Corpus Christi,103029SPRITE,SCL Finished Goods: Bev,Plastic Bottle - Dimple
500114353,116366,10/22/2022,14,65,SUPER TAR500114353,Ecom,OK,US,May Avenue,116366 DAS,SCL Finished Goods: Bev,Plastic Bottle - Other
500114410,116366,10/22/2022,14,68,PUBLIX #1500114410,Ecom,FL,US,Ft. Pierce,116366 DAS,SCL Finished Goods: Bev,Plastic Bottle - Other
500114361,116366,10/21/2022,14,68,PUBLIX #1500114361,Ecom,NJ,US,South Brunswick,116366 DAS,SCL Finished Goods: Bev,Plastic Bottle - Other
500114559,116366,10/21/2022,14,65,TARGET #2500114559,Ecom,NJ,US,South Brunswick,116366 DAS,SCL Finished Goods: Bev,Plastic Bottle - Other
500114353,116366,10/20/2022,14,65,SUPER TAR500114353,Ecom,OK,US,May Avenue,116366 DAS,SCL Finished Goods: Bev,Plastic Bottle - Other
500114245,116366,2/26/2021,16,67,TARGET #2500114245,DSD,AZ,US,Glendale,116366 DAS,SCL Finished Goods: Bev,Plastic Bottle - Other
500114245,116366,2/2/2021,16,67,TARGET #2500114245,DSD,AZ,US,Glendale,116366 DAS,SCL Finished Goods: Bev,Plastic Bottle - Other
500114245,116366,2/5/2021,16,67,TARGET #2500114245,DSD,AZ,US,Glendale,116366 DAS,SCL Finished Goods: Bev,Plastic Bottle - Other
500114245,116366,2/9/2021,16,67,TARGET #2500114245,DSD,AZ,US,Glendale,116366 DAS,SCL Finished Goods: Bev,Plastic Bottle - Other
500114245,116366,2/16/2021,16,67,TARGET #2500114245,DSD,AZ,US,Glendale,116366 DAS,SCL Finished Goods: Bev,Plastic Bottle - Other
500114245,116366,2/19/2021,12,50,TARGET #2500114245,DSD,AZ,US,Glendale,116366 DAS,SCL Finished Goods: Bev,Plastic Bottle - Other
500114454,116366,10/19/2022,14,68,PUBLIX #1500114454,Ecom,FL,US,Ft. Pierce,116366 DAS,SCL Finished Goods: Bev,Plastic Bottle - Other
500114353,116366,10/18/2022,14,65,SUPER TAR500114353,Ecom,OK,US,May Avenue,116366 DAS,SCL Finished Goods: Bev,Plastic Bottle - Other
500114410,116366,10/18/2022,14,68,PUBLIX #1500114410,Ecom,FL,US,Ft. Pierce,116366 DAS,SCL Finished Goods: Bev,Plastic Bottle - Other
500114295,116366,10/17/2022,16,74,DOLLAR GE500114295,Ecom,TX,US,Austin,116366 DAS,SCL Finished Goods: Bev,Plastic Bottle - Other
500114454,116366,10/17/2022,14,68,PUBLIX #1500114454,Ecom,FL,US,Ft. Pierce,116366 DAS,SCL Finished Goods: Bev,Plastic Bottle - Other
500114338,116366,2/20/2021,16,68,PUBLIX #1500114338,DSD,BC,US,Prince George,116366 DAS,SCL Finished Goods: Bev,Plastic Bottle - Other
500114338,116366,2/4/2021,16,68,PUBLIX #1500114338,DSD,BC,US,Prince George,116366 DAS,SCL Finished Goods: Bev,Plastic Bottle - Other
500114338,116366,2/25/2021,16,68,PUBLIX #1500114338,DSD,BC,US,Prince George,116366 DAS,SCL Finished Goods: Bev,Plastic Bottle - Other
500113707,115583,10/15/2022,36,20,WALMART #500113707,Ecom,TX,US,Northpoint Combo,115583COKE,SCL Finished Goods: Bev,Aluminum Can
500114488,115583,10/14/2022,12,6,PUBLIX #1500114488,Ecom,FL,US,Jacksonville,115583COKE,SCL Finished Goods: Bev,Aluminum Can
500114347,116366,10/11/2022,14,68,PUBLIX #1500114347,Ecom,BC,US,Calgary,116366 DAS,SCL Finished Goods: Bev,Plastic Bottle - Other
500114364,116366,2/19/2021,16,67,SUPER TAR500114364,DSD,TX,US,El Paso,116366 DAS,SCL Finished Goods: Bev,Plastic Bottle - Other
500114364,116366,2/23/2021,16,67,SUPER TAR500114364,DSD,TX,US,El Paso,116366 DAS,SCL Finished Goods: Bev,Plastic Bottle - Other
500114369,116366,2/11/2021,16,68,PUBLIX #1500114369,DSD,TX,US,Northpoint Combo,116366 DAS,SCL Finished Goods: Bev,Plastic Bottle - Other
500114369,116366,2/4/2021,16,68,PUBLIX #1500114369,DSD,TX,US,Northpoint Combo,116366 DAS,SCL Finished Goods: Bev,Plastic Bottle - Other
500114369,116366,2/25/2021,16,68,PUBLIX #1500114369,DSD,TX,US,Northpoint Combo,116366 DAS,SCL Finished Goods: Bev,Plastic Bottle - Other
500114369,116366,2/6/2021,16,68,PUBLIX #1500114369,DSD,TX,US,Northpoint Combo,116366 DAS,SCL Finished Goods: Bev,Plastic Bottle - Other
500114372,116366,2/19/2021,16,67,SUPER TAR500114372,FSV,FL,US,Spring Hill,116366 DAS,SCL Finished Goods: Bev,Plastic Bottle - Other
500114394,116366,2/25/2021,16,68,PUBLIX #1500114394,FSV,TX,US,Austin,116366 DAS,SCL Finished Goods: Bev,Plastic Bottle - Other
500114394,116366,2/2/2021,16,68,PUBLIX #1500114394,FSV,TX,US,Austin,116366 DAS,SCL Finished Goods: Bev,Plastic Bottle - Other
500114394,116366,2/18/2021,16,68,PUBLIX #1500114394,FSV,TX,US,Austin,116366 DAS,SCL Finished Goods: Bev,Plastic Bottle - Other
500114095,103172,10/11/2022,12,10,WALMART #500114095,Ecom,BC,US,Prince George,103172COKE,SCL Finished Goods: Bev,Glass Bottle  - Contour
500114353,116366,10/11/2022,14,65,SUPER TAR500114353,Ecom,OK,US,May Avenue,116366 DAS,SCL Finished Goods: Bev,Plastic Bottle - Other
500114412,116366,2/8/2021,16,68,PUBLIX #1500114412,FSV,OK,US,May Avenue,116366 DAS,SCL Finished Goods: Bev,Plastic Bottle - Other
500114412,116366,2/22/2021,16,68,PUBLIX #1500114412,FSV,OK,US,May Avenue,116366 DAS,SCL Finished Goods: Bev,Plastic Bottle - Other
500114412,116366,2/18/2021,16,68,PUBLIX #1500114412,FSV,OK,US,May Avenue,116366 DAS,SCL Finished Goods: Bev,Plastic Bottle - Other
500114412,116366,2/1/2021,16,68,PUBLIX #1500114412,FSV,OK,US,May Avenue,116366 DAS,SCL Finished Goods: Bev,Plastic Bottle - Other
500114431,116366,2/25/2021,16,68,PUBLIX #1500114431,DSD,NJ,US,South Brunswick,116366 DAS,SCL Finished Goods: Bev,Plastic Bottle - Other
500114431,116366,2/6/2021,16,68,PUBLIX #1500114431,DSD,NJ,US,South Brunswick,116366 DAS,SCL Finished Goods: Bev,Plastic Bottle - Other
500114431,116366,2/1/2021,16,68,PUBLIX #1500114431,DSD,NJ,US,South Brunswick,116366 DAS,SCL Finished Goods: Bev,Plastic Bottle - Other
500114410,115584,10/11/2022,12,6,PUBLIX #1500114410,Ecom,FL,US,Ft. Pierce,115584DT COKE,SCL Finished Goods: Bev,Aluminum Can
500114484,116366,2/26/2021,16,68,PUBLIX #1500114484,DSD,AZ,US,Glendale,116366 DAS,SCL Finished Goods: Bev,Plastic Bottle - Other
500114484,116366,2/2/2021,16,68,PUBLIX #1500114484,DSD,AZ,US,Glendale,116366 DAS,SCL Finished Goods: Bev,Plastic Bottle - Other
500114484,116366,2/5/2021,16,68,PUBLIX #1500114484,DSD,AZ,US,Glendale,116366 DAS,SCL Finished Goods: Bev,Plastic Bottle - Other
500114484,116366,2/19/2021,16,68,PUBLIX #1500114484,DSD,AZ,US,Glendale,116366 DAS,SCL Finished Goods: Bev,Plastic Bottle - Other
500114454,116366,10/10/2022,14,68,PUBLIX #1500114454,Ecom,FL,US,Ft. Pierce,116366 DAS,SCL Finished Goods: Bev,Plastic Bottle - Other
500114434,116366,10/7/2022,16,72,FAMILY DO500114434,Ecom,FL,US,Sarasota,116366 DAS,SCL Finished Goods: Bev,Plastic Bottle - Other
500113707,115583,10/6/2022,12,6,WALMART #500113707,Ecom,TX,US,Northpoint Combo,115583COKE,SCL Finished Goods: Bev,Aluminum Can
500114295,116366,10/5/2022,16,74,DOLLAR GE500114295,Ecom,TX,US,Austin,116366 DAS,SCL Finished Goods: Bev,Plastic Bottle - Other
500114559,116366,10/5/2022,14,65,TARGET #2500114559,Ecom,NJ,US,South Brunswick,116366 DAS,SCL Finished Goods: Bev,Plastic Bottle - Other
500114353,116366,10/4/2022,14,65,SUPER TAR500114353,Ecom,OK,US,May Avenue,116366 DAS,SCL Finished Goods: Bev,Plastic Bottle - Other
500114410,116366,10/1/2022,14,68,PUBLIX #1500114410,Ecom,FL,US,Ft. Pierce,116366 DAS,SCL Finished Goods: Bev,Plastic Bottle - Other
500114614,116366,9/30/2022,16,74,DOLLAR GE500114614,Ecom,FL,US,St. Petersburg,116366 DAS,SCL Finished Goods: Bev,Plastic Bottle - Other
500114581,116366,2/19/2021,16,68,DOLLAR GE500114581,FSV,FL,US,Spring Hill,116366 DAS,SCL Finished Goods: Bev,Plastic Bottle - Other
500114573,116366,9/27/2022,20,93,DOLLAR GE500114573,Ecom,TX,US,Austin,116366 DAS,SCL Finished Goods: Bev,Plastic Bottle - Other
500114295,116366,9/26/2022,16,74,DOLLAR GE500114295,Ecom,TX,US,Austin,116366 DAS,SCL Finished Goods: Bev,Plastic Bottle - Other
500114600,116366,2/1/2021,12,51,DOLLAR GE500114600,FSV,FL,US,Winter Haven,116366 DAS,SCL Finished Goods: Bev,Plastic Bottle - Other
500114096,116366,9/24/2022,14,68,PUBLIX #1500114096,Ecom,NJ,US,South Brunswick,116366 DAS,SCL Finished Goods: Bev,Plastic Bottle - Other
500114410,116366,9/24/2022,14,68,PUBLIX #1500114410,Ecom,FL,US,Ft. Pierce,116366 DAS,SCL Finished Goods: Bev,Plastic Bottle - Other
500114488,116366,9/23/2022,14,68,PUBLIX #1500114488,Ecom,FL,US,Jacksonville,116366 DAS,SCL Finished Goods: Bev,Plastic Bottle - Other
500114622,116366,2/1/2021,12,51,DOLLAR GE500114622,DSD,TX,US,Northpoint Combo,116366 DAS,SCL Finished Goods: Bev,Plastic Bottle - Other
500114622,116366,2/8/2021,12,51,DOLLAR GE500114622,DSD,TX,US,Northpoint Combo,116366 DAS,SCL Finished Goods: Bev,Plastic Bottle - Other
500114624,116366,2/22/2021,16,68,DOLLAR GE500114624,DSD,FL,US,St. Petersburg,116366 DAS,SCL Finished Goods: Bev,Plastic Bottle - Other
500114627,116366,2/11/2021,12,51,DOLLAR GE500114627,FSV,AZ,US,Glendale,116366 DAS,SCL Finished Goods: Bev,Plastic Bottle - Other
500114628,116366,2/26/2021,16,68,DOLLAR GE500114628,FSV,NJ,US,South Brunswick,116366 DAS,SCL Finished Goods: Bev,Plastic Bottle - Other
500114628,116366,2/12/2021,16,68,DOLLAR GE500114628,FSV,NJ,US,South Brunswick,116366 DAS,SCL Finished Goods: Bev,Plastic Bottle - Other
500114633,116366,2/20/2021,20,85,DOLLAR GE500114633,FSV,TX,US,Northpoint Combo,116366 DAS,SCL Finished Goods: Bev,Plastic Bottle - Other
500114633,116366,2/27/2021,16,68,DOLLAR GE500114633,FSV,TX,US,Northpoint Combo,116366 DAS,SCL Finished Goods: Bev,Plastic Bottle - Other
500114633,116366,2/12/2021,16,68,DOLLAR GE500114633,FSV,TX,US,Northpoint Combo,116366 DAS,SCL Finished Goods: Bev,Plastic Bottle - Other
500114761,116366,2/5/2021,16,68,PUBLIX #1500114761,DSD,TX,US,Austin,116366 DAS,SCL Finished Goods: Bev,Plastic Bottle - Other
500114761,116366,2/17/2021,16,68,PUBLIX #1500114761,DSD,TX,US,Austin,116366 DAS,SCL Finished Goods: Bev,Plastic Bottle - Other
500114761,116366,2/12/2021,16,68,PUBLIX #1500114761,DSD,TX,US,Austin,116366 DAS,SCL Finished Goods: Bev,Plastic Bottle - Other
500114761,116366,2/15/2021,16,68,PUBLIX #1500114761,DSD,TX,US,Austin,116366 DAS,SCL Finished Goods: Bev,Plastic Bottle - Other
500114761,116366,2/19/2021,16,68,PUBLIX #1500114761,DSD,TX,US,Austin,116366 DAS,SCL Finished Goods: Bev,Plastic Bottle - Other
500114761,116366,2/24/2021,16,68,PUBLIX #1500114761,DSD,TX,US,Austin,116366 DAS,SCL Finished Goods: Bev,Plastic Bottle - Other
500114761,116366,2/1/2021,16,68,PUBLIX #1500114761,DSD,TX,US,Austin,116366 DAS,SCL Finished Goods: Bev,Plastic Bottle - Other
500114769,116366,2/20/2021,16,68,PUBLIX #1500114769,FSV,FL,US,Winter Haven,116366 DAS,SCL Finished Goods: Bev,Plastic Bottle - Other
500114769,116366,2/25/2021,16,68,PUBLIX #1500114769,FSV,FL,US,Winter Haven,116366 DAS,SCL Finished Goods: Bev,Plastic Bottle - Other
500114769,116366,2/27/2021,16,68,PUBLIX #1500114769,FSV,FL,US,Winter Haven,116366 DAS,SCL Finished Goods: Bev,Plastic Bottle - Other
500114769,116366,2/18/2021,16,68,PUBLIX #1500114769,FSV,FL,US,Winter Haven,116366 DAS,SCL Finished Goods: Bev,Plastic Bottle - Other
500114769,116366,2/13/2021,16,68,PUBLIX #1500114769,FSV,FL,US,Winter Haven,116366 DAS,SCL Finished Goods: Bev,Plastic Bottle - Other
500114940,116366,2/22/2021,16,67,TARGET #2500114940,FSV,FL,US,St. Petersburg,116366 DAS,SCL Finished Goods: Bev,Plastic Bottle - Other
500114974,116366,2/13/2021,16,68,PUBLIX #0500114974,FSV,BC,US,Calgary,116366 DAS,SCL Finished Goods: Bev,Plastic Bottle - Other
500114974,116366,2/1/2021,16,68,PUBLIX #0500114974,FSV,BC,US,Calgary,116366 DAS,SCL Finished Goods: Bev,Plastic Bottle - Other
500114974,116366,2/20/2021,16,68,PUBLIX #0500114974,FSV,BC,US,Calgary,116366 DAS,SCL Finished Goods: Bev,Plastic Bottle - Other
500114974,116366,2/8/2021,16,68,PUBLIX #0500114974,FSV,BC,US,Calgary,116366 DAS,SCL Finished Goods: Bev,Plastic Bottle - Other
500114974,116366,2/15/2021,16,68,PUBLIX #0500114974,FSV,BC,US,Calgary,116366 DAS,SCL Finished Goods: Bev,Plastic Bottle - Other
500114974,116366,2/4/2021,16,68,PUBLIX #0500114974,FSV,BC,US,Calgary,116366 DAS,SCL Finished Goods: Bev,Plastic Bottle - Other
500114974,116366,2/27/2021,16,68,PUBLIX #0500114974,FSV,BC,US,Calgary,116366 DAS,SCL Finished Goods: Bev,Plastic Bottle - Other
500115000,116366,2/19/2021,16,68,FAMILY DO500115000,DSD,TX,US,Corpus Christi,116366 DAS,SCL Finished Goods: Bev,Plastic Bottle - Other
500113737,116366,1/21/2021,16,68,PUBLIX #1500113737,FSV,OK,US,May Avenue,116366 DAS,SCL Finished Goods: Bev,Plastic Bottle - Other
500113888,116366,1/19/2021,16,68,PUBLIX #1500113888,DSD,TX,US,Northpoint Combo,116366 DAS,SCL Finished Goods: Bev,Plastic Bottle - Other
500113888,116366,1/14/2021,16,68,PUBLIX #1500113888,DSD,TX,US,Northpoint Combo,116366 DAS,SCL Finished Goods: Bev,Plastic Bottle - Other
500113888,116366,1/21/2021,16,68,PUBLIX #1500113888,DSD,TX,US,Northpoint Combo,116366 DAS,SCL Finished Goods: Bev,Plastic Bottle - Other
500113896,116366,1/30/2021,16,68,PUBLIX #1500113896,FSV,OK,US,May Avenue,116366 DAS,SCL Finished Goods: Bev,Plastic Bottle - Other
500113896,116366,1/21/2021,16,68,PUBLIX #1500113896,FSV,OK,US,May Avenue,116366 DAS,SCL Finished Goods: Bev,Plastic Bottle - Other
500113896,116366,1/19/2021,16,68,PUBLIX #1500113896,FSV,OK,US,May Avenue,116366 DAS,SCL Finished Goods: Bev,Plastic Bottle - Other
500113896,116366,1/2/2021,16,68,PUBLIX #1500113896,FSV,OK,US,May Avenue,116366 DAS,SCL Finished Goods: Bev,Plastic Bottle - Other
500114559,116366,9/23/2022,14,65,TARGET #2500114559,Ecom,NJ,US,South Brunswick,116366 DAS,SCL Finished Goods: Bev,Plastic Bottle - Other
500114036,116366,1/26/2021,16,68,PUBLIX #1500114036,FSV,OK,US,May Avenue,116366 DAS,SCL Finished Goods: Bev,Plastic Bottle - Other
500114353,116366,9/22/2022,14,65,SUPER TAR500114353,Ecom,OK,US,May Avenue,116366 DAS,SCL Finished Goods: Bev,Plastic Bottle - Other
500113766,155361,9/21/2022,18,10,WALMART #500113766,Ecom,NJ,US,South Brunswick,1553616P HC FRESCA,SCL Finished Goods: Bev,Aluminum Can - Sleek
500114159,116366,1/2/2021,24,89,WALMART #500114159,FSV,NJ,US,South Brunswick,116366 DAS,SCL Finished Goods: Bev,Plastic Bottle - Other
500114159,116366,1/1/2021,24,89,WALMART #500114159,FSV,NJ,US,South Brunswick,116366 DAS,SCL Finished Goods: Bev,Plastic Bottle - Other
500114201,116366,1/2/2021,16,59,WALMART #500114201,DSD,BC,US,Calgary,116366 DAS,SCL Finished Goods: Bev,Plastic Bottle - Other
500114290,116366,9/21/2022,16,74,DOLLAR GE500114290,Ecom,FL,US,Spring Hill,116366 DAS,SCL Finished Goods: Bev,Plastic Bottle - Other
500114245,116366,1/15/2021,12,50,TARGET #2500114245,DSD,AZ,US,Glendale,116366 DAS,SCL Finished Goods: Bev,Plastic Bottle - Other
500114245,116366,1/22/2021,16,67,TARGET #2500114245,DSD,AZ,US,Glendale,116366 DAS,SCL Finished Goods: Bev,Plastic Bottle - Other
500114245,116366,1/26/2021,16,67,TARGET #2500114245,DSD,AZ,US,Glendale,116366 DAS,SCL Finished Goods: Bev,Plastic Bottle - Other
500114580,116366,9/20/2022,12,56,DOLLAR GE500114580,Ecom,FL,US,Spring Hill,116366 DAS,SCL Finished Goods: Bev,Plastic Bottle - Other
500114296,116366,1/12/2021,16,68,DOLLAR GE500114296,DSD,AZ,US,Glendale,116366 DAS,SCL Finished Goods: Bev,Plastic Bottle - Other
500114338,116366,1/26/2021,16,68,PUBLIX #1500114338,DSD,BC,US,Prince George,116366 DAS,SCL Finished Goods: Bev,Plastic Bottle - Other
500114338,116366,1/23/2021,16,68,PUBLIX #1500114338,DSD,BC,US,Prince George,116366 DAS,SCL Finished Goods: Bev,Plastic Bottle - Other
500114338,116366,1/16/2021,16,68,PUBLIX #1500114338,DSD,BC,US,Prince George,116366 DAS,SCL Finished Goods: Bev,Plastic Bottle - Other
500114488,116366,9/19/2022,14,68,PUBLIX #1500114488,Ecom,FL,US,Jacksonville,116366 DAS,SCL Finished Goods: Bev,Plastic Bottle - Other
500114559,116366,9/19/2022,14,65,TARGET #2500114559,Ecom,NJ,US,South Brunswick,116366 DAS,SCL Finished Goods: Bev,Plastic Bottle - Other
500114242,116366,9/17/2022,14,68,PUBLIX #1500114242,Ecom,BC,US,Prince George,116366 DAS,SCL Finished Goods: Bev,Plastic Bottle - Other
500114353,116366,9/17/2022,14,65,SUPER TAR500114353,Ecom,OK,US,May Avenue,116366 DAS,SCL Finished Goods: Bev,Plastic Bottle - Other
500114242,116366,9/14/2022,14,68,PUBLIX #1500114242,Ecom,BC,US,Prince George,116366 DAS,SCL Finished Goods: Bev,Plastic Bottle - Other
500114369,116366,1/28/2021,16,68,PUBLIX #1500114369,DSD,TX,US,Northpoint Combo,116366 DAS,SCL Finished Goods: Bev,Plastic Bottle - Other
500114369,116366,1/12/2021,16,68,PUBLIX #1500114369,DSD,TX,US,Northpoint Combo,116366 DAS,SCL Finished Goods: Bev,Plastic Bottle - Other
500114369,116366,1/2/2021,16,68,PUBLIX #1500114369,DSD,TX,US,Northpoint Combo,116366 DAS,SCL Finished Goods: Bev,Plastic Bottle - Other
500114369,116366,1/30/2021,16,68,PUBLIX #1500114369,DSD,TX,US,Northpoint Combo,116366 DAS,SCL Finished Goods: Bev,Plastic Bottle - Other
500114394,116366,1/23/2021,16,68,PUBLIX #1500114394,FSV,TX,US,Austin,116366 DAS,SCL Finished Goods: Bev,Plastic Bottle - Other
500114394,116366,1/28/2021,16,68,PUBLIX #1500114394,FSV,TX,US,Austin,116366 DAS,SCL Finished Goods: Bev,Plastic Bottle - Other
500114394,116366,1/30/2021,16,68,PUBLIX #1500114394,FSV,TX,US,Austin,116366 DAS,SCL Finished Goods: Bev,Plastic Bottle - Other
500114290,116366,9/14/2022,14,65,DOLLAR GE500114290,Ecom,FL,US,Spring Hill,116366 DAS,SCL Finished Goods: Bev,Plastic Bottle - Other
500114412,116366,1/11/2021,16,68,PUBLIX #1500114412,FSV,OK,US,May Avenue,116366 DAS,SCL Finished Goods: Bev,Plastic Bottle - Other
500114412,116366,1/25/2021,16,68,PUBLIX #1500114412,FSV,OK,US,May Avenue,116366 DAS,SCL Finished Goods: Bev,Plastic Bottle - Other
500114413,116366,1/21/2021,16,68,PUBLIX #1500114413,DSD,FL,US,Ft. Myers,116366 DAS,SCL Finished Goods: Bev,Plastic Bottle - Other
500114413,116366,1/18/2021,16,68,PUBLIX #1500114413,DSD,FL,US,Ft. Myers,116366 DAS,SCL Finished Goods: Bev,Plastic Bottle - Other
500114426,116366,1/23/2021,16,68,PUBLIX #1500114426,FSV,TX,US,El Paso,116366 DAS,SCL Finished Goods: Bev,Plastic Bottle - Other
500114431,116366,1/18/2021,16,68,PUBLIX #1500114431,DSD,NJ,US,South Brunswick,116366 DAS,SCL Finished Goods: Bev,Plastic Bottle - Other
500114431,116366,1/28/2021,16,68,PUBLIX #1500114431,DSD,NJ,US,South Brunswick,116366 DAS,SCL Finished Goods: Bev,Plastic Bottle - Other
500114431,116366,1/2/2021,16,68,PUBLIX #1500114431,DSD,NJ,US,South Brunswick,116366 DAS,SCL Finished Goods: Bev,Plastic Bottle - Other
500114431,116366,1/25/2021,16,68,PUBLIX #1500114431,DSD,NJ,US,South Brunswick,116366 DAS,SCL Finished Goods: Bev,Plastic Bottle - Other
500114484,116366,1/15/2021,16,68,PUBLIX #1500114484,DSD,AZ,US,Glendale,116366 DAS,SCL Finished Goods: Bev,Plastic Bottle - Other
500114096,116366,9/13/2022,14,68,PUBLIX #1500114096,Ecom,NJ,US,South Brunswick,116366 DAS,SCL Finished Goods: Bev,Plastic Bottle - Other
500114560,116366,1/2/2021,24,89,WALMART #500114560,DSD,OK,US,May Avenue,116366 DAS,SCL Finished Goods: Bev,Plastic Bottle - Other
500114295,116366,9/12/2022,16,74,DOLLAR GE500114295,Ecom,TX,US,Austin,116366 DAS,SCL Finished Goods: Bev,Plastic Bottle - Other
500114581,116366,1/15/2021,15,63,DOLLAR GE500114581,FSV,FL,US,Spring Hill,116366 DAS,SCL Finished Goods: Bev,Plastic Bottle - Other
500114597,116366,1/20/2021,12,51,DOLLAR GE500114597,DSD,NJ,US,South Brunswick,116366 DAS,SCL Finished Goods: Bev,Plastic Bottle - Other
500114598,116366,1/12/2021,12,51,DOLLAR GE500114598,FSV,FL,US,Sebring,116366 DAS,SCL Finished Goods: Bev,Plastic Bottle - Other
500114600,116366,1/8/2021,12,51,DOLLAR GE500114600,FSV,FL,US,Winter Haven,116366 DAS,SCL Finished Goods: Bev,Plastic Bottle - Other
500114353,116366,9/10/2022,14,65,SUPER TAR500114353,Ecom,OK,US,May Avenue,116366 DAS,SCL Finished Goods: Bev,Plastic Bottle - Other
500114434,115583,9/8/2022,12,6,FAMILY DO500114434,Ecom,FL,US,Sarasota,115583COKE,SCL Finished Goods: Bev,Aluminum Can
500114622,116366,1/25/2021,12,51,DOLLAR GE500114622,DSD,TX,US,Northpoint Combo,116366 DAS,SCL Finished Goods: Bev,Plastic Bottle - Other
500114635,116366,1/25/2021,16,68,DOLLAR GE500114635,DSD,OK,US,May Avenue,116366 DAS,SCL Finished Goods: Bev,Plastic Bottle - Other
500114761,116366,1/20/2021,16,68,PUBLIX #1500114761,DSD,TX,US,Austin,116366 DAS,SCL Finished Goods: Bev,Plastic Bottle - Other
500114761,116366,1/15/2021,16,68,PUBLIX #1500114761,DSD,TX,US,Austin,116366 DAS,SCL Finished Goods: Bev,Plastic Bottle - Other
500114769,116366,1/21/2021,16,68,PUBLIX #1500114769,FSV,FL,US,Winter Haven,116366 DAS,SCL Finished Goods: Bev,Plastic Bottle - Other
500114769,116366,1/19/2021,16,68,PUBLIX #1500114769,FSV,FL,US,Winter Haven,116366 DAS,SCL Finished Goods: Bev,Plastic Bottle - Other
500114940,116366,1/18/2021,16,67,TARGET #2500114940,FSV,FL,US,St. Petersburg,116366 DAS,SCL Finished Goods: Bev,Plastic Bottle - Other
500114940,116366,1/7/2021,16,67,TARGET #2500114940,FSV,FL,US,St. Petersburg,116366 DAS,SCL Finished Goods: Bev,Plastic Bottle - Other
500114940,116366,1/4/2021,16,67,TARGET #2500114940,FSV,FL,US,St. Petersburg,116366 DAS,SCL Finished Goods: Bev,Plastic Bottle - Other
500114940,116366,1/28/2021,16,67,TARGET #2500114940,FSV,FL,US,St. Petersburg,116366 DAS,SCL Finished Goods: Bev,Plastic Bottle - Other
500114974,116366,1/28/2021,16,68,PUBLIX #0500114974,FSV,BC,US,Calgary,116366 DAS,SCL Finished Goods: Bev,Plastic Bottle - Other
500114974,116366,1/23/2021,16,68,PUBLIX #0500114974,FSV,BC,US,Calgary,116366 DAS,SCL Finished Goods: Bev,Plastic Bottle - Other
500114974,116366,1/25/2021,16,68,PUBLIX #0500114974,FSV,BC,US,Calgary,116366 DAS,SCL Finished Goods: Bev,Plastic Bottle - Other
500114974,116366,1/18/2021,16,68,PUBLIX #0500114974,FSV,BC,US,Calgary,116366 DAS,SCL Finished Goods: Bev,Plastic Bottle - Other
500115019,116366,1/27/2021,16,68,PUBLIX #0500115019,FSV,OK,US,May Avenue,116366 DAS,SCL Finished Goods: Bev,Plastic Bottle - Other
500115019,116366,1/22/2021,16,68,PUBLIX #0500115019,FSV,OK,US,May Avenue,116366 DAS,SCL Finished Goods: Bev,Plastic Bottle - Other
500115019,116366,1/13/2021,16,68,PUBLIX #0500115019,FSV,OK,US,May Avenue,116366 DAS,SCL Finished Goods: Bev,Plastic Bottle - Other
500114434,115584,9/8/2022,24,13,FAMILY DO500114434,Ecom,FL,US,Sarasota,115584DT COKE,SCL Finished Goods: Bev,Aluminum Can
500114434,115586,9/8/2022,60,32,FAMILY DO500114434,Ecom,FL,US,Sarasota,115586SPRITE,SCL Finished Goods: Bev,Aluminum Can
500115046,116366,1/12/2021,16,68,PUBLIX #0500115046,DSD,FL,US,Spring Hill,116366 DAS,SCL Finished Goods: Bev,Plastic Bottle - Other
500113696,116366,8/23/2022,14,68,PUBLIX #1500113696,DSD,BC,US,Calgary,116366 DAS,SCL Finished Goods: Bev,Plastic Bottle - Other
500113696,116366,8/11/2022,14,68,PUBLIX #1500113696,DSD,BC,US,Calgary,116366 DAS,SCL Finished Goods: Bev,Plastic Bottle - Other
500113696,116366,8/4/2022,14,63,PUBLIX #1500113696,DSD,BC,US,Calgary,116366 DAS,SCL Finished Goods: Bev,Plastic Bottle - Other
500113696,116366,7/12/2022,14,63,PUBLIX #1500113696,DSD,BC,US,Calgary,116366 DAS,SCL Finished Goods: Bev,Plastic Bottle - Other
500113696,115584,7/5/2022,12,6,PUBLIX #1500113696,DSD,BC,US,Calgary,115584DT COKE,SCL Finished Goods: Bev,Aluminum Can
500113696,157231,7/5/2022,12,6,PUBLIX #1500113696,DSD,BC,US,Calgary,157231COKE CHRY VAN ZRO SGR,SCL Finished Goods: Bev,Aluminum Can
500113737,116366,7/6/2021,16,68,PUBLIX #1500113737,FSV,OK,US,May Avenue,116366 DAS,SCL Finished Goods: Bev,Plastic Bottle - Other
500113737,116366,7/10/2021,16,68,PUBLIX #1500113737,FSV,OK,US,May Avenue,116366 DAS,SCL Finished Goods: Bev,Plastic Bottle - Other
500113737,116366,7/1/2021,16,68,PUBLIX #1500113737,FSV,OK,US,May Avenue,116366 DAS,SCL Finished Goods: Bev,Plastic Bottle - Other
500113737,116366,7/3/2021,16,68,PUBLIX #1500113737,FSV,OK,US,May Avenue,116366 DAS,SCL Finished Goods: Bev,Plastic Bottle - Other
500113737,116366,7/8/2021,16,68,PUBLIX #1500113737,FSV,OK,US,May Avenue,116366 DAS,SCL Finished Goods: Bev,Plastic Bottle - Other
500113737,116366,7/31/2021,16,68,PUBLIX #1500113737,FSV,OK,US,May Avenue,116366 DAS,SCL Finished Goods: Bev,Plastic Bottle - Other
500113737,116366,7/22/2021,16,68,PUBLIX #1500113737,FSV,OK,US,May Avenue,116366 DAS,SCL Finished Goods: Bev,Plastic Bottle - Other
500113737,116366,7/15/2021,16,68,PUBLIX #1500113737,FSV,OK,US,May Avenue,116366 DAS,SCL Finished Goods: Bev,Plastic Bottle - Other
500113888,116366,7/27/2021,16,68,PUBLIX #1500113888,DSD,TX,US,Northpoint Combo,116366 DAS,SCL Finished Goods: Bev,Plastic Bottle - Other
500113888,116366,7/17/2021,16,68,PUBLIX #1500113888,DSD,TX,US,Northpoint Combo,116366 DAS,SCL Finished Goods: Bev,Plastic Bottle - Other
500113888,116366,7/1/2021,16,68,PUBLIX #1500113888,DSD,TX,US,Northpoint Combo,116366 DAS,SCL Finished Goods: Bev,Plastic Bottle - Other
500113888,116366,7/13/2021,16,68,PUBLIX #1500113888,DSD,TX,US,Northpoint Combo,116366 DAS,SCL Finished Goods: Bev,Plastic Bottle - Other
500113888,116366,7/29/2021,16,68,PUBLIX #1500113888,DSD,TX,US,Northpoint Combo,116366 DAS,SCL Finished Goods: Bev,Plastic Bottle - Other
500113896,116366,7/10/2021,16,68,PUBLIX #1500113896,FSV,OK,US,May Avenue,116366 DAS,SCL Finished Goods: Bev,Plastic Bottle - Other
500113896,116366,7/3/2021,16,68,PUBLIX #1500113896,FSV,OK,US,May Avenue,116366 DAS,SCL Finished Goods: Bev,Plastic Bottle - Other
500113896,116366,7/24/2021,16,68,PUBLIX #1500113896,FSV,OK,US,May Avenue,116366 DAS,SCL Finished Goods: Bev,Plastic Bottle - Other
500113896,116366,7/1/2021,16,68,PUBLIX #1500113896,FSV,OK,US,May Avenue,116366 DAS,SCL Finished Goods: Bev,Plastic Bottle - Other
500113983,115584,7/14/2021,36,13,CIRCLE K 500113983,DSD,TX,US,Corpus Christi,115584DT COKE,SCL Finished Goods: Bev,Aluminum Can
500114353,116366,9/6/2022,14,65,SUPER TAR500114353,Ecom,OK,US,May Avenue,116366 DAS,SCL Finished Goods: Bev,Plastic Bottle - Other
500114036,116366,7/13/2021,16,68,PUBLIX #1500114036,FSV,OK,US,May Avenue,116366 DAS,SCL Finished Goods: Bev,Plastic Bottle - Other
500114036,116366,7/30/2021,16,68,PUBLIX #1500114036,FSV,OK,US,May Avenue,116366 DAS,SCL Finished Goods: Bev,Plastic Bottle - Other
500114347,116366,9/3/2022,14,68,PUBLIX #1500114347,Ecom,BC,US,Calgary,116366 DAS,SCL Finished Goods: Bev,Plastic Bottle - Other
500114096,116366,9/3/2022,14,68,PUBLIX #1500114096,Ecom,NJ,US,South Brunswick,116366 DAS,SCL Finished Goods: Bev,Plastic Bottle - Other
500114242,116366,9/3/2022,14,68,PUBLIX #1500114242,Ecom,BC,US,Prince George,116366 DAS,SCL Finished Goods: Bev,Plastic Bottle - Other
500114488,116366,9/2/2022,14,68,PUBLIX #1500114488,Ecom,FL,US,Jacksonville,116366 DAS,SCL Finished Goods: Bev,Plastic Bottle - Other
500114347,116366,9/1/2022,14,68,PUBLIX #1500114347,Ecom,BC,US,Calgary,116366 DAS,SCL Finished Goods: Bev,Plastic Bottle - Other
500114096,116366,9/1/2022,14,68,PUBLIX #1500114096,Ecom,NJ,US,South Brunswick,116366 DAS,SCL Finished Goods: Bev,Plastic Bottle - Other
500114353,116366,8/31/2022,14,65,SUPER TAR500114353,Ecom,OK,US,May Avenue,116366 DAS,SCL Finished Goods: Bev,Plastic Bottle - Other
500114361,116366,8/31/2022,14,68,PUBLIX #1500114361,Ecom,NJ,US,South Brunswick,116366 DAS,SCL Finished Goods: Bev,Plastic Bottle - Other
500114559,116366,8/31/2022,14,65,TARGET #2500114559,Ecom,NJ,US,South Brunswick,116366 DAS,SCL Finished Goods: Bev,Plastic Bottle - Other
500114488,116366,8/29/2022,14,68,PUBLIX #1500114488,Ecom,FL,US,Jacksonville,116366 DAS,SCL Finished Goods: Bev,Plastic Bottle - Other
500114347,116366,8/27/2022,14,68,PUBLIX #1500114347,Ecom,BC,US,Calgary,116366 DAS,SCL Finished Goods: Bev,Plastic Bottle - Other
500114347,157231,8/27/2022,24,13,PUBLIX #1500114347,Ecom,BC,US,Calgary,157231COKE CHRY VAN ZRO SGR,SCL Finished Goods: Bev,Aluminum Can
500114245,116366,7/20/2021,20,84,TARGET #2500114245,DSD,AZ,US,Glendale,116366 DAS,SCL Finished Goods: Bev,Plastic Bottle - Other
500113766,115583,8/27/2022,12,6,WALMART #500113766,Ecom,NJ,US,South Brunswick,115583COKE,SCL Finished Goods: Bev,Aluminum Can
500114096,116366,8/27/2022,14,68,PUBLIX #1500114096,Ecom,NJ,US,South Brunswick,116366 DAS,SCL Finished Goods: Bev,Plastic Bottle - Other
500114297,116366,7/31/2021,16,68,DOLLAR GE500114297,DSD,OK,US,May Avenue,116366 DAS,SCL Finished Goods: Bev,Plastic Bottle - Other
500114338,115583,7/3/2021,12,5,PUBLIX #1500114338,DSD,BC,US,Prince George,115583COKE,SCL Finished Goods: Bev,Aluminum Can
500114338,116366,7/8/2021,16,68,PUBLIX #1500114338,DSD,BC,US,Prince George,116366 DAS,SCL Finished Goods: Bev,Plastic Bottle - Other
500114338,116366,7/13/2021,16,68,PUBLIX #1500114338,DSD,BC,US,Prince George,116366 DAS,SCL Finished Goods: Bev,Plastic Bottle - Other
500114338,116366,7/29/2021,16,68,PUBLIX #1500114338,DSD,BC,US,Prince George,116366 DAS,SCL Finished Goods: Bev,Plastic Bottle - Other
500114338,116366,7/27/2021,16,68,PUBLIX #1500114338,DSD,BC,US,Prince George,116366 DAS,SCL Finished Goods: Bev,Plastic Bottle - Other
500114353,116366,8/27/2022,14,65,SUPER TAR500114353,Ecom,OK,US,May Avenue,116366 DAS,SCL Finished Goods: Bev,Plastic Bottle - Other
500114488,116366,8/26/2022,14,68,PUBLIX #1500114488,Ecom,FL,US,Jacksonville,116366 DAS,SCL Finished Goods: Bev,Plastic Bottle - Other
500114559,116366,8/26/2022,14,65,TARGET #2500114559,Ecom,NJ,US,South Brunswick,116366 DAS,SCL Finished Goods: Bev,Plastic Bottle - Other
500114347,116366,8/25/2022,14,68,PUBLIX #1500114347,Ecom,BC,US,Calgary,116366 DAS,SCL Finished Goods: Bev,Plastic Bottle - Other
500114096,116366,8/25/2022,14,68,PUBLIX #1500114096,Ecom,NJ,US,South Brunswick,116366 DAS,SCL Finished Goods: Bev,Plastic Bottle - Other
500114242,115583,8/24/2022,24,13,PUBLIX #1500114242,Ecom,BC,US,Prince George,115583COKE,SCL Finished Goods: Bev,Aluminum Can
500114361,116366,8/24/2022,14,68,PUBLIX #1500114361,Ecom,NJ,US,South Brunswick,116366 DAS,SCL Finished Goods: Bev,Plastic Bottle - Other
500114488,116366,8/24/2022,14,68,PUBLIX #1500114488,Ecom,FL,US,Jacksonville,116366 DAS,SCL Finished Goods: Bev,Plastic Bottle - Other
500114559,116366,8/24/2022,14,65,TARGET #2500114559,Ecom,NJ,US,South Brunswick,116366 DAS,SCL Finished Goods: Bev,Plastic Bottle - Other
500114096,116366,8/23/2022,14,68,PUBLIX #1500114096,Ecom,NJ,US,South Brunswick,116366 DAS,SCL Finished Goods: Bev,Plastic Bottle - Other
500114369,115583,7/31/2021,12,5,PUBLIX #1500114369,DSD,TX,US,Northpoint Combo,115583COKE,SCL Finished Goods: Bev,Aluminum Can
500114369,115583,7/13/2021,12,5,PUBLIX #1500114369,DSD,TX,US,Northpoint Combo,115583COKE,SCL Finished Goods: Bev,Aluminum Can
500114369,115584,7/31/2021,12,5,PUBLIX #1500114369,DSD,TX,US,Northpoint Combo,115584DT COKE,SCL Finished Goods: Bev,Aluminum Can
500114369,115585,7/31/2021,84,36,PUBLIX #1500114369,DSD,TX,US,Northpoint Combo,115585CF DT COKE,SCL Finished Goods: Bev,Aluminum Can
500114369,116366,7/24/2021,16,68,PUBLIX #1500114369,DSD,TX,US,Northpoint Combo,116366 DAS,SCL Finished Goods: Bev,Plastic Bottle - Other
500114369,116366,7/8/2021,16,68,PUBLIX #1500114369,DSD,TX,US,Northpoint Combo,116366 DAS,SCL Finished Goods: Bev,Plastic Bottle - Other
500114369,116366,7/22/2021,16,68,PUBLIX #1500114369,DSD,TX,US,Northpoint Combo,116366 DAS,SCL Finished Goods: Bev,Plastic Bottle - Other
500114369,116366,7/15/2021,16,68,PUBLIX #1500114369,DSD,TX,US,Northpoint Combo,116366 DAS,SCL Finished Goods: Bev,Plastic Bottle - Other
500114394,116366,7/3/2021,16,68,PUBLIX #1500114394,FSV,TX,US,Austin,116366 DAS,SCL Finished Goods: Bev,Plastic Bottle - Other
500114394,116366,7/17/2021,16,68,PUBLIX #1500114394,FSV,TX,US,Austin,116366 DAS,SCL Finished Goods: Bev,Plastic Bottle - Other
500114394,116366,7/1/2021,16,68,PUBLIX #1500114394,FSV,TX,US,Austin,116366 DAS,SCL Finished Goods: Bev,Plastic Bottle - Other
500114394,116366,7/24/2021,16,68,PUBLIX #1500114394,FSV,TX,US,Austin,116366 DAS,SCL Finished Goods: Bev,Plastic Bottle - Other
500114394,116366,7/6/2021,16,68,PUBLIX #1500114394,FSV,TX,US,Austin,116366 DAS,SCL Finished Goods: Bev,Plastic Bottle - Other
500114394,116366,7/15/2021,16,68,PUBLIX #1500114394,FSV,TX,US,Austin,116366 DAS,SCL Finished Goods: Bev,Plastic Bottle - Other
500114096,116366,8/20/2022,14,68,PUBLIX #1500114096,Ecom,NJ,US,South Brunswick,116366 DAS,SCL Finished Goods: Bev,Plastic Bottle - Other
500114412,116366,7/22/2021,16,68,PUBLIX #1500114412,FSV,OK,US,May Avenue,116366 DAS,SCL Finished Goods: Bev,Plastic Bottle - Other
500114412,116366,7/26/2021,16,68,PUBLIX #1500114412,FSV,OK,US,May Avenue,116366 DAS,SCL Finished Goods: Bev,Plastic Bottle - Other
500114413,116366,7/19/2021,16,68,PUBLIX #1500114413,DSD,FL,US,Ft. Myers,116366 DAS,SCL Finished Goods: Bev,Plastic Bottle - Other
500114413,116366,7/22/2021,16,68,PUBLIX #1500114413,DSD,FL,US,Ft. Myers,116366 DAS,SCL Finished Goods: Bev,Plastic Bottle - Other
500114413,116366,7/26/2021,16,68,PUBLIX #1500114413,DSD,FL,US,Ft. Myers,116366 DAS,SCL Finished Goods: Bev,Plastic Bottle - Other
500114426,115583,7/7/2021,60,26,PUBLIX #1500114426,FSV,TX,US,El Paso,115583COKE,SCL Finished Goods: Bev,Aluminum Can
500114426,115584,7/7/2021,12,5,PUBLIX #1500114426,FSV,TX,US,El Paso,115584DT COKE,SCL Finished Goods: Bev,Aluminum Can
500114426,115585,7/7/2021,12,5,PUBLIX #1500114426,FSV,TX,US,El Paso,115585CF DT COKE,SCL Finished Goods: Bev,Aluminum Can
500114431,116366,7/12/2021,16,68,PUBLIX #1500114431,DSD,NJ,US,South Brunswick,116366 DAS,SCL Finished Goods: Bev,Plastic Bottle - Other
500114431,116366,7/19/2021,16,68,PUBLIX #1500114431,DSD,NJ,US,South Brunswick,116366 DAS,SCL Finished Goods: Bev,Plastic Bottle - Other
500114431,116366,7/24/2021,16,68,PUBLIX #1500114431,DSD,NJ,US,South Brunswick,116366 DAS,SCL Finished Goods: Bev,Plastic Bottle - Other
500114431,116366,7/17/2021,16,68,PUBLIX #1500114431,DSD,NJ,US,South Brunswick,116366 DAS,SCL Finished Goods: Bev,Plastic Bottle - Other
500114431,116366,7/31/2021,16,68,PUBLIX #1500114431,DSD,NJ,US,South Brunswick,116366 DAS,SCL Finished Goods: Bev,Plastic Bottle - Other
500114242,116366,8/20/2022,14,68,PUBLIX #1500114242,Ecom,BC,US,Prince George,116366 DAS,SCL Finished Goods: Bev,Plastic Bottle - Other
500114559,116366,8/19/2022,14,65,TARGET #2500114559,Ecom,NJ,US,South Brunswick,116366 DAS,SCL Finished Goods: Bev,Plastic Bottle - Other
500114347,116366,8/18/2022,14,68,PUBLIX #1500114347,Ecom,BC,US,Calgary,116366 DAS,SCL Finished Goods: Bev,Plastic Bottle - Other
500114096,116366,8/18/2022,14,68,PUBLIX #1500114096,Ecom,NJ,US,South Brunswick,116366 DAS,SCL Finished Goods: Bev,Plastic Bottle - Other
500114488,116366,8/17/2022,14,68,PUBLIX #1500114488,Ecom,FL,US,Jacksonville,116366 DAS,SCL Finished Goods: Bev,Plastic Bottle - Other
500114410,116366,8/16/2022,16,78,PUBLIX #1500114410,Ecom,FL,US,Ft. Pierce,116366 DAS,SCL Finished Goods: Bev,Plastic Bottle - Other
500114484,116366,7/30/2021,16,68,PUBLIX #1500114484,DSD,AZ,US,Glendale,116366 DAS,SCL Finished Goods: Bev,Plastic Bottle - Other
500114484,116366,7/23/2021,16,68,PUBLIX #1500114484,DSD,AZ,US,Glendale,116366 DAS,SCL Finished Goods: Bev,Plastic Bottle - Other
500114484,116366,7/16/2021,16,68,PUBLIX #1500114484,DSD,AZ,US,Glendale,116366 DAS,SCL Finished Goods: Bev,Plastic Bottle - Other
500114484,116366,7/6/2021,16,68,PUBLIX #1500114484,DSD,AZ,US,Glendale,116366 DAS,SCL Finished Goods: Bev,Plastic Bottle - Other
500114295,116366,8/15/2022,16,74,DOLLAR GE500114295,Ecom,TX,US,Austin,116366 DAS,SCL Finished Goods: Bev,Plastic Bottle - Other
500114559,116366,8/15/2022,14,65,TARGET #2500114559,Ecom,NJ,US,South Brunswick,116366 DAS,SCL Finished Goods: Bev,Plastic Bottle - Other
500114095,155505,8/13/2022,12,8,WALMART #500114095,Ecom,BC,US,Prince George,155505HC COKE CHRY,SCL Finished Goods: Bev,Plastic Bottle - Contour
500114488,116366,8/12/2022,14,68,PUBLIX #1500114488,Ecom,FL,US,Jacksonville,116366 DAS,SCL Finished Goods: Bev,Plastic Bottle - Other
500113707,115586,8/11/2022,12,6,WALMART #500113707,Ecom,TX,US,Northpoint Combo,115586SPRITE,SCL Finished Goods: Bev,Aluminum Can
500114555,116366,7/16/2021,16,67,SUPER TAR500114555,FSV,BC,US,Calgary,116366 DAS,SCL Finished Goods: Bev,Plastic Bottle - Other
500114569,116366,7/30/2021,16,68,DOLLAR GE500114569,DSD,TX,US,Austin,116366 DAS,SCL Finished Goods: Bev,Plastic Bottle - Other
500114096,116366,8/11/2022,14,68,PUBLIX #1500114096,Ecom,NJ,US,South Brunswick,116366 DAS,SCL Finished Goods: Bev,Plastic Bottle - Other
500114290,116366,8/10/2022,16,74,DOLLAR GE500114290,Ecom,FL,US,Spring Hill,116366 DAS,SCL Finished Goods: Bev,Plastic Bottle - Other
500113696,116366,6/30/2022,14,63,PUBLIX #1500113696,DSD,BC,US,Calgary,116366 DAS,SCL Finished Goods: Bev,Plastic Bottle - Other
500113696,116366,6/28/2022,14,63,PUBLIX #1500113696,DSD,BC,US,Calgary,116366 DAS,SCL Finished Goods: Bev,Plastic Bottle - Other
500113696,116366,6/23/2022,14,63,PUBLIX #1500113696,DSD,BC,US,Calgary,116366 DAS,SCL Finished Goods: Bev,Plastic Bottle - Other
500113737,116366,6/8/2021,16,68,PUBLIX #1500113737,FSV,OK,US,May Avenue,116366 DAS,SCL Finished Goods: Bev,Plastic Bottle - Other
500113737,116366,6/3/2021,16,68,PUBLIX #1500113737,FSV,OK,US,May Avenue,116366 DAS,SCL Finished Goods: Bev,Plastic Bottle - Other
500113737,116366,6/5/2021,16,68,PUBLIX #1500113737,FSV,OK,US,May Avenue,116366 DAS,SCL Finished Goods: Bev,Plastic Bottle - Other
500113737,116366,6/19/2021,16,68,PUBLIX #1500113737,FSV,OK,US,May Avenue,116366 DAS,SCL Finished Goods: Bev,Plastic Bottle - Other
500113737,116366,6/10/2021,16,68,PUBLIX #1500113737,FSV,OK,US,May Avenue,116366 DAS,SCL Finished Goods: Bev,Plastic Bottle - Other
500113737,116366,6/1/2021,16,68,PUBLIX #1500113737,FSV,OK,US,May Avenue,116366 DAS,SCL Finished Goods: Bev,Plastic Bottle - Other
500113737,116366,6/22/2021,16,68,PUBLIX #1500113737,FSV,OK,US,May Avenue,116366 DAS,SCL Finished Goods: Bev,Plastic Bottle - Other
500113737,116366,6/12/2021,16,68,PUBLIX #1500113737,FSV,OK,US,May Avenue,116366 DAS,SCL Finished Goods: Bev,Plastic Bottle - Other
500113737,116366,6/29/2021,16,68,PUBLIX #1500113737,FSV,OK,US,May Avenue,116366 DAS,SCL Finished Goods: Bev,Plastic Bottle - Other
500113888,116366,6/10/2021,16,68,PUBLIX #1500113888,DSD,TX,US,Northpoint Combo,116366 DAS,SCL Finished Goods: Bev,Plastic Bottle - Other
500113888,116366,6/12/2021,16,68,PUBLIX #1500113888,DSD,TX,US,Northpoint Combo,116366 DAS,SCL Finished Goods: Bev,Plastic Bottle - Other
500113888,116366,6/17/2021,16,68,PUBLIX #1500113888,DSD,TX,US,Northpoint Combo,116366 DAS,SCL Finished Goods: Bev,Plastic Bottle - Other
500113888,116366,6/26/2021,16,68,PUBLIX #1500113888,DSD,TX,US,Northpoint Combo,116366 DAS,SCL Finished Goods: Bev,Plastic Bottle - Other
500113888,116366,6/15/2021,16,68,PUBLIX #1500113888,DSD,TX,US,Northpoint Combo,116366 DAS,SCL Finished Goods: Bev,Plastic Bottle - Other
500113896,116366,6/19/2021,16,68,PUBLIX #1500113896,FSV,OK,US,May Avenue,116366 DAS,SCL Finished Goods: Bev,Plastic Bottle - Other
500113896,116366,6/5/2021,16,68,PUBLIX #1500113896,FSV,OK,US,May Avenue,116366 DAS,SCL Finished Goods: Bev,Plastic Bottle - Other
500113896,116366,6/3/2021,16,68,PUBLIX #1500113896,FSV,OK,US,May Avenue,116366 DAS,SCL Finished Goods: Bev,Plastic Bottle - Other
500113896,116366,6/8/2021,16,68,PUBLIX #1500113896,FSV,OK,US,May Avenue,116366 DAS,SCL Finished Goods: Bev,Plastic Bottle - Other
500113896,116366,6/22/2021,16,68,PUBLIX #1500113896,FSV,OK,US,May Avenue,116366 DAS,SCL Finished Goods: Bev,Plastic Bottle - Other
500113896,116366,6/12/2021,16,68,PUBLIX #1500113896,FSV,OK,US,May Avenue,116366 DAS,SCL Finished Goods: Bev,Plastic Bottle - Other
500114036,116366,6/15/2021,16,68,PUBLIX #1500114036,FSV,OK,US,May Avenue,116366 DAS,SCL Finished Goods: Bev,Plastic Bottle - Other
500114454,116366,8/10/2022,14,68,PUBLIX #1500114454,Ecom,FL,US,Ft. Pierce,116366 DAS,SCL Finished Goods: Bev,Plastic Bottle - Other
500114488,116366,8/10/2022,14,68,PUBLIX #1500114488,Ecom,FL,US,Jacksonville,116366 DAS,SCL Finished Goods: Bev,Plastic Bottle - Other
500114454,116366,8/8/2022,14,68,PUBLIX #1500114454,Ecom,FL,US,Ft. Pierce,116366 DAS,SCL Finished Goods: Bev,Plastic Bottle - Other
500114559,116366,8/5/2022,14,65,TARGET #2500114559,Ecom,NJ,US,South Brunswick,116366 DAS,SCL Finished Goods: Bev,Plastic Bottle - Other
500114347,116366,8/4/2022,14,63,PUBLIX #1500114347,Ecom,BC,US,Calgary,116366 DAS,SCL Finished Goods: Bev,Plastic Bottle - Other
500114454,116366,8/3/2022,14,63,PUBLIX #1500114454,Ecom,FL,US,Ft. Pierce,116366 DAS,SCL Finished Goods: Bev,Plastic Bottle - Other
500114488,116366,8/3/2022,11,1,PUBLIX #1500114488,Ecom,FL,US,Jacksonville,116366 DAS,SCL Finished Goods: Bev,Plastic Bottle - Other
500114488,116366,8/3/2022,14,63,PUBLIX #1500114488,Ecom,FL,US,Jacksonville,116366 DAS,SCL Finished Goods: Bev,Plastic Bottle - Other
500113707,115583,7/29/2022,12,6,WALMART #500113707,Ecom,TX,US,Northpoint Combo,115583COKE,SCL Finished Goods: Bev,Aluminum Can
500114101,115583,7/29/2022,12,6,WALMART #500114101,Ecom,AZ,US,Glendale,115583COKE,SCL Finished Goods: Bev,Aluminum Can
500114296,116366,6/3/2021,16,68,DOLLAR GE500114296,DSD,AZ,US,Glendale,116366 DAS,SCL Finished Goods: Bev,Plastic Bottle - Other
500114338,116366,6/29/2021,16,68,PUBLIX #1500114338,DSD,BC,US,Prince George,116366 DAS,SCL Finished Goods: Bev,Plastic Bottle - Other
500114338,116366,6/1/2021,16,68,PUBLIX #1500114338,DSD,BC,US,Prince George,116366 DAS,SCL Finished Goods: Bev,Plastic Bottle - Other
500114338,116366,6/17/2021,16,68,PUBLIX #1500114338,DSD,BC,US,Prince George,116366 DAS,SCL Finished Goods: Bev,Plastic Bottle - Other
500114295,116366,7/27/2022,16,71,DOLLAR GE500114295,Ecom,TX,US,Austin,116366 DAS,SCL Finished Goods: Bev,Plastic Bottle - Other
500114355,116366,6/4/2021,16,67,SUPER TAR500114355,DSD,NJ,US,South Brunswick,116366 DAS,SCL Finished Goods: Bev,Plastic Bottle - Other
500114434,116366,7/27/2022,16,72,FAMILY DO500114434,Ecom,FL,US,Sarasota,116366 DAS,SCL Finished Goods: Bev,Plastic Bottle - Other
500114454,116366,7/27/2022,14,63,PUBLIX #1500114454,Ecom,FL,US,Ft. Pierce,116366 DAS,SCL Finished Goods: Bev,Plastic Bottle - Other
500114353,116366,7/26/2022,14,64,SUPER TAR500114353,Ecom,OK,US,May Avenue,116366 DAS,SCL Finished Goods: Bev,Plastic Bottle - Other
500114369,115583,6/12/2021,60,26,PUBLIX #1500114369,DSD,TX,US,Northpoint Combo,115583COKE,SCL Finished Goods: Bev,Aluminum Can
500114369,115584,6/29/2021,12,5,PUBLIX #1500114369,DSD,TX,US,Northpoint Combo,115584DT COKE,SCL Finished Goods: Bev,Aluminum Can
500114369,116366,6/3/2021,16,68,PUBLIX #1500114369,DSD,TX,US,Northpoint Combo,116366 DAS,SCL Finished Goods: Bev,Plastic Bottle - Other
500114369,116366,6/12/2021,16,68,PUBLIX #1500114369,DSD,TX,US,Northpoint Combo,116366 DAS,SCL Finished Goods: Bev,Plastic Bottle - Other
500114369,116366,6/22/2021,16,68,PUBLIX #1500114369,DSD,TX,US,Northpoint Combo,116366 DAS,SCL Finished Goods: Bev,Plastic Bottle - Other
500114369,116366,6/10/2021,16,68,PUBLIX #1500114369,DSD,TX,US,Northpoint Combo,116366 DAS,SCL Finished Goods: Bev,Plastic Bottle - Other
500114369,116366,6/8/2021,16,68,PUBLIX #1500114369,DSD,TX,US,Northpoint Combo,116366 DAS,SCL Finished Goods: Bev,Plastic Bottle - Other
500114369,116366,6/19/2021,16,68,PUBLIX #1500114369,DSD,TX,US,Northpoint Combo,116366 DAS,SCL Finished Goods: Bev,Plastic Bottle - Other
500114394,116366,6/26/2021,16,68,PUBLIX #1500114394,FSV,TX,US,Austin,116366 DAS,SCL Finished Goods: Bev,Plastic Bottle - Other
500114394,116366,6/15/2021,16,68,PUBLIX #1500114394,FSV,TX,US,Austin,116366 DAS,SCL Finished Goods: Bev,Plastic Bottle - Other
500114394,116366,6/22/2021,16,68,PUBLIX #1500114394,FSV,TX,US,Austin,116366 DAS,SCL Finished Goods: Bev,Plastic Bottle - Other
500114394,116366,6/3/2021,16,68,PUBLIX #1500114394,FSV,TX,US,Austin,116366 DAS,SCL Finished Goods: Bev,Plastic Bottle - Other
500114394,116366,6/17/2021,16,68,PUBLIX #1500114394,FSV,TX,US,Austin,116366 DAS,SCL Finished Goods: Bev,Plastic Bottle - Other
500114412,116366,6/28/2021,16,68,PUBLIX #1500114412,FSV,OK,US,May Avenue,116366 DAS,SCL Finished Goods: Bev,Plastic Bottle - Other
500114412,116366,6/10/2021,16,68,PUBLIX #1500114412,FSV,OK,US,May Avenue,116366 DAS,SCL Finished Goods: Bev,Plastic Bottle - Other
500114413,116366,6/3/2021,16,68,PUBLIX #1500114413,DSD,FL,US,Ft. Myers,116366 DAS,SCL Finished Goods: Bev,Plastic Bottle - Other
500114413,116366,6/28/2021,16,68,PUBLIX #1500114413,DSD,FL,US,Ft. Myers,116366 DAS,SCL Finished Goods: Bev,Plastic Bottle - Other
500114413,116366,6/21/2021,16,68,PUBLIX #1500114413,DSD,FL,US,Ft. Myers,116366 DAS,SCL Finished Goods: Bev,Plastic Bottle - Other
500114426,116366,6/14/2021,16,68,PUBLIX #1500114426,FSV,TX,US,El Paso,116366 DAS,SCL Finished Goods: Bev,Plastic Bottle - Other
500114426,116366,6/16/2021,16,68,PUBLIX #1500114426,FSV,TX,US,El Paso,116366 DAS,SCL Finished Goods: Bev,Plastic Bottle - Other
500114431,116366,6/14/2021,16,68,PUBLIX #1500114431,DSD,NJ,US,South Brunswick,116366 DAS,SCL Finished Goods: Bev,Plastic Bottle - Other
500114096,115583,7/23/2022,12,6,PUBLIX #1500114096,Ecom,NJ,US,South Brunswick,115583COKE,SCL Finished Goods: Bev,Aluminum Can
500114096,115584,7/23/2022,12,6,PUBLIX #1500114096,Ecom,NJ,US,South Brunswick,115584DT COKE,SCL Finished Goods: Bev,Aluminum Can
500114096,115585,7/23/2022,12,6,PUBLIX #1500114096,Ecom,NJ,US,South Brunswick,115585CF DT COKE,SCL Finished Goods: Bev,Aluminum Can
500114096,116366,7/23/2022,14,63,PUBLIX #1500114096,Ecom,NJ,US,South Brunswick,116366 DAS,SCL Finished Goods: Bev,Plastic Bottle - Other
500114484,116366,6/25/2021,16,68,PUBLIX #1500114484,DSD,AZ,US,Glendale,116366 DAS,SCL Finished Goods: Bev,Plastic Bottle - Other
500114484,116366,6/21/2021,16,68,PUBLIX #1500114484,DSD,AZ,US,Glendale,116366 DAS,SCL Finished Goods: Bev,Plastic Bottle - Other
500114484,116366,6/11/2021,16,68,PUBLIX #1500114484,DSD,AZ,US,Glendale,116366 DAS,SCL Finished Goods: Bev,Plastic Bottle - Other
500114353,116366,7/23/2022,14,64,SUPER TAR500114353,Ecom,OK,US,May Avenue,116366 DAS,SCL Finished Goods: Bev,Plastic Bottle - Other
500113707,115583,7/21/2022,12,6,WALMART #500113707,Ecom,TX,US,Northpoint Combo,115583COKE,SCL Finished Goods: Bev,Aluminum Can
500114290,116366,7/20/2022,16,71,DOLLAR GE500114290,Ecom,FL,US,Spring Hill,116366 DAS,SCL Finished Goods: Bev,Plastic Bottle - Other
500114584,116366,6/1/2021,12,51,DOLLAR GE500114584,DSD,AZ,US,Glendale,116366 DAS,SCL Finished Goods: Bev,Plastic Bottle - Other
500114361,116366,7/20/2022,14,63,PUBLIX #1500114361,Ecom,NJ,US,South Brunswick,116366 DAS,SCL Finished Goods: Bev,Plastic Bottle - Other
500114599,116366,6/5/2021,20,85,DOLLAR GE500114599,FSV,BC,US,Calgary,116366 DAS,SCL Finished Goods: Bev,Plastic Bottle - Other
500114295,116366,7/18/2022,16,71,DOLLAR GE500114295,Ecom,TX,US,Austin,116366 DAS,SCL Finished Goods: Bev,Plastic Bottle - Other
500114633,116366,6/4/2021,16,68,DOLLAR GE500114633,FSV,TX,US,Northpoint Combo,116366 DAS,SCL Finished Goods: Bev,Plastic Bottle - Other
500114633,116366,6/2/2021,16,68,DOLLAR GE500114633,FSV,TX,US,Northpoint Combo,116366 DAS,SCL Finished Goods: Bev,Plastic Bottle - Other
500114761,116366,6/16/2021,16,68,PUBLIX #1500114761,DSD,TX,US,Austin,116366 DAS,SCL Finished Goods: Bev,Plastic Bottle - Other
500114761,116366,6/14/2021,16,68,PUBLIX #1500114761,DSD,TX,US,Austin,116366 DAS,SCL Finished Goods: Bev,Plastic Bottle - Other
500114761,116366,6/30/2021,16,68,PUBLIX #1500114761,DSD,TX,US,Austin,116366 DAS,SCL Finished Goods: Bev,Plastic Bottle - Other
500114761,116366,6/4/2021,16,68,PUBLIX #1500114761,DSD,TX,US,Austin,116366 DAS,SCL Finished Goods: Bev,Plastic Bottle - Other
500114769,116366,6/24/2021,16,68,PUBLIX #1500114769,FSV,FL,US,Winter Haven,116366 DAS,SCL Finished Goods: Bev,Plastic Bottle - Other
500114769,116366,6/26/2021,16,68,PUBLIX #1500114769,FSV,FL,US,Winter Haven,116366 DAS,SCL Finished Goods: Bev,Plastic Bottle - Other
500114769,116366,6/17/2021,16,68,PUBLIX #1500114769,FSV,FL,US,Winter Haven,116366 DAS,SCL Finished Goods: Bev,Plastic Bottle - Other
500114769,116366,6/1/2021,16,68,PUBLIX #1500114769,FSV,FL,US,Winter Haven,116366 DAS,SCL Finished Goods: Bev,Plastic Bottle - Other
500114769,116366,6/5/2021,16,68,PUBLIX #1500114769,FSV,FL,US,Winter Haven,116366 DAS,SCL Finished Goods: Bev,Plastic Bottle - Other
500114769,116366,6/10/2021,16,68,PUBLIX #1500114769,FSV,FL,US,Winter Haven,116366 DAS,SCL Finished Goods: Bev,Plastic Bottle - Other
500114974,116366,6/28/2021,16,68,PUBLIX #0500114974,FSV,BC,US,Calgary,116366 DAS,SCL Finished Goods: Bev,Plastic Bottle - Other
500114974,116366,6/12/2021,16,68,PUBLIX #0500114974,FSV,BC,US,Calgary,116366 DAS,SCL Finished Goods: Bev,Plastic Bottle - Other
500114974,116366,6/21/2021,16,68,PUBLIX #0500114974,FSV,BC,US,Calgary,116366 DAS,SCL Finished Goods: Bev,Plastic Bottle - Other
500114974,116366,6/7/2021,16,68,PUBLIX #0500114974,FSV,BC,US,Calgary,116366 DAS,SCL Finished Goods: Bev,Plastic Bottle - Other
500114974,116366,6/19/2021,16,68,PUBLIX #0500114974,FSV,BC,US,Calgary,116366 DAS,SCL Finished Goods: Bev,Plastic Bottle - Other
500114974,116366,6/17/2021,16,68,PUBLIX #0500114974,FSV,BC,US,Calgary,116366 DAS,SCL Finished Goods: Bev,Plastic Bottle - Other
500114974,116366,6/3/2021,16,68,PUBLIX #0500114974,FSV,BC,US,Calgary,116366 DAS,SCL Finished Goods: Bev,Plastic Bottle - Other
500114974,116366,6/5/2021,16,68,PUBLIX #0500114974,FSV,BC,US,Calgary,116366 DAS,SCL Finished Goods: Bev,Plastic Bottle - Other
500115019,116366,6/28/2021,16,68,PUBLIX #0500115019,FSV,OK,US,May Avenue,116366 DAS,SCL Finished Goods: Bev,Plastic Bottle - Other
500114361,116366,7/18/2022,14,63,PUBLIX #1500114361,Ecom,NJ,US,South Brunswick,116366 DAS,SCL Finished Goods: Bev,Plastic Bottle - Other
500114101,115583,7/16/2022,12,6,WALMART #500114101,Ecom,AZ,US,Glendale,115583COKE,SCL Finished Goods: Bev,Aluminum Can
500114242,116366,7/16/2022,14,63,PUBLIX #1500114242,Ecom,BC,US,Prince George,116366 DAS,SCL Finished Goods: Bev,Plastic Bottle - Other
500115046,116366,6/1/2021,16,68,PUBLIX #0500115046,DSD,FL,US,Spring Hill,116366 DAS,SCL Finished Goods: Bev,Plastic Bottle - Other
500115046,116366,6/29/2021,16,68,PUBLIX #0500115046,DSD,FL,US,Spring Hill,116366 DAS,SCL Finished Goods: Bev,Plastic Bottle - Other
500115046,116366,6/15/2021,16,68,PUBLIX #0500115046,DSD,FL,US,Spring Hill,116366 DAS,SCL Finished Goods: Bev,Plastic Bottle - Other
500115046,116366,6/25/2021,16,68,PUBLIX #0500115046,DSD,FL,US,Spring Hill,116366 DAS,SCL Finished Goods: Bev,Plastic Bottle - Other
500115046,116366,6/8/2021,16,68,PUBLIX #0500115046,DSD,FL,US,Spring Hill,116366 DAS,SCL Finished Goods: Bev,Plastic Bottle - Other
500115046,116366,6/11/2021,16,68,PUBLIX #0500115046,DSD,FL,US,Spring Hill,116366 DAS,SCL Finished Goods: Bev,Plastic Bottle - Other
500114101,115583,7/15/2022,12,6,WALMART #500114101,Ecom,AZ,US,Glendale,115583COKE,SCL Finished Goods: Bev,Aluminum Can
500114347,116366,7/14/2022,14,63,PUBLIX #1500114347,Ecom,BC,US,Calgary,116366 DAS,SCL Finished Goods: Bev,Plastic Bottle - Other
500114242,116366,7/13/2022,14,63,PUBLIX #1500114242,Ecom,BC,US,Prince George,116366 DAS,SCL Finished Goods: Bev,Plastic Bottle - Other
500114361,116366,7/13/2022,14,63,PUBLIX #1500114361,Ecom,NJ,US,South Brunswick,116366 DAS,SCL Finished Goods: Bev,Plastic Bottle - Other
500114454,116366,7/13/2022,14,63,PUBLIX #1500114454,Ecom,FL,US,Ft. Pierce,116366 DAS,SCL Finished Goods: Bev,Plastic Bottle - Other
500114353,116366,7/7/2022,14,64,SUPER TAR500114353,Ecom,OK,US,May Avenue,116366 DAS,SCL Finished Goods: Bev,Plastic Bottle - Other
500114347,116366,7/2/2022,14,63,PUBLIX #1500114347,Ecom,BC,US,Calgary,116366 DAS,SCL Finished Goods: Bev,Plastic Bottle - Other
500114096,116366,7/2/2022,14,63,PUBLIX #1500114096,Ecom,NJ,US,South Brunswick,116366 DAS,SCL Finished Goods: Bev,Plastic Bottle - Other
500114242,116366,7/2/2022,14,63,PUBLIX #1500114242,Ecom,BC,US,Prince George,116366 DAS,SCL Finished Goods: Bev,Plastic Bottle - Other
500114410,116366,7/2/2022,14,63,PUBLIX #1500114410,Ecom,FL,US,Ft. Pierce,116366 DAS,SCL Finished Goods: Bev,Plastic Bottle - Other
500114096,116366,6/30/2022,14,63,PUBLIX #1500114096,Ecom,NJ,US,South Brunswick,116366 DAS,SCL Finished Goods: Bev,Plastic Bottle - Other
500114101,115583,6/29/2022,12,6,WALMART #500114101,Ecom,AZ,US,Glendale,115583COKE,SCL Finished Goods: Bev,Aluminum Can
500114242,116366,6/29/2022,14,63,PUBLIX #1500114242,Ecom,BC,US,Prince George,116366 DAS,SCL Finished Goods: Bev,Plastic Bottle - Other
500115221,116366,6/4/2021,16,68,PUBLIX #1500115221,DSD,FL,US,Winter Haven,116366 DAS,SCL Finished Goods: Bev,Plastic Bottle - Other
500113696,116366,6/21/2022,14,63,PUBLIX #1500113696,DSD,BC,US,Calgary,116366 DAS,SCL Finished Goods: Bev,Plastic Bottle - Other
500113696,116366,6/2/2022,14,63,PUBLIX #1500113696,DSD,BC,US,Calgary,116366 DAS,SCL Finished Goods: Bev,Plastic Bottle - Other
500113696,116366,5/24/2022,14,63,PUBLIX #1500113696,DSD,BC,US,Calgary,116366 DAS,SCL Finished Goods: Bev,Plastic Bottle - Other
500113696,116366,5/17/2022,14,63,PUBLIX #1500113696,DSD,BC,US,Calgary,116366 DAS,SCL Finished Goods: Bev,Plastic Bottle - Other
500113696,116366,5/14/2022,14,63,PUBLIX #1500113696,DSD,BC,US,Calgary,116366 DAS,SCL Finished Goods: Bev,Plastic Bottle - Other
500113696,116366,5/10/2022,14,63,PUBLIX #1500113696,DSD,BC,US,Calgary,116366 DAS,SCL Finished Goods: Bev,Plastic Bottle - Other
500113737,116366,3/20/2021,16,68,PUBLIX #1500113737,FSV,OK,US,May Avenue,116366 DAS,SCL Finished Goods: Bev,Plastic Bottle - Other
500113737,116366,3/30/2021,16,68,PUBLIX #1500113737,FSV,OK,US,May Avenue,116366 DAS,SCL Finished Goods: Bev,Plastic Bottle - Other
500113737,116366,3/27/2021,16,68,PUBLIX #1500113737,FSV,OK,US,May Avenue,116366 DAS,SCL Finished Goods: Bev,Plastic Bottle - Other
500113737,116366,3/16/2021,16,68,PUBLIX #1500113737,FSV,OK,US,May Avenue,116366 DAS,SCL Finished Goods: Bev,Plastic Bottle - Other
500113737,116366,3/18/2021,16,68,PUBLIX #1500113737,FSV,OK,US,May Avenue,116366 DAS,SCL Finished Goods: Bev,Plastic Bottle - Other
500113737,116366,3/13/2021,16,68,PUBLIX #1500113737,FSV,OK,US,May Avenue,116366 DAS,SCL Finished Goods: Bev,Plastic Bottle - Other
500113737,116366,3/25/2021,16,68,PUBLIX #1500113737,FSV,OK,US,May Avenue,116366 DAS,SCL Finished Goods: Bev,Plastic Bottle - Other
500113888,116366,3/18/2021,16,68,PUBLIX #1500113888,DSD,TX,US,Northpoint Combo,116366 DAS,SCL Finished Goods: Bev,Plastic Bottle - Other
500113888,116366,3/13/2021,16,68,PUBLIX #1500113888,DSD,TX,US,Northpoint Combo,116366 DAS,SCL Finished Goods: Bev,Plastic Bottle - Other
500113896,116366,3/18/2021,16,68,PUBLIX #1500113896,FSV,OK,US,May Avenue,116366 DAS,SCL Finished Goods: Bev,Plastic Bottle - Other
500113896,116366,3/20/2021,16,68,PUBLIX #1500113896,FSV,OK,US,May Avenue,116366 DAS,SCL Finished Goods: Bev,Plastic Bottle - Other
500113896,116366,3/23/2021,16,68,PUBLIX #1500113896,FSV,OK,US,May Avenue,116366 DAS,SCL Finished Goods: Bev,Plastic Bottle - Other
500113896,116366,3/6/2021,16,68,PUBLIX #1500113896,FSV,OK,US,May Avenue,116366 DAS,SCL Finished Goods: Bev,Plastic Bottle - Other
500114036,116366,3/26/2021,16,68,PUBLIX #1500114036,FSV,OK,US,May Avenue,116366 DAS,SCL Finished Goods: Bev,Plastic Bottle - Other
500114036,116366,3/12/2021,16,68,PUBLIX #1500114036,FSV,OK,US,May Avenue,116366 DAS,SCL Finished Goods: Bev,Plastic Bottle - Other
500114036,116366,3/23/2021,16,68,PUBLIX #1500114036,FSV,OK,US,May Avenue,116366 DAS,SCL Finished Goods: Bev,Plastic Bottle - Other
500114361,116366,6/29/2022,14,63,PUBLIX #1500114361,Ecom,NJ,US,South Brunswick,116366 DAS,SCL Finished Goods: Bev,Plastic Bottle - Other
500114096,116366,6/28/2022,14,63,PUBLIX #1500114096,Ecom,NJ,US,South Brunswick,116366 DAS,SCL Finished Goods: Bev,Plastic Bottle - Other
500114295,116366,6/28/2022,16,71,DOLLAR GE500114295,Ecom,TX,US,Austin,116366 DAS,SCL Finished Goods: Bev,Plastic Bottle - Other
500114353,116366,6/28/2022,14,64,SUPER TAR500114353,Ecom,OK,US,May Avenue,116366 DAS,SCL Finished Goods: Bev,Plastic Bottle - Other
500114410,116366,6/28/2022,14,63,PUBLIX #1500114410,Ecom,FL,US,Ft. Pierce,116366 DAS,SCL Finished Goods: Bev,Plastic Bottle - Other
500114245,116366,3/9/2021,16,67,TARGET #2500114245,DSD,AZ,US,Glendale,116366 DAS,SCL Finished Goods: Bev,Plastic Bottle - Other
500114245,116366,3/12/2021,12,50,TARGET #2500114245,DSD,AZ,US,Glendale,116366 DAS,SCL Finished Goods: Bev,Plastic Bottle - Other
500114245,116366,3/30/2021,16,67,TARGET #2500114245,DSD,AZ,US,Glendale,116366 DAS,SCL Finished Goods: Bev,Plastic Bottle - Other
500114245,116366,3/16/2021,12,50,TARGET #2500114245,DSD,AZ,US,Glendale,116366 DAS,SCL Finished Goods: Bev,Plastic Bottle - Other
500114245,116366,3/5/2021,16,67,TARGET #2500114245,DSD,AZ,US,Glendale,116366 DAS,SCL Finished Goods: Bev,Plastic Bottle - Other
500114361,116366,6/27/2022,14,63,PUBLIX #1500114361,Ecom,NJ,US,South Brunswick,116366 DAS,SCL Finished Goods: Bev,Plastic Bottle - Other
500114347,116366,6/25/2022,14,63,PUBLIX #1500114347,Ecom,BC,US,Calgary,116366 DAS,SCL Finished Goods: Bev,Plastic Bottle - Other
500114242,116366,6/25/2022,14,63,PUBLIX #1500114242,Ecom,BC,US,Prince George,116366 DAS,SCL Finished Goods: Bev,Plastic Bottle - Other
500114454,116366,6/24/2022,14,63,PUBLIX #1500114454,Ecom,FL,US,Ft. Pierce,116366 DAS,SCL Finished Goods: Bev,Plastic Bottle - Other
500114488,116366,6/24/2022,14,63,PUBLIX #1500114488,Ecom,FL,US,Jacksonville,116366 DAS,SCL Finished Goods: Bev,Plastic Bottle - Other
500114353,116366,6/23/2022,14,64,SUPER TAR500114353,Ecom,OK,US,May Avenue,116366 DAS,SCL Finished Goods: Bev,Plastic Bottle - Other
500114559,116366,6/22/2022,14,64,TARGET #2500114559,Ecom,NJ,US,South Brunswick,116366 DAS,SCL Finished Goods: Bev,Plastic Bottle - Other
500114296,116366,3/4/2021,16,68,DOLLAR GE500114296,DSD,AZ,US,Glendale,116366 DAS,SCL Finished Goods: Bev,Plastic Bottle - Other
500114338,116366,3/20/2021,16,68,PUBLIX #1500114338,DSD,BC,US,Prince George,116366 DAS,SCL Finished Goods: Bev,Plastic Bottle - Other
500114338,116366,3/18/2021,16,68,PUBLIX #1500114338,DSD,BC,US,Prince George,116366 DAS,SCL Finished Goods: Bev,Plastic Bottle - Other
500114338,116366,3/13/2021,16,68,PUBLIX #1500114338,DSD,BC,US,Prince George,116366 DAS,SCL Finished Goods: Bev,Plastic Bottle - Other
500114338,116366,3/23/2021,16,68,PUBLIX #1500114338,DSD,BC,US,Prince George,116366 DAS,SCL Finished Goods: Bev,Plastic Bottle - Other
500114347,116366,6/21/2022,14,63,PUBLIX #1500114347,Ecom,BC,US,Calgary,116366 DAS,SCL Finished Goods: Bev,Plastic Bottle - Other
500114355,116366,3/19/2021,16,67,SUPER TAR500114355,DSD,NJ,US,South Brunswick,116366 DAS,SCL Finished Goods: Bev,Plastic Bottle - Other
500114295,116366,6/20/2022,14,62,DOLLAR GE500114295,Ecom,TX,US,Austin,116366 DAS,SCL Finished Goods: Bev,Plastic Bottle - Other
500114369,116366,3/27/2021,16,68,PUBLIX #1500114369,DSD,TX,US,Northpoint Combo,116366 DAS,SCL Finished Goods: Bev,Plastic Bottle - Other
500114372,116366,3/5/2021,16,67,SUPER TAR500114372,FSV,FL,US,Spring Hill,116366 DAS,SCL Finished Goods: Bev,Plastic Bottle - Other
500114372,116366,3/12/2021,16,67,SUPER TAR500114372,FSV,FL,US,Spring Hill,116366 DAS,SCL Finished Goods: Bev,Plastic Bottle - Other
500114372,116366,3/9/2021,16,67,SUPER TAR500114372,FSV,FL,US,Spring Hill,116366 DAS,SCL Finished Goods: Bev,Plastic Bottle - Other
500114394,116366,3/23/2021,16,68,PUBLIX #1500114394,FSV,TX,US,Austin,116366 DAS,SCL Finished Goods: Bev,Plastic Bottle - Other
500114394,116366,3/27/2021,16,68,PUBLIX #1500114394,FSV,TX,US,Austin,116366 DAS,SCL Finished Goods: Bev,Plastic Bottle - Other
500114394,116366,3/18/2021,16,68,PUBLIX #1500114394,FSV,TX,US,Austin,116366 DAS,SCL Finished Goods: Bev,Plastic Bottle - Other
500114394,116366,3/11/2021,16,68,PUBLIX #1500114394,FSV,TX,US,Austin,116366 DAS,SCL Finished Goods: Bev,Plastic Bottle - Other
500114412,116366,3/22/2021,16,68,PUBLIX #1500114412,FSV,OK,US,May Avenue,116366 DAS,SCL Finished Goods: Bev,Plastic Bottle - Other
500114413,116366,3/8/2021,16,68,PUBLIX #1500114413,DSD,FL,US,Ft. Myers,116366 DAS,SCL Finished Goods: Bev,Plastic Bottle - Other
500114426,116366,3/13/2021,16,68,PUBLIX #1500114426,FSV,TX,US,El Paso,116366 DAS,SCL Finished Goods: Bev,Plastic Bottle - Other
500114431,116366,3/29/2021,16,68,PUBLIX #1500114431,DSD,NJ,US,South Brunswick,116366 DAS,SCL Finished Goods: Bev,Plastic Bottle - Other
500114431,116366,3/18/2021,16,68,PUBLIX #1500114431,DSD,NJ,US,South Brunswick,116366 DAS,SCL Finished Goods: Bev,Plastic Bottle - Other
500114454,116366,6/20/2022,14,63,PUBLIX #1500114454,Ecom,FL,US,Ft. Pierce,116366 DAS,SCL Finished Goods: Bev,Plastic Bottle - Other
500114347,116366,6/18/2022,14,63,PUBLIX #1500114347,Ecom,BC,US,Calgary,116366 DAS,SCL Finished Goods: Bev,Plastic Bottle - Other
500114484,116366,3/30/2021,16,68,PUBLIX #1500114484,DSD,AZ,US,Glendale,116366 DAS,SCL Finished Goods: Bev,Plastic Bottle - Other
500113766,115583,6/18/2022,12,6,WALMART #500113766,Ecom,NJ,US,South Brunswick,115583COKE,SCL Finished Goods: Bev,Aluminum Can
500114497,115583,3/18/2021,12,4,FAMILY DO500114497,DSD,TX,US,El Paso,115583COKE,SCL Finished Goods: Bev,Aluminum Can
500114497,115583,3/25/2021,12,4,FAMILY DO500114497,DSD,TX,US,El Paso,115583COKE,SCL Finished Goods: Bev,Aluminum Can
500114555,116366,3/16/2021,16,67,SUPER TAR500114555,FSV,BC,US,Calgary,116366 DAS,SCL Finished Goods: Bev,Plastic Bottle - Other
500114361,116366,6/18/2022,14,63,PUBLIX #1500114361,Ecom,NJ,US,South Brunswick,116366 DAS,SCL Finished Goods: Bev,Plastic Bottle - Other
500114410,116366,6/18/2022,14,63,PUBLIX #1500114410,Ecom,FL,US,Ft. Pierce,116366 DAS,SCL Finished Goods: Bev,Plastic Bottle - Other
500114581,116366,3/5/2021,12,51,DOLLAR GE500114581,FSV,FL,US,Spring Hill,116366 DAS,SCL Finished Goods: Bev,Plastic Bottle - Other
500114581,116366,3/19/2021,12,51,DOLLAR GE500114581,FSV,FL,US,Spring Hill,116366 DAS,SCL Finished Goods: Bev,Plastic Bottle - Other
500114581,116366,3/26/2021,16,68,DOLLAR GE500114581,FSV,FL,US,Spring Hill,116366 DAS,SCL Finished Goods: Bev,Plastic Bottle - Other
500114584,116366,3/12/2021,12,51,DOLLAR GE500114584,DSD,AZ,US,Glendale,116366 DAS,SCL Finished Goods: Bev,Plastic Bottle - Other
500114585,116366,3/6/2021,12,51,DOLLAR GE500114585,FSV,FL,US,Jacksonville,116366 DAS,SCL Finished Goods: Bev,Plastic Bottle - Other
500114585,116366,3/13/2021,12,51,DOLLAR GE500114585,FSV,FL,US,Jacksonville,116366 DAS,SCL Finished Goods: Bev,Plastic Bottle - Other
500114347,116366,6/16/2022,14,63,PUBLIX #1500114347,Ecom,BC,US,Calgary,116366 DAS,SCL Finished Goods: Bev,Plastic Bottle - Other
500114096,116366,6/16/2022,14,63,PUBLIX #1500114096,Ecom,NJ,US,South Brunswick,116366 DAS,SCL Finished Goods: Bev,Plastic Bottle - Other
500114290,116366,6/16/2022,16,71,DOLLAR GE500114290,Ecom,FL,US,Spring Hill,116366 DAS,SCL Finished Goods: Bev,Plastic Bottle - Other
500114353,116366,6/16/2022,14,64,SUPER TAR500114353,Ecom,OK,US,May Avenue,116366 DAS,SCL Finished Goods: Bev,Plastic Bottle - Other
500114596,116366,3/27/2021,12,51,DOLLAR GE500114596,DSD,NJ,US,South Brunswick,116366 DAS,SCL Finished Goods: Bev,Plastic Bottle - Other
500114596,116366,3/17/2021,12,51,DOLLAR GE500114596,DSD,NJ,US,South Brunswick,116366 DAS,SCL Finished Goods: Bev,Plastic Bottle - Other
500114596,116366,3/31/2021,16,68,DOLLAR GE500114596,DSD,NJ,US,South Brunswick,116366 DAS,SCL Finished Goods: Bev,Plastic Bottle - Other
500114598,116366,3/3/2021,11,46,DOLLAR GE500114598,FSV,FL,US,Sebring,116366 DAS,SCL Finished Goods: Bev,Plastic Bottle - Other
500114600,116366,3/19/2021,12,51,DOLLAR GE500114600,FSV,FL,US,Winter Haven,116366 DAS,SCL Finished Goods: Bev,Plastic Bottle - Other
500114605,116366,3/5/2021,12,51,DOLLAR GE500114605,FSV,AZ,US,Glendale,116366 DAS,SCL Finished Goods: Bev,Plastic Bottle - Other
500114242,116366,6/15/2022,14,63,PUBLIX #1500114242,Ecom,BC,US,Prince George,116366 DAS,SCL Finished Goods: Bev,Plastic Bottle - Other
500114454,116366,6/15/2022,14,63,PUBLIX #1500114454,Ecom,FL,US,Ft. Pierce,116366 DAS,SCL Finished Goods: Bev,Plastic Bottle - Other
500114628,116366,3/22/2021,16,68,DOLLAR GE500114628,FSV,NJ,US,South Brunswick,116366 DAS,SCL Finished Goods: Bev,Plastic Bottle - Other
500114631,116366,3/30/2021,12,51,DOLLAR GE500114631,FSV,TX,US,Corpus Christi,116366 DAS,SCL Finished Goods: Bev,Plastic Bottle - Other
500114633,116366,3/23/2021,16,68,DOLLAR GE500114633,FSV,TX,US,Northpoint Combo,116366 DAS,SCL Finished Goods: Bev,Plastic Bottle - Other
500114633,116366,3/3/2021,16,68,DOLLAR GE500114633,FSV,TX,US,Northpoint Combo,116366 DAS,SCL Finished Goods: Bev,Plastic Bottle - Other
500114633,116366,3/10/2021,20,85,DOLLAR GE500114633,FSV,TX,US,Northpoint Combo,116366 DAS,SCL Finished Goods: Bev,Plastic Bottle - Other
500114635,116366,3/4/2021,12,51,DOLLAR GE500114635,DSD,OK,US,May Avenue,116366 DAS,SCL Finished Goods: Bev,Plastic Bottle - Other
500113696,116366,4/28/2022,14,63,PUBLIX #1500113696,DSD,BC,US,Calgary,116366 DAS,SCL Finished Goods: Bev,Plastic Bottle - Other
500113696,115585,4/23/2022,12,6,PUBLIX #1500113696,DSD,BC,US,Calgary,115585CF DT COKE,SCL Finished Goods: Bev,Aluminum Can
500113737,116366,5/4/2021,16,68,PUBLIX #1500113737,FSV,OK,US,May Avenue,116366 DAS,SCL Finished Goods: Bev,Plastic Bottle - Other
500113737,116366,5/1/2021,16,68,PUBLIX #1500113737,FSV,OK,US,May Avenue,116366 DAS,SCL Finished Goods: Bev,Plastic Bottle - Other
500113737,116366,5/13/2021,16,68,PUBLIX #1500113737,FSV,OK,US,May Avenue,116366 DAS,SCL Finished Goods: Bev,Plastic Bottle - Other
500113737,116366,5/11/2021,16,68,PUBLIX #1500113737,FSV,OK,US,May Avenue,116366 DAS,SCL Finished Goods: Bev,Plastic Bottle - Other
500113737,116366,5/8/2021,16,68,PUBLIX #1500113737,FSV,OK,US,May Avenue,116366 DAS,SCL Finished Goods: Bev,Plastic Bottle - Other
500113737,116366,5/29/2021,16,68,PUBLIX #1500113737,FSV,OK,US,May Avenue,116366 DAS,SCL Finished Goods: Bev,Plastic Bottle - Other
500113737,116366,5/6/2021,16,68,PUBLIX #1500113737,FSV,OK,US,May Avenue,116366 DAS,SCL Finished Goods: Bev,Plastic Bottle - Other
500113888,116366,5/8/2021,16,68,PUBLIX #1500113888,DSD,TX,US,Northpoint Combo,116366 DAS,SCL Finished Goods: Bev,Plastic Bottle - Other
500113888,116366,5/1/2021,16,68,PUBLIX #1500113888,DSD,TX,US,Northpoint Combo,116366 DAS,SCL Finished Goods: Bev,Plastic Bottle - Other
500113896,116366,5/27/2021,16,68,PUBLIX #1500113896,FSV,OK,US,May Avenue,116366 DAS,SCL Finished Goods: Bev,Plastic Bottle - Other
500113896,116366,5/13/2021,16,68,PUBLIX #1500113896,FSV,OK,US,May Avenue,116366 DAS,SCL Finished Goods: Bev,Plastic Bottle - Other
500113896,116366,5/15/2021,16,68,PUBLIX #1500113896,FSV,OK,US,May Avenue,116366 DAS,SCL Finished Goods: Bev,Plastic Bottle - Other
500113896,116366,5/6/2021,16,68,PUBLIX #1500113896,FSV,OK,US,May Avenue,116366 DAS,SCL Finished Goods: Bev,Plastic Bottle - Other
500113984,157121,5/5/2021,11,13,CIRCLE K 500113984,FSV,FL,US,Tampa,157121BA LYTE TROP CCNT,SCL Finished Goods: Bev,Plastic Bottle - Other
500114011,115586,5/28/2021,24,9,CIRCLE K 500114011,DSD,TX,US,El Paso,115586SPRITE,SCL Finished Goods: Bev,Aluminum Can
500114036,116366,5/28/2021,16,68,PUBLIX #1500114036,FSV,OK,US,May Avenue,116366 DAS,SCL Finished Goods: Bev,Plastic Bottle - Other
500114095,154776,6/14/2022,20,8,WALMART #500114095,Ecom,BC,US,Prince George,15477610FPX3 COKE CHRY,SCL Finished Goods: Bev,Aluminum Can - Sleek
500114295,116366,6/14/2022,14,62,DOLLAR GE500114295,Ecom,TX,US,Austin,116366 DAS,SCL Finished Goods: Bev,Plastic Bottle - Other
500114559,116366,6/13/2022,14,64,TARGET #2500114559,Ecom,NJ,US,South Brunswick,116366 DAS,SCL Finished Goods: Bev,Plastic Bottle - Other
500114095,154776,6/11/2022,20,8,WALMART #500114095,Ecom,BC,US,Prince George,15477610FPX3 COKE CHRY,SCL Finished Goods: Bev,Aluminum Can - Sleek
500114096,115583,6/11/2022,24,12,PUBLIX #1500114096,Ecom,NJ,US,South Brunswick,115583COKE,SCL Finished Goods: Bev,Aluminum Can
500114096,115584,6/11/2022,24,12,PUBLIX #1500114096,Ecom,NJ,US,South Brunswick,115584DT COKE,SCL Finished Goods: Bev,Aluminum Can
500114245,116366,5/4/2021,16,67,TARGET #2500114245,DSD,AZ,US,Glendale,116366 DAS,SCL Finished Goods: Bev,Plastic Bottle - Other
500114096,134166,6/11/2022,16,12,PUBLIX #1500114096,Ecom,NJ,US,South Brunswick,134166 SPRITE ZRO SGR,SCL Finished Goods: Bev,Plastic Bottle - Dimple
500114454,116366,6/10/2022,14,63,PUBLIX #1500114454,Ecom,FL,US,Ft. Pierce,116366 DAS,SCL Finished Goods: Bev,Plastic Bottle - Other
500114338,115583,5/18/2021,12,5,PUBLIX #1500114338,DSD,BC,US,Prince George,115583COKE,SCL Finished Goods: Bev,Aluminum Can
500114338,116366,5/27/2021,16,68,PUBLIX #1500114338,DSD,BC,US,Prince George,116366 DAS,SCL Finished Goods: Bev,Plastic Bottle - Other
500114338,116366,5/15/2021,16,68,PUBLIX #1500114338,DSD,BC,US,Prince George,116366 DAS,SCL Finished Goods: Bev,Plastic Bottle - Other
500114353,116366,6/9/2022,14,64,SUPER TAR500114353,Ecom,OK,US,May Avenue,116366 DAS,SCL Finished Goods: Bev,Plastic Bottle - Other
500114290,116366,6/8/2022,16,71,DOLLAR GE500114290,Ecom,FL,US,Spring Hill,116366 DAS,SCL Finished Goods: Bev,Plastic Bottle - Other
500114353,116366,6/7/2022,14,64,SUPER TAR500114353,Ecom,OK,US,May Avenue,116366 DAS,SCL Finished Goods: Bev,Plastic Bottle - Other
500114096,116366,6/4/2022,14,63,PUBLIX #1500114096,Ecom,NJ,US,South Brunswick,116366 DAS,SCL Finished Goods: Bev,Plastic Bottle - Other
500114353,116366,6/4/2022,14,64,SUPER TAR500114353,Ecom,OK,US,May Avenue,116366 DAS,SCL Finished Goods: Bev,Plastic Bottle - Other
500114488,116366,6/3/2022,14,63,PUBLIX #1500114488,Ecom,FL,US,Jacksonville,116366 DAS,SCL Finished Goods: Bev,Plastic Bottle - Other
500114369,115583,5/31/2021,12,5,PUBLIX #1500114369,DSD,TX,US,Northpoint Combo,115583COKE,SCL Finished Goods: Bev,Aluminum Can
500114369,115583,5/15/2021,12,5,PUBLIX #1500114369,DSD,TX,US,Northpoint Combo,115583COKE,SCL Finished Goods: Bev,Aluminum Can
500114369,115584,5/31/2021,36,15,PUBLIX #1500114369,DSD,TX,US,Northpoint Combo,115584DT COKE,SCL Finished Goods: Bev,Aluminum Can
500114369,116366,5/27/2021,16,68,PUBLIX #1500114369,DSD,TX,US,Northpoint Combo,116366 DAS,SCL Finished Goods: Bev,Plastic Bottle - Other
500114369,116366,5/25/2021,16,68,PUBLIX #1500114369,DSD,TX,US,Northpoint Combo,116366 DAS,SCL Finished Goods: Bev,Plastic Bottle - Other
500114369,116366,5/15/2021,16,68,PUBLIX #1500114369,DSD,TX,US,Northpoint Combo,116366 DAS,SCL Finished Goods: Bev,Plastic Bottle - Other
500114369,116366,5/13/2021,16,68,PUBLIX #1500114369,DSD,TX,US,Northpoint Combo,116366 DAS,SCL Finished Goods: Bev,Plastic Bottle - Other
500114394,116366,5/8/2021,16,68,PUBLIX #1500114394,FSV,TX,US,Austin,116366 DAS,SCL Finished Goods: Bev,Plastic Bottle - Other
500114394,116366,5/27/2021,16,68,PUBLIX #1500114394,FSV,TX,US,Austin,116366 DAS,SCL Finished Goods: Bev,Plastic Bottle - Other
500114412,116366,5/27/2021,16,68,PUBLIX #1500114412,FSV,OK,US,May Avenue,116366 DAS,SCL Finished Goods: Bev,Plastic Bottle - Other
500114412,116366,5/13/2021,16,68,PUBLIX #1500114412,FSV,OK,US,May Avenue,116366 DAS,SCL Finished Goods: Bev,Plastic Bottle - Other
500114412,116366,5/15/2021,16,68,PUBLIX #1500114412,FSV,OK,US,May Avenue,116366 DAS,SCL Finished Goods: Bev,Plastic Bottle - Other
500114413,115583,5/20/2021,60,26,PUBLIX #1500114413,DSD,FL,US,Ft. Myers,115583COKE,SCL Finished Goods: Bev,Aluminum Can
500114413,115586,5/13/2021,12,5,PUBLIX #1500114413,DSD,FL,US,Ft. Myers,115586SPRITE,SCL Finished Goods: Bev,Aluminum Can
500114426,115584,5/21/2021,16,7,PUBLIX #1500114426,FSV,TX,US,El Paso,115584DT COKE,SCL Finished Goods: Bev,Aluminum Can
500114426,115584,5/15/2021,12,5,PUBLIX #1500114426,FSV,TX,US,El Paso,115584DT COKE,SCL Finished Goods: Bev,Aluminum Can
500114426,115585,5/21/2021,16,7,PUBLIX #1500114426,FSV,TX,US,El Paso,115585CF DT COKE,SCL Finished Goods: Bev,Aluminum Can
500114426,116366,5/28/2021,16,68,PUBLIX #1500114426,FSV,TX,US,El Paso,116366 DAS,SCL Finished Goods: Bev,Plastic Bottle - Other
500114431,116366,5/8/2021,16,68,PUBLIX #1500114431,DSD,NJ,US,South Brunswick,116366 DAS,SCL Finished Goods: Bev,Plastic Bottle - Other
500114431,116366,5/15/2021,16,68,PUBLIX #1500114431,DSD,NJ,US,South Brunswick,116366 DAS,SCL Finished Goods: Bev,Plastic Bottle - Other
500114347,116366,6/2/2022,14,63,PUBLIX #1500114347,Ecom,BC,US,Calgary,116366 DAS,SCL Finished Goods: Bev,Plastic Bottle - Other
500114484,115583,5/18/2021,12,5,PUBLIX #1500114484,DSD,AZ,US,Glendale,115583COKE,SCL Finished Goods: Bev,Aluminum Can
500114484,116366,5/14/2021,16,68,PUBLIX #1500114484,DSD,AZ,US,Glendale,116366 DAS,SCL Finished Goods: Bev,Plastic Bottle - Other
500114096,116366,6/2/2022,14,63,PUBLIX #1500114096,Ecom,NJ,US,South Brunswick,116366 DAS,SCL Finished Goods: Bev,Plastic Bottle - Other
500114290,116366,6/1/2022,16,71,DOLLAR GE500114290,Ecom,FL,US,Spring Hill,116366 DAS,SCL Finished Goods: Bev,Plastic Bottle - Other
500114559,116366,6/1/2022,14,64,TARGET #2500114559,Ecom,NJ,US,South Brunswick,116366 DAS,SCL Finished Goods: Bev,Plastic Bottle - Other
500114096,116366,5/31/2022,14,63,PUBLIX #1500114096,Ecom,NJ,US,South Brunswick,116366 DAS,SCL Finished Goods: Bev,Plastic Bottle - Other
500114295,116366,5/31/2022,16,71,DOLLAR GE500114295,Ecom,TX,US,Austin,116366 DAS,SCL Finished Goods: Bev,Plastic Bottle - Other
500114497,138185,5/21/2021,19,18,FAMILY DO500114497,DSD,TX,US,El Paso,138185S COKE,SCL Finished Goods: Bev,Plastic Bottle - Contour
500114497,138185,5/7/2021,19,18,FAMILY DO500114497,DSD,TX,US,El Paso,138185S COKE,SCL Finished Goods: Bev,Plastic Bottle - Contour
500114531,100724,5/6/2021,12,92,WALMART #500114531,DSD,BC,US,Prince George,100724T COKE,SCL Finished Goods: Bev,Aluminum Can
500114347,116366,5/28/2022,14,63,PUBLIX #1500114347,Ecom,BC,US,Calgary,116366 DAS,SCL Finished Goods: Bev,Plastic Bottle - Other
500114570,116366,5/4/2021,12,51,DOLLAR GE500114570,FSV,TX,US,Corpus Christi,116366 DAS,SCL Finished Goods: Bev,Plastic Bottle - Other
500114581,116366,5/7/2021,16,68,DOLLAR GE500114581,FSV,FL,US,Spring Hill,116366 DAS,SCL Finished Goods: Bev,Plastic Bottle - Other
500114584,116366,5/5/2021,12,51,DOLLAR GE500114584,DSD,AZ,US,Glendale,116366 DAS,SCL Finished Goods: Bev,Plastic Bottle - Other
500114584,116366,5/8/2021,12,51,DOLLAR GE500114584,DSD,AZ,US,Glendale,116366 DAS,SCL Finished Goods: Bev,Plastic Bottle - Other
500114587,116366,5/19/2021,16,68,DOLLAR GE500114587,FSV,BC,US,Prince George,116366 DAS,SCL Finished Goods: Bev,Plastic Bottle - Other
500113696,116366,4/19/2022,14,63,PUBLIX #1500113696,DSD,BC,US,Calgary,116366 DAS,SCL Finished Goods: Bev,Plastic Bottle - Other
500113696,116366,4/14/2022,14,63,PUBLIX #1500113696,DSD,BC,US,Calgary,116366 DAS,SCL Finished Goods: Bev,Plastic Bottle - Other
500113696,116366,4/9/2022,14,63,PUBLIX #1500113696,DSD,BC,US,Calgary,116366 DAS,SCL Finished Goods: Bev,Plastic Bottle - Other
500113696,116366,3/24/2022,14,63,PUBLIX #1500113696,DSD,BC,US,Calgary,116366 DAS,SCL Finished Goods: Bev,Plastic Bottle - Other
500113696,116366,3/15/2022,14,63,PUBLIX #1500113696,DSD,BC,US,Calgary,116366 DAS,SCL Finished Goods: Bev,Plastic Bottle - Other
500113696,116366,3/10/2022,14,63,PUBLIX #1500113696,DSD,BC,US,Calgary,116366 DAS,SCL Finished Goods: Bev,Plastic Bottle - Other
500113696,116366,3/3/2022,14,63,PUBLIX #1500113696,DSD,BC,US,Calgary,116366 DAS,SCL Finished Goods: Bev,Plastic Bottle - Other
500113696,116366,2/19/2022,14,63,PUBLIX #1500113696,DSD,BC,US,Calgary,116366 DAS,SCL Finished Goods: Bev,Plastic Bottle - Other
500113696,116366,2/17/2022,14,63,PUBLIX #1500113696,DSD,BC,US,Calgary,116366 DAS,SCL Finished Goods: Bev,Plastic Bottle - Other
500113737,115586,11/9/2021,12,5,PUBLIX #1500113737,FSV,OK,US,May Avenue,115586SPRITE,SCL Finished Goods: Bev,Aluminum Can
500113737,116366,11/13/2021,16,68,PUBLIX #1500113737,FSV,OK,US,May Avenue,116366 DAS,SCL Finished Goods: Bev,Plastic Bottle - Other
500113737,116366,11/18/2021,16,68,PUBLIX #1500113737,FSV,OK,US,May Avenue,116366 DAS,SCL Finished Goods: Bev,Plastic Bottle - Other
500113888,116366,11/16/2021,16,68,PUBLIX #1500113888,DSD,TX,US,Northpoint Combo,116366 DAS,SCL Finished Goods: Bev,Plastic Bottle - Other
500113888,116366,11/20/2021,16,68,PUBLIX #1500113888,DSD,TX,US,Northpoint Combo,116366 DAS,SCL Finished Goods: Bev,Plastic Bottle - Other
500113888,116366,11/11/2021,16,68,PUBLIX #1500113888,DSD,TX,US,Northpoint Combo,116366 DAS,SCL Finished Goods: Bev,Plastic Bottle - Other
500113888,116366,11/30/2021,16,68,PUBLIX #1500113888,DSD,TX,US,Northpoint Combo,116366 DAS,SCL Finished Goods: Bev,Plastic Bottle - Other
500113888,116366,11/2/2021,16,68,PUBLIX #1500113888,DSD,TX,US,Northpoint Combo,116366 DAS,SCL Finished Goods: Bev,Plastic Bottle - Other
500113888,116366,11/18/2021,16,68,PUBLIX #1500113888,DSD,TX,US,Northpoint Combo,116366 DAS,SCL Finished Goods: Bev,Plastic Bottle - Other
500113888,116366,11/4/2021,16,68,PUBLIX #1500113888,DSD,TX,US,Northpoint Combo,116366 DAS,SCL Finished Goods: Bev,Plastic Bottle - Other
500113888,116366,11/13/2021,16,68,PUBLIX #1500113888,DSD,TX,US,Northpoint Combo,116366 DAS,SCL Finished Goods: Bev,Plastic Bottle - Other
500113896,115583,11/4/2021,12,5,PUBLIX #1500113896,FSV,OK,US,May Avenue,115583COKE,SCL Finished Goods: Bev,Aluminum Can
500113896,115583,11/30/2021,108,51,PUBLIX #1500113896,FSV,OK,US,May Avenue,115583COKE,SCL Finished Goods: Bev,Aluminum Can
500113896,115584,11/18/2021,36,17,PUBLIX #1500113896,FSV,OK,US,May Avenue,115584DT COKE,SCL Finished Goods: Bev,Aluminum Can
500113896,115584,11/4/2021,12,5,PUBLIX #1500113896,FSV,OK,US,May Avenue,115584DT COKE,SCL Finished Goods: Bev,Aluminum Can
500113896,115584,11/13/2021,36,17,PUBLIX #1500113896,FSV,OK,US,May Avenue,115584DT COKE,SCL Finished Goods: Bev,Aluminum Can
500113896,115585,11/30/2021,12,5,PUBLIX #1500113896,FSV,OK,US,May Avenue,115585CF DT COKE,SCL Finished Goods: Bev,Aluminum Can
500113896,115586,11/30/2021,12,5,PUBLIX #1500113896,FSV,OK,US,May Avenue,115586SPRITE,SCL Finished Goods: Bev,Aluminum Can
500113896,116366,11/6/2021,16,68,PUBLIX #1500113896,FSV,OK,US,May Avenue,116366 DAS,SCL Finished Goods: Bev,Plastic Bottle - Other
500113896,116366,11/30/2021,16,68,PUBLIX #1500113896,FSV,OK,US,May Avenue,116366 DAS,SCL Finished Goods: Bev,Plastic Bottle - Other
500113896,116366,11/13/2021,16,68,PUBLIX #1500113896,FSV,OK,US,May Avenue,116366 DAS,SCL Finished Goods: Bev,Plastic Bottle - Other
500113896,116366,11/20/2021,16,68,PUBLIX #1500113896,FSV,OK,US,May Avenue,116366 DAS,SCL Finished Goods: Bev,Plastic Bottle - Other
500113896,116366,11/27/2021,16,68,PUBLIX #1500113896,FSV,OK,US,May Avenue,116366 DAS,SCL Finished Goods: Bev,Plastic Bottle - Other
500113997,115586,11/12/2021,12,5,CIRCLE K 500113997,FSV,BC,US,Calgary,115586SPRITE,SCL Finished Goods: Bev,Aluminum Can
500114036,116366,11/23/2021,16,68,PUBLIX #1500114036,FSV,OK,US,May Avenue,116366 DAS,SCL Finished Goods: Bev,Plastic Bottle - Other
500114036,116366,11/9/2021,16,68,PUBLIX #1500114036,FSV,OK,US,May Avenue,116366 DAS,SCL Finished Goods: Bev,Plastic Bottle - Other
500114036,116366,11/12/2021,16,68,PUBLIX #1500114036,FSV,OK,US,May Avenue,116366 DAS,SCL Finished Goods: Bev,Plastic Bottle - Other
500114036,116366,11/30/2021,16,68,PUBLIX #1500114036,FSV,OK,US,May Avenue,116366 DAS,SCL Finished Goods: Bev,Plastic Bottle - Other
500114036,116366,11/5/2021,16,68,PUBLIX #1500114036,FSV,OK,US,May Avenue,116366 DAS,SCL Finished Goods: Bev,Plastic Bottle - Other
500114242,116366,5/28/2022,14,63,PUBLIX #1500114242,Ecom,BC,US,Prince George,116366 DAS,SCL Finished Goods: Bev,Plastic Bottle - Other
500114410,116366,5/28/2022,14,63,PUBLIX #1500114410,Ecom,FL,US,Ft. Pierce,116366 DAS,SCL Finished Goods: Bev,Plastic Bottle - Other
500114488,116366,5/27/2022,14,63,PUBLIX #1500114488,Ecom,FL,US,Jacksonville,116366 DAS,SCL Finished Goods: Bev,Plastic Bottle - Other
500114347,116366,5/26/2022,14,63,PUBLIX #1500114347,Ecom,BC,US,Calgary,116366 DAS,SCL Finished Goods: Bev,Plastic Bottle - Other
500114096,116366,5/26/2022,14,63,PUBLIX #1500114096,Ecom,NJ,US,South Brunswick,116366 DAS,SCL Finished Goods: Bev,Plastic Bottle - Other
500114353,116366,5/26/2022,14,64,SUPER TAR500114353,Ecom,OK,US,May Avenue,116366 DAS,SCL Finished Goods: Bev,Plastic Bottle - Other
500114201,115584,11/27/2021,12,5,WALMART #500114201,DSD,BC,US,Calgary,115584DT COKE,SCL Finished Goods: Bev,Aluminum Can
500114290,116366,5/25/2022,16,71,DOLLAR GE500114290,Ecom,FL,US,Spring Hill,116366 DAS,SCL Finished Goods: Bev,Plastic Bottle - Other
500114454,116366,5/25/2022,14,63,PUBLIX #1500114454,Ecom,FL,US,Ft. Pierce,116366 DAS,SCL Finished Goods: Bev,Plastic Bottle - Other
500114488,116366,5/25/2022,14,63,PUBLIX #1500114488,Ecom,FL,US,Jacksonville,116366 DAS,SCL Finished Goods: Bev,Plastic Bottle - Other
500114245,116366,11/30/2021,16,70,TARGET #2500114245,DSD,AZ,US,Glendale,116366 DAS,SCL Finished Goods: Bev,Plastic Bottle - Other
500114245,116366,11/23/2021,16,70,TARGET #2500114245,DSD,AZ,US,Glendale,116366 DAS,SCL Finished Goods: Bev,Plastic Bottle - Other
500114245,116366,11/12/2021,16,70,TARGET #2500114245,DSD,AZ,US,Glendale,116366 DAS,SCL Finished Goods: Bev,Plastic Bottle - Other
500114347,116366,5/24/2022,14,63,PUBLIX #1500114347,Ecom,BC,US,Calgary,116366 DAS,SCL Finished Goods: Bev,Plastic Bottle - Other
500114297,116366,11/22/2021,16,68,DOLLAR GE500114297,DSD,OK,US,May Avenue,116366 DAS,SCL Finished Goods: Bev,Plastic Bottle - Other
500114338,116366,11/18/2021,16,68,PUBLIX #1500114338,DSD,BC,US,Prince George,116366 DAS,SCL Finished Goods: Bev,Plastic Bottle - Other
500114338,116366,11/24/2021,16,68,PUBLIX #1500114338,DSD,BC,US,Prince George,116366 DAS,SCL Finished Goods: Bev,Plastic Bottle - Other
500114338,116366,11/2/2021,16,68,PUBLIX #1500114338,DSD,BC,US,Prince George,116366 DAS,SCL Finished Goods: Bev,Plastic Bottle - Other
500114338,116366,11/9/2021,16,68,PUBLIX #1500114338,DSD,BC,US,Prince George,116366 DAS,SCL Finished Goods: Bev,Plastic Bottle - Other
500114338,116366,11/11/2021,16,68,PUBLIX #1500114338,DSD,BC,US,Prince George,116366 DAS,SCL Finished Goods: Bev,Plastic Bottle - Other
500114338,116366,11/6/2021,16,68,PUBLIX #1500114338,DSD,BC,US,Prince George,116366 DAS,SCL Finished Goods: Bev,Plastic Bottle - Other
500114096,116366,5/24/2022,14,63,PUBLIX #1500114096,Ecom,NJ,US,South Brunswick,116366 DAS,SCL Finished Goods: Bev,Plastic Bottle - Other
500114353,116366,5/24/2022,14,64,SUPER TAR500114353,Ecom,OK,US,May Avenue,116366 DAS,SCL Finished Goods: Bev,Plastic Bottle - Other
500114410,116366,5/24/2022,14,63,PUBLIX #1500114410,Ecom,FL,US,Ft. Pierce,116366 DAS,SCL Finished Goods: Bev,Plastic Bottle - Other
500114454,116366,5/23/2022,14,63,PUBLIX #1500114454,Ecom,FL,US,Ft. Pierce,116366 DAS,SCL Finished Goods: Bev,Plastic Bottle - Other
500114369,116366,11/4/2021,16,68,PUBLIX #1500114369,DSD,TX,US,Northpoint Combo,116366 DAS,SCL Finished Goods: Bev,Plastic Bottle - Other
500114369,116366,11/16/2021,16,68,PUBLIX #1500114369,DSD,TX,US,Northpoint Combo,116366 DAS,SCL Finished Goods: Bev,Plastic Bottle - Other
500114369,116366,11/9/2021,16,68,PUBLIX #1500114369,DSD,TX,US,Northpoint Combo,116366 DAS,SCL Finished Goods: Bev,Plastic Bottle - Other
500114369,116366,11/23/2021,16,68,PUBLIX #1500114369,DSD,TX,US,Northpoint Combo,116366 DAS,SCL Finished Goods: Bev,Plastic Bottle - Other
500114369,116366,11/2/2021,16,68,PUBLIX #1500114369,DSD,TX,US,Northpoint Combo,116366 DAS,SCL Finished Goods: Bev,Plastic Bottle - Other
500114369,116366,11/24/2021,16,68,PUBLIX #1500114369,DSD,TX,US,Northpoint Combo,116366 DAS,SCL Finished Goods: Bev,Plastic Bottle - Other
500114394,116366,11/24/2021,16,68,PUBLIX #1500114394,FSV,TX,US,Austin,116366 DAS,SCL Finished Goods: Bev,Plastic Bottle - Other
500114394,116366,11/30/2021,16,68,PUBLIX #1500114394,FSV,TX,US,Austin,116366 DAS,SCL Finished Goods: Bev,Plastic Bottle - Other
500114394,116366,11/20/2021,16,68,PUBLIX #1500114394,FSV,TX,US,Austin,116366 DAS,SCL Finished Goods: Bev,Plastic Bottle - Other
500114394,116366,11/4/2021,16,68,PUBLIX #1500114394,FSV,TX,US,Austin,116366 DAS,SCL Finished Goods: Bev,Plastic Bottle - Other
500114394,116366,11/23/2021,16,68,PUBLIX #1500114394,FSV,TX,US,Austin,116366 DAS,SCL Finished Goods: Bev,Plastic Bottle - Other
500114096,116366,5/21/2022,14,63,PUBLIX #1500114096,Ecom,NJ,US,South Brunswick,116366 DAS,SCL Finished Goods: Bev,Plastic Bottle - Other
500114242,116366,5/21/2022,14,63,PUBLIX #1500114242,Ecom,BC,US,Prince George,116366 DAS,SCL Finished Goods: Bev,Plastic Bottle - Other
500114412,116366,11/15/2021,16,68,PUBLIX #1500114412,FSV,OK,US,May Avenue,116366 DAS,SCL Finished Goods: Bev,Plastic Bottle - Other
500114412,116366,11/8/2021,16,68,PUBLIX #1500114412,FSV,OK,US,May Avenue,116366 DAS,SCL Finished Goods: Bev,Plastic Bottle - Other
500114412,116366,11/22/2021,16,68,PUBLIX #1500114412,FSV,OK,US,May Avenue,116366 DAS,SCL Finished Goods: Bev,Plastic Bottle - Other
500114413,115584,11/4/2021,12,5,PUBLIX #1500114413,DSD,FL,US,Ft. Myers,115584DT COKE,SCL Finished Goods: Bev,Aluminum Can
500114413,116366,11/1/2021,16,68,PUBLIX #1500114413,DSD,FL,US,Ft. Myers,116366 DAS,SCL Finished Goods: Bev,Plastic Bottle - Other
500114413,116366,11/22/2021,16,68,PUBLIX #1500114413,DSD,FL,US,Ft. Myers,116366 DAS,SCL Finished Goods: Bev,Plastic Bottle - Other
500114413,116366,11/15/2021,16,68,PUBLIX #1500114413,DSD,FL,US,Ft. Myers,116366 DAS,SCL Finished Goods: Bev,Plastic Bottle - Other
500114431,116366,11/15/2021,16,68,PUBLIX #1500114431,DSD,NJ,US,South Brunswick,116366 DAS,SCL Finished Goods: Bev,Plastic Bottle - Other
500114431,116366,11/24/2021,16,68,PUBLIX #1500114431,DSD,NJ,US,South Brunswick,116366 DAS,SCL Finished Goods: Bev,Plastic Bottle - Other
500114431,116366,11/11/2021,16,68,PUBLIX #1500114431,DSD,NJ,US,South Brunswick,116366 DAS,SCL Finished Goods: Bev,Plastic Bottle - Other
500114431,116366,11/1/2021,16,68,PUBLIX #1500114431,DSD,NJ,US,South Brunswick,116366 DAS,SCL Finished Goods: Bev,Plastic Bottle - Other
500114431,116366,11/8/2021,16,68,PUBLIX #1500114431,DSD,NJ,US,South Brunswick,116366 DAS,SCL Finished Goods: Bev,Plastic Bottle - Other
500114431,116366,11/6/2021,16,68,PUBLIX #1500114431,DSD,NJ,US,South Brunswick,116366 DAS,SCL Finished Goods: Bev,Plastic Bottle - Other
500114488,116366,5/20/2022,14,63,PUBLIX #1500114488,Ecom,FL,US,Jacksonville,116366 DAS,SCL Finished Goods: Bev,Plastic Bottle - Other
500114096,116366,5/19/2022,14,63,PUBLIX #1500114096,Ecom,NJ,US,South Brunswick,116366 DAS,SCL Finished Goods: Bev,Plastic Bottle - Other
500114488,115584,5/18/2022,12,6,PUBLIX #1500114488,Ecom,FL,US,Jacksonville,115584DT COKE,SCL Finished Goods: Bev,Aluminum Can
500114484,116366,11/16/2021,16,68,PUBLIX #1500114484,DSD,AZ,US,Glendale,116366 DAS,SCL Finished Goods: Bev,Plastic Bottle - Other
500114484,116366,11/5/2021,16,68,PUBLIX #1500114484,DSD,AZ,US,Glendale,116366 DAS,SCL Finished Goods: Bev,Plastic Bottle - Other
500114484,116366,11/19/2021,16,68,PUBLIX #1500114484,DSD,AZ,US,Glendale,116366 DAS,SCL Finished Goods: Bev,Plastic Bottle - Other
500114484,116366,11/2/2021,16,68,PUBLIX #1500114484,DSD,AZ,US,Glendale,116366 DAS,SCL Finished Goods: Bev,Plastic Bottle - Other
500114484,116366,11/12/2021,16,68,PUBLIX #1500114484,DSD,AZ,US,Glendale,116366 DAS,SCL Finished Goods: Bev,Plastic Bottle - Other
500114347,116366,5/17/2022,14,63,PUBLIX #1500114347,Ecom,BC,US,Calgary,116366 DAS,SCL Finished Goods: Bev,Plastic Bottle - Other
500114295,116366,5/17/2022,16,71,DOLLAR GE500114295,Ecom,TX,US,Austin,116366 DAS,SCL Finished Goods: Bev,Plastic Bottle - Other
500114353,116366,5/17/2022,14,64,SUPER TAR500114353,Ecom,OK,US,May Avenue,116366 DAS,SCL Finished Goods: Bev,Plastic Bottle - Other
500114410,116366,5/17/2022,14,63,PUBLIX #1500114410,Ecom,FL,US,Ft. Pierce,116366 DAS,SCL Finished Goods: Bev,Plastic Bottle - Other
500114101,115583,5/16/2022,12,6,WALMART #500114101,Ecom,AZ,US,Glendale,115583COKE,SCL Finished Goods: Bev,Aluminum Can
500114571,116366,11/23/2021,12,51,DOLLAR GE500114571,DSD,FL,US,Spring Hill,116366 DAS,SCL Finished Goods: Bev,Plastic Bottle - Other
500114096,116366,5/14/2022,14,63,PUBLIX #1500114096,Ecom,NJ,US,South Brunswick,116366 DAS,SCL Finished Goods: Bev,Plastic Bottle - Other
500114577,116366,11/17/2021,12,51,DOLLAR GE500114577,FSV,BC,US,Prince George,116366 DAS,SCL Finished Goods: Bev,Plastic Bottle - Other
500114581,116366,11/17/2021,16,68,DOLLAR GE500114581,FSV,FL,US,Spring Hill,116366 DAS,SCL Finished Goods: Bev,Plastic Bottle - Other
500114242,116366,5/14/2022,14,63,PUBLIX #1500114242,Ecom,BC,US,Prince George,116366 DAS,SCL Finished Goods: Bev,Plastic Bottle - Other
500114599,116366,11/13/2021,16,68,DOLLAR GE500114599,FSV,BC,US,Calgary,116366 DAS,SCL Finished Goods: Bev,Plastic Bottle - Other
500114600,116366,11/1/2021,16,68,DOLLAR GE500114600,FSV,FL,US,Winter Haven,116366 DAS,SCL Finished Goods: Bev,Plastic Bottle - Other
500113696,116366,2/12/2022,14,63,PUBLIX #1500113696,DSD,BC,US,Calgary,116366 DAS,SCL Finished Goods: Bev,Plastic Bottle - Other
500113696,116366,1/25/2022,14,63,PUBLIX #1500113696,DSD,BC,US,Calgary,116366 DAS,SCL Finished Goods: Bev,Plastic Bottle - Other
500113696,116366,1/18/2022,14,63,PUBLIX #1500113696,DSD,BC,US,Calgary,116366 DAS,SCL Finished Goods: Bev,Plastic Bottle - Other
500113696,116366,1/8/2022,14,63,PUBLIX #1500113696,DSD,BC,US,Calgary,116366 DAS,SCL Finished Goods: Bev,Plastic Bottle - Other
500113737,116366,10/12/2021,16,68,PUBLIX #1500113737,FSV,OK,US,May Avenue,116366 DAS,SCL Finished Goods: Bev,Plastic Bottle - Other
500113737,116366,10/7/2021,16,68,PUBLIX #1500113737,FSV,OK,US,May Avenue,116366 DAS,SCL Finished Goods: Bev,Plastic Bottle - Other
500113737,116366,10/2/2021,16,68,PUBLIX #1500113737,FSV,OK,US,May Avenue,116366 DAS,SCL Finished Goods: Bev,Plastic Bottle - Other
500113737,116366,10/21/2021,16,68,PUBLIX #1500113737,FSV,OK,US,May Avenue,116366 DAS,SCL Finished Goods: Bev,Plastic Bottle - Other
500113737,116366,10/23/2021,16,68,PUBLIX #1500113737,FSV,OK,US,May Avenue,116366 DAS,SCL Finished Goods: Bev,Plastic Bottle - Other
500113737,116366,10/5/2021,16,68,PUBLIX #1500113737,FSV,OK,US,May Avenue,116366 DAS,SCL Finished Goods: Bev,Plastic Bottle - Other
500113737,116366,10/30/2021,16,68,PUBLIX #1500113737,FSV,OK,US,May Avenue,116366 DAS,SCL Finished Goods: Bev,Plastic Bottle - Other
500113737,116366,10/19/2021,16,68,PUBLIX #1500113737,FSV,OK,US,May Avenue,116366 DAS,SCL Finished Goods: Bev,Plastic Bottle - Other
500113888,116366,10/26/2021,16,68,PUBLIX #1500113888,DSD,TX,US,Northpoint Combo,116366 DAS,SCL Finished Goods: Bev,Plastic Bottle - Other
500113888,116366,10/7/2021,16,68,PUBLIX #1500113888,DSD,TX,US,Northpoint Combo,116366 DAS,SCL Finished Goods: Bev,Plastic Bottle - Other
500113888,116366,10/12/2021,16,68,PUBLIX #1500113888,DSD,TX,US,Northpoint Combo,116366 DAS,SCL Finished Goods: Bev,Plastic Bottle - Other
500113888,116366,10/14/2021,16,68,PUBLIX #1500113888,DSD,TX,US,Northpoint Combo,116366 DAS,SCL Finished Goods: Bev,Plastic Bottle - Other
500113888,116366,10/30/2021,16,68,PUBLIX #1500113888,DSD,TX,US,Northpoint Combo,116366 DAS,SCL Finished Goods: Bev,Plastic Bottle - Other
500113888,116366,10/16/2021,16,68,PUBLIX #1500113888,DSD,TX,US,Northpoint Combo,116366 DAS,SCL Finished Goods: Bev,Plastic Bottle - Other
500113888,116366,10/28/2021,16,68,PUBLIX #1500113888,DSD,TX,US,Northpoint Combo,116366 DAS,SCL Finished Goods: Bev,Plastic Bottle - Other
500113896,115586,10/12/2021,12,5,PUBLIX #1500113896,FSV,OK,US,May Avenue,115586SPRITE,SCL Finished Goods: Bev,Aluminum Can
500113896,116366,10/28/2021,16,68,PUBLIX #1500113896,FSV,OK,US,May Avenue,116366 DAS,SCL Finished Goods: Bev,Plastic Bottle - Other
500113896,116366,10/9/2021,16,68,PUBLIX #1500113896,FSV,OK,US,May Avenue,116366 DAS,SCL Finished Goods: Bev,Plastic Bottle - Other
500113896,116366,10/2/2021,16,68,PUBLIX #1500113896,FSV,OK,US,May Avenue,116366 DAS,SCL Finished Goods: Bev,Plastic Bottle - Other
500113896,116366,10/5/2021,16,68,PUBLIX #1500113896,FSV,OK,US,May Avenue,116366 DAS,SCL Finished Goods: Bev,Plastic Bottle - Other
500113896,116366,10/30/2021,16,68,PUBLIX #1500113896,FSV,OK,US,May Avenue,116366 DAS,SCL Finished Goods: Bev,Plastic Bottle - Other
500113896,116366,10/7/2021,16,68,PUBLIX #1500113896,FSV,OK,US,May Avenue,116366 DAS,SCL Finished Goods: Bev,Plastic Bottle - Other
500113896,116366,10/14/2021,16,68,PUBLIX #1500113896,FSV,OK,US,May Avenue,116366 DAS,SCL Finished Goods: Bev,Plastic Bottle - Other
500114036,115584,10/29/2021,12,5,PUBLIX #1500114036,FSV,OK,US,May Avenue,115584DT COKE,SCL Finished Goods: Bev,Aluminum Can
500114055,115583,10/20/2021,12,5,WALMART #500114055,DSD,NJ,US,South Brunswick,115583COKE,SCL Finished Goods: Bev,Aluminum Can
500114353,116366,5/14/2022,14,64,SUPER TAR500114353,Ecom,OK,US,May Avenue,116366 DAS,SCL Finished Goods: Bev,Plastic Bottle - Other
500114410,116366,5/14/2022,14,63,PUBLIX #1500114410,Ecom,FL,US,Ft. Pierce,116366 DAS,SCL Finished Goods: Bev,Plastic Bottle - Other
500114488,116366,5/13/2022,14,63,PUBLIX #1500114488,Ecom,FL,US,Jacksonville,116366 DAS,SCL Finished Goods: Bev,Plastic Bottle - Other
500114347,116366,5/12/2022,14,63,PUBLIX #1500114347,Ecom,BC,US,Calgary,116366 DAS,SCL Finished Goods: Bev,Plastic Bottle - Other
500114096,116366,5/12/2022,14,63,PUBLIX #1500114096,Ecom,NJ,US,South Brunswick,116366 DAS,SCL Finished Goods: Bev,Plastic Bottle - Other
500114159,115586,10/11/2021,36,16,WALMART #500114159,FSV,NJ,US,South Brunswick,115586SPRITE,SCL Finished Goods: Bev,Aluminum Can
500114290,116366,5/12/2022,16,71,DOLLAR GE500114290,Ecom,FL,US,Spring Hill,116366 DAS,SCL Finished Goods: Bev,Plastic Bottle - Other
500114361,116366,5/12/2022,14,63,PUBLIX #1500114361,Ecom,NJ,US,South Brunswick,116366 DAS,SCL Finished Goods: Bev,Plastic Bottle - Other
500114242,116366,5/11/2022,14,63,PUBLIX #1500114242,Ecom,BC,US,Prince George,116366 DAS,SCL Finished Goods: Bev,Plastic Bottle - Other
500114296,116366,10/22/2021,16,68,DOLLAR GE500114296,DSD,AZ,US,Glendale,116366 DAS,SCL Finished Goods: Bev,Plastic Bottle - Other
500114296,116366,10/11/2021,16,68,DOLLAR GE500114296,DSD,AZ,US,Glendale,116366 DAS,SCL Finished Goods: Bev,Plastic Bottle - Other
500114296,116366,10/8/2021,12,51,DOLLAR GE500114296,DSD,AZ,US,Glendale,116366 DAS,SCL Finished Goods: Bev,Plastic Bottle - Other
500114296,116366,10/15/2021,16,68,DOLLAR GE500114296,DSD,AZ,US,Glendale,116366 DAS,SCL Finished Goods: Bev,Plastic Bottle - Other
500114296,116366,10/1/2021,12,51,DOLLAR GE500114296,DSD,AZ,US,Glendale,116366 DAS,SCL Finished Goods: Bev,Plastic Bottle - Other
500114338,116366,10/12/2021,16,68,PUBLIX #1500114338,DSD,BC,US,Prince George,116366 DAS,SCL Finished Goods: Bev,Plastic Bottle - Other
500114338,116366,10/2/2021,16,68,PUBLIX #1500114338,DSD,BC,US,Prince George,116366 DAS,SCL Finished Goods: Bev,Plastic Bottle - Other
500114338,116366,10/21/2021,16,68,PUBLIX #1500114338,DSD,BC,US,Prince George,116366 DAS,SCL Finished Goods: Bev,Plastic Bottle - Other
500114338,116366,10/26/2021,16,68,PUBLIX #1500114338,DSD,BC,US,Prince George,116366 DAS,SCL Finished Goods: Bev,Plastic Bottle - Other
500114338,116366,10/14/2021,16,68,PUBLIX #1500114338,DSD,BC,US,Prince George,116366 DAS,SCL Finished Goods: Bev,Plastic Bottle - Other
500114338,116366,10/5/2021,16,68,PUBLIX #1500114338,DSD,BC,US,Prince George,116366 DAS,SCL Finished Goods: Bev,Plastic Bottle - Other
500114338,116366,10/19/2021,16,68,PUBLIX #1500114338,DSD,BC,US,Prince George,116366 DAS,SCL Finished Goods: Bev,Plastic Bottle - Other
500114454,116366,5/11/2022,14,63,PUBLIX #1500114454,Ecom,FL,US,Ft. Pierce,116366 DAS,SCL Finished Goods: Bev,Plastic Bottle - Other
500114347,116366,5/10/2022,14,63,PUBLIX #1500114347,Ecom,BC,US,Calgary,116366 DAS,SCL Finished Goods: Bev,Plastic Bottle - Other
500114353,116366,5/10/2022,14,64,SUPER TAR500114353,Ecom,OK,US,May Avenue,116366 DAS,SCL Finished Goods: Bev,Plastic Bottle - Other
500114355,116366,10/15/2021,16,70,SUPER TAR500114355,DSD,NJ,US,South Brunswick,116366 DAS,SCL Finished Goods: Bev,Plastic Bottle - Other
500114454,116366,5/9/2022,14,63,PUBLIX #1500114454,Ecom,FL,US,Ft. Pierce,116366 DAS,SCL Finished Goods: Bev,Plastic Bottle - Other
500114369,115583,10/26/2021,12,5,PUBLIX #1500114369,DSD,TX,US,Northpoint Combo,115583COKE,SCL Finished Goods: Bev,Aluminum Can
500114369,115586,10/26/2021,12,5,PUBLIX #1500114369,DSD,TX,US,Northpoint Combo,115586SPRITE,SCL Finished Goods: Bev,Aluminum Can
500114369,116366,10/2/2021,16,68,PUBLIX #1500114369,DSD,TX,US,Northpoint Combo,116366 DAS,SCL Finished Goods: Bev,Plastic Bottle - Other
500114369,116366,10/7/2021,16,68,PUBLIX #1500114369,DSD,TX,US,Northpoint Combo,116366 DAS,SCL Finished Goods: Bev,Plastic Bottle - Other
500114369,116366,10/21/2021,16,68,PUBLIX #1500114369,DSD,TX,US,Northpoint Combo,116366 DAS,SCL Finished Goods: Bev,Plastic Bottle - Other
500114369,116366,10/12/2021,16,68,PUBLIX #1500114369,DSD,TX,US,Northpoint Combo,116366 DAS,SCL Finished Goods: Bev,Plastic Bottle - Other
500114369,116366,10/5/2021,16,68,PUBLIX #1500114369,DSD,TX,US,Northpoint Combo,116366 DAS,SCL Finished Goods: Bev,Plastic Bottle - Other
500114369,116366,10/14/2021,16,68,PUBLIX #1500114369,DSD,TX,US,Northpoint Combo,116366 DAS,SCL Finished Goods: Bev,Plastic Bottle - Other
500114372,116366,10/14/2021,16,70,SUPER TAR500114372,FSV,FL,US,Spring Hill,116366 DAS,SCL Finished Goods: Bev,Plastic Bottle - Other
500114372,116366,10/26/2021,16,70,SUPER TAR500114372,FSV,FL,US,Spring Hill,116366 DAS,SCL Finished Goods: Bev,Plastic Bottle - Other
500114394,115584,10/30/2021,12,5,PUBLIX #1500114394,FSV,TX,US,Austin,115584DT COKE,SCL Finished Goods: Bev,Aluminum Can
500114394,116366,10/5/2021,16,68,PUBLIX #1500114394,FSV,TX,US,Austin,116366 DAS,SCL Finished Goods: Bev,Plastic Bottle - Other
500114394,116366,10/7/2021,16,68,PUBLIX #1500114394,FSV,TX,US,Austin,116366 DAS,SCL Finished Goods: Bev,Plastic Bottle - Other
500114412,116366,10/18/2021,16,68,PUBLIX #1500114412,FSV,OK,US,May Avenue,116366 DAS,SCL Finished Goods: Bev,Plastic Bottle - Other
500114412,116366,10/28/2021,16,68,PUBLIX #1500114412,FSV,OK,US,May Avenue,116366 DAS,SCL Finished Goods: Bev,Plastic Bottle - Other
500114413,115583,10/21/2021,12,5,PUBLIX #1500114413,DSD,FL,US,Ft. Myers,115583COKE,SCL Finished Goods: Bev,Aluminum Can
500114413,116366,10/4/2021,16,68,PUBLIX #1500114413,DSD,FL,US,Ft. Myers,116366 DAS,SCL Finished Goods: Bev,Plastic Bottle - Other
500114413,116366,10/11/2021,16,68,PUBLIX #1500114413,DSD,FL,US,Ft. Myers,116366 DAS,SCL Finished Goods: Bev,Plastic Bottle - Other
500114426,115584,10/20/2021,12,5,PUBLIX #1500114426,FSV,TX,US,El Paso,115584DT COKE,SCL Finished Goods: Bev,Aluminum Can
500114431,116366,10/30/2021,16,68,PUBLIX #1500114431,DSD,NJ,US,South Brunswick,116366 DAS,SCL Finished Goods: Bev,Plastic Bottle - Other
500114431,116366,10/16/2021,16,68,PUBLIX #1500114431,DSD,NJ,US,South Brunswick,116366 DAS,SCL Finished Goods: Bev,Plastic Bottle - Other
500114431,116366,10/9/2021,16,68,PUBLIX #1500114431,DSD,NJ,US,South Brunswick,116366 DAS,SCL Finished Goods: Bev,Plastic Bottle - Other
500114431,116366,10/11/2021,16,68,PUBLIX #1500114431,DSD,NJ,US,South Brunswick,116366 DAS,SCL Finished Goods: Bev,Plastic Bottle - Other
500114431,116366,10/18/2021,16,68,PUBLIX #1500114431,DSD,NJ,US,South Brunswick,116366 DAS,SCL Finished Goods: Bev,Plastic Bottle - Other
500114431,116366,10/4/2021,16,68,PUBLIX #1500114431,DSD,NJ,US,South Brunswick,116366 DAS,SCL Finished Goods: Bev,Plastic Bottle - Other
500114431,116366,10/14/2021,16,68,PUBLIX #1500114431,DSD,NJ,US,South Brunswick,116366 DAS,SCL Finished Goods: Bev,Plastic Bottle - Other
500114431,116366,10/7/2021,16,68,PUBLIX #1500114431,DSD,NJ,US,South Brunswick,116366 DAS,SCL Finished Goods: Bev,Plastic Bottle - Other
500114431,116366,10/25/2021,16,68,PUBLIX #1500114431,DSD,NJ,US,South Brunswick,116366 DAS,SCL Finished Goods: Bev,Plastic Bottle - Other
500114488,116366,5/9/2022,14,63,PUBLIX #1500114488,Ecom,FL,US,Jacksonville,116366 DAS,SCL Finished Goods: Bev,Plastic Bottle - Other
500114484,115584,10/1/2021,12,5,PUBLIX #1500114484,DSD,AZ,US,Glendale,115584DT COKE,SCL Finished Goods: Bev,Aluminum Can
500114484,115584,10/15/2021,12,5,PUBLIX #1500114484,DSD,AZ,US,Glendale,115584DT COKE,SCL Finished Goods: Bev,Aluminum Can
500114484,116366,10/5/2021,16,68,PUBLIX #1500114484,DSD,AZ,US,Glendale,116366 DAS,SCL Finished Goods: Bev,Plastic Bottle - Other
500114484,116366,10/8/2021,16,68,PUBLIX #1500114484,DSD,AZ,US,Glendale,116366 DAS,SCL Finished Goods: Bev,Plastic Bottle - Other
500114484,116366,10/12/2021,16,68,PUBLIX #1500114484,DSD,AZ,US,Glendale,116366 DAS,SCL Finished Goods: Bev,Plastic Bottle - Other
500114096,116366,5/7/2022,14,63,PUBLIX #1500114096,Ecom,NJ,US,South Brunswick,116366 DAS,SCL Finished Goods: Bev,Plastic Bottle - Other
500114497,115584,10/11/2021,24,10,FAMILY DO500114497,DSD,TX,US,El Paso,115584DT COKE,SCL Finished Goods: Bev,Aluminum Can
500114497,115586,10/11/2021,12,5,FAMILY DO500114497,DSD,TX,US,El Paso,115586SPRITE,SCL Finished Goods: Bev,Aluminum Can
500114555,116366,10/5/2021,16,70,SUPER TAR500114555,FSV,BC,US,Calgary,116366 DAS,SCL Finished Goods: Bev,Plastic Bottle - Other
500114582,116366,10/29/2021,12,51,DOLLAR GE500114582,FSV,AZ,US,Glendale,116366 DAS,SCL Finished Goods: Bev,Plastic Bottle - Other
500114599,116366,10/2/2021,16,68,DOLLAR GE500114599,FSV,BC,US,Calgary,116366 DAS,SCL Finished Goods: Bev,Plastic Bottle - Other
500114600,116366,10/12/2021,16,68,DOLLAR GE500114600,FSV,FL,US,Winter Haven,116366 DAS,SCL Finished Goods: Bev,Plastic Bottle - Other
500113696,116366,12/18/2021,16,68,PUBLIX #1500113696,DSD,BC,US,Calgary,116366 DAS,SCL Finished Goods: Bev,Plastic Bottle - Other
500113696,116366,12/16/2021,16,68,PUBLIX #1500113696,DSD,BC,US,Calgary,116366 DAS,SCL Finished Goods: Bev,Plastic Bottle - Other
500113696,116366,12/9/2021,16,68,PUBLIX #1500113696,DSD,BC,US,Calgary,116366 DAS,SCL Finished Goods: Bev,Plastic Bottle - Other
500113696,116366,11/18/2021,16,68,PUBLIX #1500113696,DSD,BC,US,Calgary,116366 DAS,SCL Finished Goods: Bev,Plastic Bottle - Other
500114410,116366,5/7/2022,14,63,PUBLIX #1500114410,Ecom,FL,US,Ft. Pierce,116366 DAS,SCL Finished Goods: Bev,Plastic Bottle - Other
500113737,116366,9/16/2021,16,68,PUBLIX #1500113737,FSV,OK,US,May Avenue,116366 DAS,SCL Finished Goods: Bev,Plastic Bottle - Other
500113737,116366,9/11/2021,16,68,PUBLIX #1500113737,FSV,OK,US,May Avenue,116366 DAS,SCL Finished Goods: Bev,Plastic Bottle - Other
500113737,116366,9/7/2021,16,68,PUBLIX #1500113737,FSV,OK,US,May Avenue,116366 DAS,SCL Finished Goods: Bev,Plastic Bottle - Other
500113737,116366,9/4/2021,16,68,PUBLIX #1500113737,FSV,OK,US,May Avenue,116366 DAS,SCL Finished Goods: Bev,Plastic Bottle - Other
500113888,115583,9/23/2021,12,5,PUBLIX #1500113888,DSD,TX,US,Northpoint Combo,115583COKE,SCL Finished Goods: Bev,Aluminum Can
500113888,116366,9/2/2021,16,68,PUBLIX #1500113888,DSD,TX,US,Northpoint Combo,116366 DAS,SCL Finished Goods: Bev,Plastic Bottle - Other
500113888,116366,9/23/2021,16,68,PUBLIX #1500113888,DSD,TX,US,Northpoint Combo,116366 DAS,SCL Finished Goods: Bev,Plastic Bottle - Other
500113888,116366,9/9/2021,16,68,PUBLIX #1500113888,DSD,TX,US,Northpoint Combo,116366 DAS,SCL Finished Goods: Bev,Plastic Bottle - Other
500113888,116366,9/18/2021,16,68,PUBLIX #1500113888,DSD,TX,US,Northpoint Combo,116366 DAS,SCL Finished Goods: Bev,Plastic Bottle - Other
500113896,115583,9/12/2021,12,5,PUBLIX #1500113896,FSV,OK,US,May Avenue,115583COKE,SCL Finished Goods: Bev,Aluminum Can
500113896,115583,9/16/2021,180,85,PUBLIX #1500113896,FSV,OK,US,May Avenue,115583COKE,SCL Finished Goods: Bev,Aluminum Can
500113896,115584,9/16/2021,60,28,PUBLIX #1500113896,FSV,OK,US,May Avenue,115584DT COKE,SCL Finished Goods: Bev,Aluminum Can
500113896,116366,9/30/2021,16,68,PUBLIX #1500113896,FSV,OK,US,May Avenue,116366 DAS,SCL Finished Goods: Bev,Plastic Bottle - Other
500113896,116366,9/23/2021,16,68,PUBLIX #1500113896,FSV,OK,US,May Avenue,116366 DAS,SCL Finished Goods: Bev,Plastic Bottle - Other
500113896,116366,9/19/2021,16,68,PUBLIX #1500113896,FSV,OK,US,May Avenue,116366 DAS,SCL Finished Goods: Bev,Plastic Bottle - Other
500113896,116366,9/3/2021,16,68,PUBLIX #1500113896,FSV,OK,US,May Avenue,116366 DAS,SCL Finished Goods: Bev,Plastic Bottle - Other
500113896,151775,9/23/2021,30,13,PUBLIX #1500113896,FSV,OK,US,May Avenue,1517756P HC DT COKE,SCL Finished Goods: Bev,Aluminum Can - Sleek
500113922,115583,9/20/2021,12,5,CIRCLE K 500113922,DSD,FL,US,Winter Haven,115583COKE,SCL Finished Goods: Bev,Aluminum Can
500113922,115583,9/13/2021,12,5,CIRCLE K 500113922,DSD,FL,US,Winter Haven,115583COKE,SCL Finished Goods: Bev,Aluminum Can
500113925,115586,9/27/2021,12,5,CIRCLE K 500113925,FSV,FL,US,Jacksonville,115586SPRITE,SCL Finished Goods: Bev,Aluminum Can
500113925,115586,9/20/2021,12,5,CIRCLE K 500113925,FSV,FL,US,Jacksonville,115586SPRITE,SCL Finished Goods: Bev,Aluminum Can
500113996,158018,9/16/2021,21,28,CIRCLE K 500113996,FSV,NJ,US,South Brunswick,158018TS MON NRG ULT WMLN ZS NKO,SCL Finished Goods: Bev,Aluminum Can
500114036,116366,9/21/2021,16,68,PUBLIX #1500114036,FSV,OK,US,May Avenue,116366 DAS,SCL Finished Goods: Bev,Plastic Bottle - Other
500114036,116366,9/17/2021,16,68,PUBLIX #1500114036,FSV,OK,US,May Avenue,116366 DAS,SCL Finished Goods: Bev,Plastic Bottle - Other
500114036,116366,9/28/2021,16,68,PUBLIX #1500114036,FSV,OK,US,May Avenue,116366 DAS,SCL Finished Goods: Bev,Plastic Bottle - Other
500114488,116366,5/6/2022,14,63,PUBLIX #1500114488,Ecom,FL,US,Jacksonville,116366 DAS,SCL Finished Goods: Bev,Plastic Bottle - Other
500114559,116366,5/6/2022,14,64,TARGET #2500114559,Ecom,NJ,US,South Brunswick,116366 DAS,SCL Finished Goods: Bev,Plastic Bottle - Other
500114096,116366,5/5/2022,14,63,PUBLIX #1500114096,Ecom,NJ,US,South Brunswick,116366 DAS,SCL Finished Goods: Bev,Plastic Bottle - Other
500114353,116366,5/5/2022,14,64,SUPER TAR500114353,Ecom,OK,US,May Avenue,116366 DAS,SCL Finished Goods: Bev,Plastic Bottle - Other
500114454,116366,5/4/2022,14,63,PUBLIX #1500114454,Ecom,FL,US,Ft. Pierce,116366 DAS,SCL Finished Goods: Bev,Plastic Bottle - Other
500114488,116366,5/4/2022,14,63,PUBLIX #1500114488,Ecom,FL,US,Jacksonville,116366 DAS,SCL Finished Goods: Bev,Plastic Bottle - Other
500114259,103029,9/27/2021,17,18,FAMILY DO500114259,FSV,NJ,US,South Brunswick,103029SPRITE,SCL Finished Goods: Bev,Plastic Bottle - Dimple
500114259,115584,9/27/2021,84,37,FAMILY DO500114259,FSV,NJ,US,South Brunswick,115584DT COKE,SCL Finished Goods: Bev,Aluminum Can
500114559,116366,5/4/2022,14,64,TARGET #2500114559,Ecom,NJ,US,South Brunswick,116366 DAS,SCL Finished Goods: Bev,Plastic Bottle - Other
500114296,116366,9/2/2021,12,51,DOLLAR GE500114296,DSD,AZ,US,Glendale,116366 DAS,SCL Finished Goods: Bev,Plastic Bottle - Other
500114338,116366,9/14/2021,16,68,PUBLIX #1500114338,DSD,BC,US,Prince George,116366 DAS,SCL Finished Goods: Bev,Plastic Bottle - Other
500114338,116366,9/28/2021,16,68,PUBLIX #1500114338,DSD,BC,US,Prince George,116366 DAS,SCL Finished Goods: Bev,Plastic Bottle - Other
500114096,116366,5/3/2022,14,63,PUBLIX #1500114096,Ecom,NJ,US,South Brunswick,116366 DAS,SCL Finished Goods: Bev,Plastic Bottle - Other
500114353,116366,5/3/2022,14,64,SUPER TAR500114353,Ecom,OK,US,May Avenue,116366 DAS,SCL Finished Goods: Bev,Plastic Bottle - Other
500114295,116366,5/2/2022,16,71,DOLLAR GE500114295,Ecom,TX,US,Austin,116366 DAS,SCL Finished Goods: Bev,Plastic Bottle - Other
500114361,116366,5/2/2022,14,63,PUBLIX #1500114361,Ecom,NJ,US,South Brunswick,116366 DAS,SCL Finished Goods: Bev,Plastic Bottle - Other
500114369,115586,9/23/2021,36,17,PUBLIX #1500114369,DSD,TX,US,Northpoint Combo,115586SPRITE,SCL Finished Goods: Bev,Aluminum Can
500114369,116366,9/9/2021,16,68,PUBLIX #1500114369,DSD,TX,US,Northpoint Combo,116366 DAS,SCL Finished Goods: Bev,Plastic Bottle - Other
500114369,116366,9/2/2021,16,68,PUBLIX #1500114369,DSD,TX,US,Northpoint Combo,116366 DAS,SCL Finished Goods: Bev,Plastic Bottle - Other
500114369,116366,9/16/2021,16,68,PUBLIX #1500114369,DSD,TX,US,Northpoint Combo,116366 DAS,SCL Finished Goods: Bev,Plastic Bottle - Other
500114369,116366,9/7/2021,16,68,PUBLIX #1500114369,DSD,TX,US,Northpoint Combo,116366 DAS,SCL Finished Goods: Bev,Plastic Bottle - Other
500114369,116366,9/4/2021,16,68,PUBLIX #1500114369,DSD,TX,US,Northpoint Combo,116366 DAS,SCL Finished Goods: Bev,Plastic Bottle - Other
500114394,112260,9/23/2021,12,11,PUBLIX #1500114394,FSV,TX,US,Austin,112260AS,SCL Finished Goods: Bev,Plastic Bottle - Other
500114394,116366,9/21/2021,16,68,PUBLIX #1500114394,FSV,TX,US,Austin,116366 DAS,SCL Finished Goods: Bev,Plastic Bottle - Other
500114394,116366,9/7/2021,16,68,PUBLIX #1500114394,FSV,TX,US,Austin,116366 DAS,SCL Finished Goods: Bev,Plastic Bottle - Other
500114394,116366,9/18/2021,16,68,PUBLIX #1500114394,FSV,TX,US,Austin,116366 DAS,SCL Finished Goods: Bev,Plastic Bottle - Other
500114488,116366,5/2/2022,14,63,PUBLIX #1500114488,Ecom,FL,US,Jacksonville,116366 DAS,SCL Finished Goods: Bev,Plastic Bottle - Other
500114412,116366,9/2/2021,16,68,PUBLIX #1500114412,FSV,OK,US,May Avenue,116366 DAS,SCL Finished Goods: Bev,Plastic Bottle - Other
500114412,116366,9/13/2021,16,68,PUBLIX #1500114412,FSV,OK,US,May Avenue,116366 DAS,SCL Finished Goods: Bev,Plastic Bottle - Other
500114413,116366,9/13/2021,16,68,PUBLIX #1500114413,DSD,FL,US,Ft. Myers,116366 DAS,SCL Finished Goods: Bev,Plastic Bottle - Other
500114426,115584,9/20/2021,12,5,PUBLIX #1500114426,FSV,TX,US,El Paso,115584DT COKE,SCL Finished Goods: Bev,Aluminum Can
500114426,116366,9/20/2021,16,68,PUBLIX #1500114426,FSV,TX,US,El Paso,116366 DAS,SCL Finished Goods: Bev,Plastic Bottle - Other
500114431,116366,9/13/2021,16,68,PUBLIX #1500114431,DSD,NJ,US,South Brunswick,116366 DAS,SCL Finished Goods: Bev,Plastic Bottle - Other
500114431,116366,9/30/2021,16,68,PUBLIX #1500114431,DSD,NJ,US,South Brunswick,116366 DAS,SCL Finished Goods: Bev,Plastic Bottle - Other
500114431,116366,9/4/2021,16,68,PUBLIX #1500114431,DSD,NJ,US,South Brunswick,116366 DAS,SCL Finished Goods: Bev,Plastic Bottle - Other
500114431,116366,9/9/2021,16,68,PUBLIX #1500114431,DSD,NJ,US,South Brunswick,116366 DAS,SCL Finished Goods: Bev,Plastic Bottle - Other
500114431,116366,9/2/2021,16,68,PUBLIX #1500114431,DSD,NJ,US,South Brunswick,116366 DAS,SCL Finished Goods: Bev,Plastic Bottle - Other
500114431,116366,9/16/2021,16,68,PUBLIX #1500114431,DSD,NJ,US,South Brunswick,116366 DAS,SCL Finished Goods: Bev,Plastic Bottle - Other
500114431,116366,9/6/2021,16,68,PUBLIX #1500114431,DSD,NJ,US,South Brunswick,116366 DAS,SCL Finished Goods: Bev,Plastic Bottle - Other
500114431,116366,9/20/2021,16,68,PUBLIX #1500114431,DSD,NJ,US,South Brunswick,116366 DAS,SCL Finished Goods: Bev,Plastic Bottle - Other
500114096,116366,4/30/2022,14,63,PUBLIX #1500114096,Ecom,NJ,US,South Brunswick,116366 DAS,SCL Finished Goods: Bev,Plastic Bottle - Other
500114242,116366,4/30/2022,14,63,PUBLIX #1500114242,Ecom,BC,US,Prince George,116366 DAS,SCL Finished Goods: Bev,Plastic Bottle - Other
500114361,116366,4/30/2022,14,63,PUBLIX #1500114361,Ecom,NJ,US,South Brunswick,116366 DAS,SCL Finished Goods: Bev,Plastic Bottle - Other
500114488,116366,4/29/2022,14,63,PUBLIX #1500114488,Ecom,FL,US,Jacksonville,116366 DAS,SCL Finished Goods: Bev,Plastic Bottle - Other
500114361,116366,4/28/2022,14,63,PUBLIX #1500114361,Ecom,NJ,US,South Brunswick,116366 DAS,SCL Finished Goods: Bev,Plastic Bottle - Other
500114242,116366,4/27/2022,14,63,PUBLIX #1500114242,Ecom,BC,US,Prince George,116366 DAS,SCL Finished Goods: Bev,Plastic Bottle - Other
500114484,115584,9/14/2021,12,5,PUBLIX #1500114484,DSD,AZ,US,Glendale,115584DT COKE,SCL Finished Goods: Bev,Aluminum Can
500114484,116366,9/28/2021,16,68,PUBLIX #1500114484,DSD,AZ,US,Glendale,116366 DAS,SCL Finished Goods: Bev,Plastic Bottle - Other
500114484,116366,9/17/2021,16,68,PUBLIX #1500114484,DSD,AZ,US,Glendale,116366 DAS,SCL Finished Goods: Bev,Plastic Bottle - Other
500114484,116366,9/7/2021,16,68,PUBLIX #1500114484,DSD,AZ,US,Glendale,116366 DAS,SCL Finished Goods: Bev,Plastic Bottle - Other
500114290,116366,4/27/2022,16,71,DOLLAR GE500114290,Ecom,FL,US,Spring Hill,116366 DAS,SCL Finished Goods: Bev,Plastic Bottle - Other
500114488,116366,4/27/2022,14,63,PUBLIX #1500114488,Ecom,FL,US,Jacksonville,116366 DAS,SCL Finished Goods: Bev,Plastic Bottle - Other
500114096,116366,4/26/2022,14,63,PUBLIX #1500114096,Ecom,NJ,US,South Brunswick,116366 DAS,SCL Finished Goods: Bev,Plastic Bottle - Other
500114353,116366,4/26/2022,14,64,SUPER TAR500114353,Ecom,OK,US,May Avenue,116366 DAS,SCL Finished Goods: Bev,Plastic Bottle - Other
500113707,151778,4/25/2022,30,15,WALMART #500113707,Ecom,TX,US,Northpoint Combo,1517786P HC SPRITE ZRO SGR,SCL Finished Goods: Bev,Aluminum Can - Sleek
500114531,115584,9/25/2021,12,5,WALMART #500114531,DSD,BC,US,Prince George,115584DT COKE,SCL Finished Goods: Bev,Aluminum Can
500114600,116366,9/6/2021,16,68,DOLLAR GE500114600,FSV,FL,US,Winter Haven,116366 DAS,SCL Finished Goods: Bev,Plastic Bottle - Other
500114361,116366,4/25/2022,14,63,PUBLIX #1500114361,Ecom,NJ,US,South Brunswick,116366 DAS,SCL Finished Goods: Bev,Plastic Bottle - Other
500114628,116366,9/3/2021,16,68,DOLLAR GE500114628,FSV,NJ,US,South Brunswick,116366 DAS,SCL Finished Goods: Bev,Plastic Bottle - Other
500113696,116366,11/16/2021,16,68,PUBLIX #1500113696,DSD,BC,US,Calgary,116366 DAS,SCL Finished Goods: Bev,Plastic Bottle - Other
500113696,116366,11/11/2021,16,68,PUBLIX #1500113696,DSD,BC,US,Calgary,116366 DAS,SCL Finished Goods: Bev,Plastic Bottle - Other
500113696,116366,11/11/2021,15,2,PUBLIX #1500113696,DSD,BC,US,Calgary,116366 DAS,SCL Finished Goods: Bev,Plastic Bottle - Other
500113696,115584,11/9/2021,12,5,PUBLIX #1500113696,DSD,BC,US,Calgary,115584DT COKE,SCL Finished Goods: Bev,Aluminum Can
500113696,116366,11/9/2021,16,68,PUBLIX #1500113696,DSD,BC,US,Calgary,116366 DAS,SCL Finished Goods: Bev,Plastic Bottle - Other
500114454,116366,4/25/2022,14,63,PUBLIX #1500114454,Ecom,FL,US,Ft. Pierce,116366 DAS,SCL Finished Goods: Bev,Plastic Bottle - Other
500114488,116366,4/25/2022,14,63,PUBLIX #1500114488,Ecom,FL,US,Jacksonville,116366 DAS,SCL Finished Goods: Bev,Plastic Bottle - Other
500113737,116366,4/21/2022,14,63,PUBLIX #1500113737,FSV,OK,US,May Avenue,116366 DAS,SCL Finished Goods: Bev,Plastic Bottle - Other
500113737,116366,4/23/2022,14,63,PUBLIX #1500113737,FSV,OK,US,May Avenue,116366 DAS,SCL Finished Goods: Bev,Plastic Bottle - Other
500114361,116366,4/23/2022,14,63,PUBLIX #1500114361,Ecom,NJ,US,South Brunswick,116366 DAS,SCL Finished Goods: Bev,Plastic Bottle - Other
500114347,116366,4/23/2022,14,63,PUBLIX #1500114347,Ecom,BC,US,Calgary,116366 DAS,SCL Finished Goods: Bev,Plastic Bottle - Other
500113888,116366,4/7/2022,14,63,PUBLIX #1500113888,DSD,TX,US,Northpoint Combo,116366 DAS,SCL Finished Goods: Bev,Plastic Bottle - Other
500113888,116366,4/23/2022,14,63,PUBLIX #1500113888,DSD,TX,US,Northpoint Combo,116366 DAS,SCL Finished Goods: Bev,Plastic Bottle - Other
500113888,116366,4/14/2022,14,63,PUBLIX #1500113888,DSD,TX,US,Northpoint Combo,116366 DAS,SCL Finished Goods: Bev,Plastic Bottle - Other
500113888,116366,4/12/2022,14,63,PUBLIX #1500113888,DSD,TX,US,Northpoint Combo,116366 DAS,SCL Finished Goods: Bev,Plastic Bottle - Other
500113888,116366,4/30/2022,14,63,PUBLIX #1500113888,DSD,TX,US,Northpoint Combo,116366 DAS,SCL Finished Goods: Bev,Plastic Bottle - Other
500113888,116366,4/21/2022,14,63,PUBLIX #1500113888,DSD,TX,US,Northpoint Combo,116366 DAS,SCL Finished Goods: Bev,Plastic Bottle - Other
500113888,116366,4/28/2022,14,63,PUBLIX #1500113888,DSD,TX,US,Northpoint Combo,116366 DAS,SCL Finished Goods: Bev,Plastic Bottle - Other
500113888,116366,4/19/2022,14,63,PUBLIX #1500113888,DSD,TX,US,Northpoint Combo,116366 DAS,SCL Finished Goods: Bev,Plastic Bottle - Other
500113896,116366,4/30/2022,14,63,PUBLIX #1500113896,FSV,OK,US,May Avenue,116366 DAS,SCL Finished Goods: Bev,Plastic Bottle - Other
500113896,116366,4/14/2022,14,63,PUBLIX #1500113896,FSV,OK,US,May Avenue,116366 DAS,SCL Finished Goods: Bev,Plastic Bottle - Other
500113896,116366,4/28/2022,14,63,PUBLIX #1500113896,FSV,OK,US,May Avenue,116366 DAS,SCL Finished Goods: Bev,Plastic Bottle - Other
500113896,116366,4/21/2022,14,63,PUBLIX #1500113896,FSV,OK,US,May Avenue,116366 DAS,SCL Finished Goods: Bev,Plastic Bottle - Other
500113896,116366,4/16/2022,14,63,PUBLIX #1500113896,FSV,OK,US,May Avenue,116366 DAS,SCL Finished Goods: Bev,Plastic Bottle - Other
500114488,116366,4/22/2022,14,63,PUBLIX #1500114488,Ecom,FL,US,Jacksonville,116366 DAS,SCL Finished Goods: Bev,Plastic Bottle - Other
500114096,116366,4/21/2022,14,63,PUBLIX #1500114096,Ecom,NJ,US,South Brunswick,116366 DAS,SCL Finished Goods: Bev,Plastic Bottle - Other
500113994,115584,4/30/2022,12,5,CIRCLE K 500113994,FSV,FL,US,St. Petersburg,115584DT COKE,SCL Finished Goods: Bev,Aluminum Can
500114036,116366,4/12/2022,14,63,PUBLIX #1500114036,FSV,OK,US,May Avenue,116366 DAS,SCL Finished Goods: Bev,Plastic Bottle - Other
500114055,115583,4/1/2022,12,6,WALMART #500114055,DSD,NJ,US,South Brunswick,115583COKE,SCL Finished Goods: Bev,Aluminum Can
500114055,157231,4/11/2022,12,6,WALMART #500114055,DSD,NJ,US,South Brunswick,157231COKE CHRY VAN ZRO SGR,SCL Finished Goods: Bev,Aluminum Can
500114290,116366,4/21/2022,16,71,DOLLAR GE500114290,Ecom,FL,US,Spring Hill,116366 DAS,SCL Finished Goods: Bev,Plastic Bottle - Other
500114353,116366,4/21/2022,14,64,SUPER TAR500114353,Ecom,OK,US,May Avenue,116366 DAS,SCL Finished Goods: Bev,Plastic Bottle - Other
500114488,116366,4/20/2022,14,63,PUBLIX #1500114488,Ecom,FL,US,Jacksonville,116366 DAS,SCL Finished Goods: Bev,Plastic Bottle - Other
500113986,115584,4/18/2022,12,5,CIRCLE K 500113986,Ecom,TX,US,El Paso,115584DT COKE,SCL Finished Goods: Bev,Aluminum Can
500113986,115586,4/18/2022,12,5,CIRCLE K 500113986,Ecom,TX,US,El Paso,115586SPRITE,SCL Finished Goods: Bev,Aluminum Can
500114101,116309,4/18/2022,48,24,WALMART #500114101,Ecom,AZ,US,Glendale,116309PIBB XTRA,SCL Finished Goods: Bev,Aluminum Can
500114454,116366,4/18/2022,14,63,PUBLIX #1500114454,Ecom,FL,US,Ft. Pierce,116366 DAS,SCL Finished Goods: Bev,Plastic Bottle - Other
500113707,115586,4/16/2022,12,6,WALMART #500113707,Ecom,TX,US,Northpoint Combo,115586SPRITE,SCL Finished Goods: Bev,Aluminum Can
500114488,116366,4/15/2022,14,63,PUBLIX #1500114488,Ecom,FL,US,Jacksonville,116366 DAS,SCL Finished Goods: Bev,Plastic Bottle - Other
500114096,116366,4/14/2022,14,63,PUBLIX #1500114096,Ecom,NJ,US,South Brunswick,116366 DAS,SCL Finished Goods: Bev,Plastic Bottle - Other
500114159,115584,4/25/2022,12,6,WALMART #500114159,FSV,NJ,US,South Brunswick,115584DT COKE,SCL Finished Goods: Bev,Aluminum Can
500114353,116366,4/14/2022,14,64,SUPER TAR500114353,Ecom,OK,US,May Avenue,116366 DAS,SCL Finished Goods: Bev,Plastic Bottle - Other
500114101,115583,4/13/2022,12,6,WALMART #500114101,Ecom,AZ,US,Glendale,115583COKE,SCL Finished Goods: Bev,Aluminum Can
500114101,155505,4/13/2022,12,5,WALMART #500114101,Ecom,AZ,US,Glendale,155505HC COKE CHRY,SCL Finished Goods: Bev,Plastic Bottle - Contour
500114245,116366,4/19/2022,16,73,TARGET #2500114245,DSD,AZ,US,Glendale,116366 DAS,SCL Finished Goods: Bev,Plastic Bottle - Other
500114245,116366,4/1/2022,17,78,TARGET #2500114245,DSD,AZ,US,Glendale,116366 DAS,SCL Finished Goods: Bev,Plastic Bottle - Other
500114290,116366,4/13/2022,16,71,DOLLAR GE500114290,Ecom,FL,US,Spring Hill,116366 DAS,SCL Finished Goods: Bev,Plastic Bottle - Other
500114096,116366,4/12/2022,14,63,PUBLIX #1500114096,Ecom,NJ,US,South Brunswick,116366 DAS,SCL Finished Goods: Bev,Plastic Bottle - Other
500114353,116366,4/12/2022,14,64,SUPER TAR500114353,Ecom,OK,US,May Avenue,116366 DAS,SCL Finished Goods: Bev,Plastic Bottle - Other
500114488,116366,4/11/2022,14,63,PUBLIX #1500114488,Ecom,FL,US,Jacksonville,116366 DAS,SCL Finished Goods: Bev,Plastic Bottle - Other
500114296,116366,4/18/2022,16,71,DOLLAR GE500114296,DSD,AZ,US,Glendale,116366 DAS,SCL Finished Goods: Bev,Plastic Bottle - Other
500114338,116366,4/16/2022,14,63,PUBLIX #1500114338,DSD,BC,US,Prince George,116366 DAS,SCL Finished Goods: Bev,Plastic Bottle - Other
500114338,116366,4/19/2022,14,63,PUBLIX #1500114338,DSD,BC,US,Prince George,116366 DAS,SCL Finished Goods: Bev,Plastic Bottle - Other
500114338,116366,4/12/2022,14,63,PUBLIX #1500114338,DSD,BC,US,Prince George,116366 DAS,SCL Finished Goods: Bev,Plastic Bottle - Other
500114338,116366,4/28/2022,14,63,PUBLIX #1500114338,DSD,BC,US,Prince George,116366 DAS,SCL Finished Goods: Bev,Plastic Bottle - Other
500113766,115583,4/9/2022,12,6,WALMART #500113766,Ecom,NJ,US,South Brunswick,115583COKE,SCL Finished Goods: Bev,Aluminum Can
500113766,115585,4/9/2022,12,6,WALMART #500113766,Ecom,NJ,US,South Brunswick,115585CF DT COKE,SCL Finished Goods: Bev,Aluminum Can
500114096,116366,4/9/2022,14,63,PUBLIX #1500114096,Ecom,NJ,US,South Brunswick,116366 DAS,SCL Finished Goods: Bev,Plastic Bottle - Other
500114096,116366,4/7/2022,14,63,PUBLIX #1500114096,Ecom,NJ,US,South Brunswick,116366 DAS,SCL Finished Goods: Bev,Plastic Bottle - Other
500114347,116366,4/7/2022,14,63,PUBLIX #1500114347,Ecom,BC,US,Calgary,116366 DAS,SCL Finished Goods: Bev,Plastic Bottle - Other
500114242,116366,4/6/2022,14,63,PUBLIX #1500114242,Ecom,BC,US,Prince George,116366 DAS,SCL Finished Goods: Bev,Plastic Bottle - Other
500114355,116366,4/1/2022,14,64,SUPER TAR500114355,DSD,NJ,US,South Brunswick,116366 DAS,SCL Finished Goods: Bev,Plastic Bottle - Other
500114290,116366,4/6/2022,16,71,DOLLAR GE500114290,Ecom,FL,US,Spring Hill,116366 DAS,SCL Finished Goods: Bev,Plastic Bottle - Other
500114488,116366,4/4/2022,14,63,PUBLIX #1500114488,Ecom,FL,US,Jacksonville,116366 DAS,SCL Finished Goods: Bev,Plastic Bottle - Other
500114559,116366,3/30/2022,14,64,TARGET #2500114559,Ecom,NJ,US,South Brunswick,116366 DAS,SCL Finished Goods: Bev,Plastic Bottle - Other
500114573,116366,3/30/2022,14,62,DOLLAR GE500114573,Ecom,TX,US,Austin,116366 DAS,SCL Finished Goods: Bev,Plastic Bottle - Other
500114369,115583,4/16/2022,12,6,PUBLIX #1500114369,DSD,TX,US,Northpoint Combo,115583COKE,SCL Finished Goods: Bev,Aluminum Can
500114369,116366,4/16/2022,14,63,PUBLIX #1500114369,DSD,TX,US,Northpoint Combo,116366 DAS,SCL Finished Goods: Bev,Plastic Bottle - Other
500114369,116366,4/23/2022,14,63,PUBLIX #1500114369,DSD,TX,US,Northpoint Combo,116366 DAS,SCL Finished Goods: Bev,Plastic Bottle - Other
500114369,116366,4/30/2022,14,63,PUBLIX #1500114369,DSD,TX,US,Northpoint Combo,116366 DAS,SCL Finished Goods: Bev,Plastic Bottle - Other
500114369,116366,4/21/2022,14,63,PUBLIX #1500114369,DSD,TX,US,Northpoint Combo,116366 DAS,SCL Finished Goods: Bev,Plastic Bottle - Other
500114394,115586,4/23/2022,12,6,PUBLIX #1500114394,FSV,TX,US,Austin,115586SPRITE,SCL Finished Goods: Bev,Aluminum Can
500114394,116309,4/23/2022,12,6,PUBLIX #1500114394,FSV,TX,US,Austin,116309PIBB XTRA,SCL Finished Goods: Bev,Aluminum Can
500114394,116366,4/21/2022,14,63,PUBLIX #1500114394,FSV,TX,US,Austin,116366 DAS,SCL Finished Goods: Bev,Plastic Bottle - Other
500114394,116366,4/9/2022,14,63,PUBLIX #1500114394,FSV,TX,US,Austin,116366 DAS,SCL Finished Goods: Bev,Plastic Bottle - Other
500114394,116366,4/28/2022,14,63,PUBLIX #1500114394,FSV,TX,US,Austin,116366 DAS,SCL Finished Goods: Bev,Plastic Bottle - Other
500114394,116366,4/23/2022,14,63,PUBLIX #1500114394,FSV,TX,US,Austin,116366 DAS,SCL Finished Goods: Bev,Plastic Bottle - Other
500114394,116366,4/14/2022,14,63,PUBLIX #1500114394,FSV,TX,US,Austin,116366 DAS,SCL Finished Goods: Bev,Plastic Bottle - Other
500114412,115585,4/7/2022,12,6,PUBLIX #1500114412,FSV,OK,US,May Avenue,115585CF DT COKE,SCL Finished Goods: Bev,Aluminum Can
500114413,116366,4/18/2022,14,63,PUBLIX #1500114413,DSD,FL,US,Ft. Myers,116366 DAS,SCL Finished Goods: Bev,Plastic Bottle - Other
500114413,116366,4/4/2022,14,63,PUBLIX #1500114413,DSD,FL,US,Ft. Myers,116366 DAS,SCL Finished Goods: Bev,Plastic Bottle - Other
500114431,116366,4/25/2022,14,63,PUBLIX #1500114431,DSD,NJ,US,South Brunswick,116366 DAS,SCL Finished Goods: Bev,Plastic Bottle - Other
500114431,116366,4/16/2022,14,63,PUBLIX #1500114431,DSD,NJ,US,South Brunswick,116366 DAS,SCL Finished Goods: Bev,Plastic Bottle - Other
500114431,116366,4/23/2022,14,63,PUBLIX #1500114431,DSD,NJ,US,South Brunswick,116366 DAS,SCL Finished Goods: Bev,Plastic Bottle - Other
500114431,116366,4/21/2022,14,63,PUBLIX #1500114431,DSD,NJ,US,South Brunswick,116366 DAS,SCL Finished Goods: Bev,Plastic Bottle - Other
500114353,116366,3/29/2022,14,64,SUPER TAR500114353,Ecom,OK,US,May Avenue,116366 DAS,SCL Finished Goods: Bev,Plastic Bottle - Other
500114353,116366,3/26/2022,14,64,SUPER TAR500114353,Ecom,OK,US,May Avenue,116366 DAS,SCL Finished Goods: Bev,Plastic Bottle - Other
500114484,116366,4/19/2022,14,63,PUBLIX #1500114484,DSD,AZ,US,Glendale,116366 DAS,SCL Finished Goods: Bev,Plastic Bottle - Other
500114488,116366,3/25/2022,14,63,PUBLIX #1500114488,Ecom,FL,US,Jacksonville,116366 DAS,SCL Finished Goods: Bev,Plastic Bottle - Other
500114353,116366,3/24/2022,14,64,SUPER TAR500114353,Ecom,OK,US,May Avenue,116366 DAS,SCL Finished Goods: Bev,Plastic Bottle - Other
500114454,116366,3/23/2022,14,63,PUBLIX #1500114454,Ecom,FL,US,Ft. Pierce,116366 DAS,SCL Finished Goods: Bev,Plastic Bottle - Other
500114096,116366,3/22/2022,14,63,PUBLIX #1500114096,Ecom,NJ,US,South Brunswick,116366 DAS,SCL Finished Goods: Bev,Plastic Bottle - Other
500114353,116366,3/22/2022,14,64,SUPER TAR500114353,Ecom,OK,US,May Avenue,116366 DAS,SCL Finished Goods: Bev,Plastic Bottle - Other
500114580,116366,3/22/2022,12,53,DOLLAR GE500114580,Ecom,FL,US,Spring Hill,116366 DAS,SCL Finished Goods: Bev,Plastic Bottle - Other
500114454,116366,3/21/2022,14,63,PUBLIX #1500114454,Ecom,FL,US,Ft. Pierce,116366 DAS,SCL Finished Goods: Bev,Plastic Bottle - Other
500114096,116366,3/19/2022,14,63,PUBLIX #1500114096,Ecom,NJ,US,South Brunswick,116366 DAS,SCL Finished Goods: Bev,Plastic Bottle - Other
500113696,116366,11/9/2021,15,2,PUBLIX #1500113696,DSD,BC,US,Calgary,116366 DAS,SCL Finished Goods: Bev,Plastic Bottle - Other
500113696,116366,11/4/2021,16,68,PUBLIX #1500113696,DSD,BC,US,Calgary,116366 DAS,SCL Finished Goods: Bev,Plastic Bottle - Other
500113696,116366,11/2/2021,16,68,PUBLIX #1500113696,DSD,BC,US,Calgary,116366 DAS,SCL Finished Goods: Bev,Plastic Bottle - Other
500113696,116366,10/19/2021,16,68,PUBLIX #1500113696,DSD,BC,US,Calgary,116366 DAS,SCL Finished Goods: Bev,Plastic Bottle - Other
500114488,116366,3/18/2022,14,63,PUBLIX #1500114488,Ecom,FL,US,Jacksonville,116366 DAS,SCL Finished Goods: Bev,Plastic Bottle - Other
500113737,116366,8/18/2022,14,68,PUBLIX #1500113737,FSV,OK,US,May Avenue,116366 DAS,SCL Finished Goods: Bev,Plastic Bottle - Other
500113737,116366,8/20/2022,14,68,PUBLIX #1500113737,FSV,OK,US,May Avenue,116366 DAS,SCL Finished Goods: Bev,Plastic Bottle - Other
500113737,116366,8/9/2022,14,68,PUBLIX #1500113737,FSV,OK,US,May Avenue,116366 DAS,SCL Finished Goods: Bev,Plastic Bottle - Other
500113737,116366,8/25/2022,14,68,PUBLIX #1500113737,FSV,OK,US,May Avenue,116366 DAS,SCL Finished Goods: Bev,Plastic Bottle - Other
500113737,116366,8/30/2022,14,68,PUBLIX #1500113737,FSV,OK,US,May Avenue,116366 DAS,SCL Finished Goods: Bev,Plastic Bottle - Other
500114353,116366,3/17/2022,14,64,SUPER TAR500114353,Ecom,OK,US,May Avenue,116366 DAS,SCL Finished Goods: Bev,Plastic Bottle - Other
500113888,116366,8/25/2022,14,68,PUBLIX #1500113888,DSD,TX,US,Northpoint Combo,116366 DAS,SCL Finished Goods: Bev,Plastic Bottle - Other
500113888,116366,8/20/2022,14,68,PUBLIX #1500113888,DSD,TX,US,Northpoint Combo,116366 DAS,SCL Finished Goods: Bev,Plastic Bottle - Other
500113888,116366,8/13/2022,14,68,PUBLIX #1500113888,DSD,TX,US,Northpoint Combo,116366 DAS,SCL Finished Goods: Bev,Plastic Bottle - Other
500113888,116366,8/18/2022,14,68,PUBLIX #1500113888,DSD,TX,US,Northpoint Combo,116366 DAS,SCL Finished Goods: Bev,Plastic Bottle - Other
500113888,116366,8/2/2022,14,63,PUBLIX #1500113888,DSD,TX,US,Northpoint Combo,116366 DAS,SCL Finished Goods: Bev,Plastic Bottle - Other
500113888,116366,8/11/2022,14,68,PUBLIX #1500113888,DSD,TX,US,Northpoint Combo,116366 DAS,SCL Finished Goods: Bev,Plastic Bottle - Other
500113888,116366,8/4/2022,14,63,PUBLIX #1500113888,DSD,TX,US,Northpoint Combo,116366 DAS,SCL Finished Goods: Bev,Plastic Bottle - Other
500113888,116366,8/16/2022,14,68,PUBLIX #1500113888,DSD,TX,US,Northpoint Combo,116366 DAS,SCL Finished Goods: Bev,Plastic Bottle - Other
500113896,116366,8/27/2022,14,68,PUBLIX #1500113896,FSV,OK,US,May Avenue,116366 DAS,SCL Finished Goods: Bev,Plastic Bottle - Other
500113896,116366,8/20/2022,14,68,PUBLIX #1500113896,FSV,OK,US,May Avenue,116366 DAS,SCL Finished Goods: Bev,Plastic Bottle - Other
500113896,116366,8/13/2022,14,68,PUBLIX #1500113896,FSV,OK,US,May Avenue,116366 DAS,SCL Finished Goods: Bev,Plastic Bottle - Other
500113896,116366,8/25/2022,14,68,PUBLIX #1500113896,FSV,OK,US,May Avenue,116366 DAS,SCL Finished Goods: Bev,Plastic Bottle - Other
500113896,116366,8/18/2022,14,68,PUBLIX #1500113896,FSV,OK,US,May Avenue,116366 DAS,SCL Finished Goods: Bev,Plastic Bottle - Other
500114036,116366,8/23/2022,14,68,PUBLIX #1500114036,FSV,OK,US,May Avenue,116366 DAS,SCL Finished Goods: Bev,Plastic Bottle - Other
500114036,116366,8/26/2022,14,68,PUBLIX #1500114036,FSV,OK,US,May Avenue,116366 DAS,SCL Finished Goods: Bev,Plastic Bottle - Other
500114036,116366,8/16/2022,14,68,PUBLIX #1500114036,FSV,OK,US,May Avenue,116366 DAS,SCL Finished Goods: Bev,Plastic Bottle - Other
500114036,116366,8/9/2022,14,68,PUBLIX #1500114036,FSV,OK,US,May Avenue,116366 DAS,SCL Finished Goods: Bev,Plastic Bottle - Other
500114036,116366,8/30/2022,14,68,PUBLIX #1500114036,FSV,OK,US,May Avenue,116366 DAS,SCL Finished Goods: Bev,Plastic Bottle - Other
500114036,116366,8/19/2022,14,68,PUBLIX #1500114036,FSV,OK,US,May Avenue,116366 DAS,SCL Finished Goods: Bev,Plastic Bottle - Other
500114290,116366,3/16/2022,14,62,DOLLAR GE500114290,Ecom,FL,US,Spring Hill,116366 DAS,SCL Finished Goods: Bev,Plastic Bottle - Other
500114488,116366,3/16/2022,14,63,PUBLIX #1500114488,Ecom,FL,US,Jacksonville,116366 DAS,SCL Finished Goods: Bev,Plastic Bottle - Other
500114096,116366,3/15/2022,14,63,PUBLIX #1500114096,Ecom,NJ,US,South Brunswick,116366 DAS,SCL Finished Goods: Bev,Plastic Bottle - Other
500114295,116366,3/15/2022,14,62,DOLLAR GE500114295,Ecom,TX,US,Austin,116366 DAS,SCL Finished Goods: Bev,Plastic Bottle - Other
500114353,116366,3/15/2022,14,64,SUPER TAR500114353,Ecom,OK,US,May Avenue,116366 DAS,SCL Finished Goods: Bev,Plastic Bottle - Other
500114361,151775,3/14/2022,18,9,PUBLIX #1500114361,Ecom,NJ,US,South Brunswick,1517756P HC DT COKE,SCL Finished Goods: Bev,Aluminum Can - Sleek
500114353,116366,3/12/2022,14,64,SUPER TAR500114353,Ecom,OK,US,May Avenue,116366 DAS,SCL Finished Goods: Bev,Plastic Bottle - Other
500114159,115583,8/6/2022,12,6,WALMART #500114159,FSV,NJ,US,South Brunswick,115583COKE,SCL Finished Goods: Bev,Aluminum Can
500114159,115586,8/6/2022,12,6,WALMART #500114159,FSV,NJ,US,South Brunswick,115586SPRITE,SCL Finished Goods: Bev,Aluminum Can
500114353,116366,3/10/2022,14,64,SUPER TAR500114353,Ecom,OK,US,May Avenue,116366 DAS,SCL Finished Goods: Bev,Plastic Bottle - Other
500114361,116366,3/10/2022,14,63,PUBLIX #1500114361,Ecom,NJ,US,South Brunswick,116366 DAS,SCL Finished Goods: Bev,Plastic Bottle - Other
500114245,116366,8/9/2022,16,75,TARGET #2500114245,DSD,AZ,US,Glendale,116366 DAS,SCL Finished Goods: Bev,Plastic Bottle - Other
500114245,116366,8/5/2022,16,75,TARGET #2500114245,DSD,AZ,US,Glendale,116366 DAS,SCL Finished Goods: Bev,Plastic Bottle - Other
500114245,116366,8/12/2022,16,75,TARGET #2500114245,DSD,AZ,US,Glendale,116366 DAS,SCL Finished Goods: Bev,Plastic Bottle - Other
500114245,116366,8/2/2022,16,75,TARGET #2500114245,DSD,AZ,US,Glendale,116366 DAS,SCL Finished Goods: Bev,Plastic Bottle - Other
500114245,116366,8/19/2022,16,75,TARGET #2500114245,DSD,AZ,US,Glendale,116366 DAS,SCL Finished Goods: Bev,Plastic Bottle - Other
500114454,116366,3/9/2022,14,63,PUBLIX #1500114454,Ecom,FL,US,Ft. Pierce,116366 DAS,SCL Finished Goods: Bev,Plastic Bottle - Other
500114488,116366,3/9/2022,14,63,PUBLIX #1500114488,Ecom,FL,US,Jacksonville,116366 DAS,SCL Finished Goods: Bev,Plastic Bottle - Other
500114296,116366,8/15/2022,12,56,DOLLAR GE500114296,DSD,AZ,US,Glendale,116366 DAS,SCL Finished Goods: Bev,Plastic Bottle - Other
500114338,116366,8/20/2022,14,68,PUBLIX #1500114338,DSD,BC,US,Prince George,116366 DAS,SCL Finished Goods: Bev,Plastic Bottle - Other
500114338,116366,8/11/2022,14,68,PUBLIX #1500114338,DSD,BC,US,Prince George,116366 DAS,SCL Finished Goods: Bev,Plastic Bottle - Other
500114338,116366,8/13/2022,14,68,PUBLIX #1500114338,DSD,BC,US,Prince George,116366 DAS,SCL Finished Goods: Bev,Plastic Bottle - Other
500114338,116366,8/9/2022,14,68,PUBLIX #1500114338,DSD,BC,US,Prince George,116366 DAS,SCL Finished Goods: Bev,Plastic Bottle - Other
500114338,116366,8/25/2022,14,68,PUBLIX #1500114338,DSD,BC,US,Prince George,116366 DAS,SCL Finished Goods: Bev,Plastic Bottle - Other
500114338,116366,8/18/2022,14,68,PUBLIX #1500114338,DSD,BC,US,Prince George,116366 DAS,SCL Finished Goods: Bev,Plastic Bottle - Other
500114338,116366,8/16/2022,14,68,PUBLIX #1500114338,DSD,BC,US,Prince George,116366 DAS,SCL Finished Goods: Bev,Plastic Bottle - Other
500114338,116366,8/30/2022,14,68,PUBLIX #1500114338,DSD,BC,US,Prince George,116366 DAS,SCL Finished Goods: Bev,Plastic Bottle - Other
500114338,116366,8/6/2022,14,63,PUBLIX #1500114338,DSD,BC,US,Prince George,116366 DAS,SCL Finished Goods: Bev,Plastic Bottle - Other
500114338,116366,8/27/2022,14,68,PUBLIX #1500114338,DSD,BC,US,Prince George,116366 DAS,SCL Finished Goods: Bev,Plastic Bottle - Other
500114096,116366,3/8/2022,14,63,PUBLIX #1500114096,Ecom,NJ,US,South Brunswick,116366 DAS,SCL Finished Goods: Bev,Plastic Bottle - Other
500114295,116366,3/8/2022,16,71,DOLLAR GE500114295,Ecom,TX,US,Austin,116366 DAS,SCL Finished Goods: Bev,Plastic Bottle - Other
500114353,116366,3/8/2022,14,64,SUPER TAR500114353,Ecom,OK,US,May Avenue,116366 DAS,SCL Finished Goods: Bev,Plastic Bottle - Other
500114096,116366,3/5/2022,14,63,PUBLIX #1500114096,Ecom,NJ,US,South Brunswick,116366 DAS,SCL Finished Goods: Bev,Plastic Bottle - Other
500114353,116366,3/5/2022,14,64,SUPER TAR500114353,Ecom,OK,US,May Avenue,116366 DAS,SCL Finished Goods: Bev,Plastic Bottle - Other
500114096,116366,3/3/2022,14,63,PUBLIX #1500114096,Ecom,NJ,US,South Brunswick,116366 DAS,SCL Finished Goods: Bev,Plastic Bottle - Other
500114353,116366,3/3/2022,14,64,SUPER TAR500114353,Ecom,OK,US,May Avenue,116366 DAS,SCL Finished Goods: Bev,Plastic Bottle - Other
500114355,116366,8/30/2022,14,65,SUPER TAR500114355,DSD,NJ,US,South Brunswick,116366 DAS,SCL Finished Goods: Bev,Plastic Bottle - Other
500114488,116366,3/2/2022,14,63,PUBLIX #1500114488,Ecom,FL,US,Jacksonville,116366 DAS,SCL Finished Goods: Bev,Plastic Bottle - Other
500114353,116366,3/1/2022,14,64,SUPER TAR500114353,Ecom,OK,US,May Avenue,116366 DAS,SCL Finished Goods: Bev,Plastic Bottle - Other
500114364,116366,8/16/2022,14,65,SUPER TAR500114364,DSD,TX,US,El Paso,116366 DAS,SCL Finished Goods: Bev,Plastic Bottle - Other
500114364,116366,8/2/2022,14,65,SUPER TAR500114364,DSD,TX,US,El Paso,116366 DAS,SCL Finished Goods: Bev,Plastic Bottle - Other
500114364,116366,8/9/2022,14,65,SUPER TAR500114364,DSD,TX,US,El Paso,116366 DAS,SCL Finished Goods: Bev,Plastic Bottle - Other
500114369,116366,8/11/2022,14,68,PUBLIX #1500114369,DSD,TX,US,Northpoint Combo,116366 DAS,SCL Finished Goods: Bev,Plastic Bottle - Other
500114369,116366,8/4/2022,14,63,PUBLIX #1500114369,DSD,TX,US,Northpoint Combo,116366 DAS,SCL Finished Goods: Bev,Plastic Bottle - Other
500114394,115585,8/4/2022,12,6,PUBLIX #1500114394,FSV,TX,US,Austin,115585CF DT COKE,SCL Finished Goods: Bev,Aluminum Can
500114394,115586,8/4/2022,12,6,PUBLIX #1500114394,FSV,TX,US,Austin,115586SPRITE,SCL Finished Goods: Bev,Aluminum Can
500114394,116366,8/9/2022,14,68,PUBLIX #1500114394,FSV,TX,US,Austin,116366 DAS,SCL Finished Goods: Bev,Plastic Bottle - Other
500114394,116366,8/25/2022,14,68,PUBLIX #1500114394,FSV,TX,US,Austin,116366 DAS,SCL Finished Goods: Bev,Plastic Bottle - Other
500114394,116366,8/4/2022,14,63,PUBLIX #1500114394,FSV,TX,US,Austin,116366 DAS,SCL Finished Goods: Bev,Plastic Bottle - Other
500114096,116366,2/26/2022,14,63,PUBLIX #1500114096,Ecom,NJ,US,South Brunswick,116366 DAS,SCL Finished Goods: Bev,Plastic Bottle - Other
500114412,115586,8/1/2022,12,6,PUBLIX #1500114412,FSV,OK,US,May Avenue,115586SPRITE,SCL Finished Goods: Bev,Aluminum Can
500114412,116366,8/29/2022,14,68,PUBLIX #1500114412,FSV,OK,US,May Avenue,116366 DAS,SCL Finished Goods: Bev,Plastic Bottle - Other
500114412,116366,8/11/2022,14,68,PUBLIX #1500114412,FSV,OK,US,May Avenue,116366 DAS,SCL Finished Goods: Bev,Plastic Bottle - Other
500114413,116366,8/1/2022,14,63,PUBLIX #1500114413,DSD,FL,US,Ft. Myers,116366 DAS,SCL Finished Goods: Bev,Plastic Bottle - Other
500114413,116366,8/25/2022,14,68,PUBLIX #1500114413,DSD,FL,US,Ft. Myers,116366 DAS,SCL Finished Goods: Bev,Plastic Bottle - Other
500114426,116366,8/29/2022,14,68,PUBLIX #1500114426,FSV,TX,US,El Paso,116366 DAS,SCL Finished Goods: Bev,Plastic Bottle - Other
500114426,116366,8/31/2022,14,68,PUBLIX #1500114426,FSV,TX,US,El Paso,116366 DAS,SCL Finished Goods: Bev,Plastic Bottle - Other
500114431,116366,8/13/2022,14,68,PUBLIX #1500114431,DSD,NJ,US,South Brunswick,116366 DAS,SCL Finished Goods: Bev,Plastic Bottle - Other
500114431,116366,8/15/2022,14,68,PUBLIX #1500114431,DSD,NJ,US,South Brunswick,116366 DAS,SCL Finished Goods: Bev,Plastic Bottle - Other
500114431,116366,8/20/2022,14,68,PUBLIX #1500114431,DSD,NJ,US,South Brunswick,116366 DAS,SCL Finished Goods: Bev,Plastic Bottle - Other
500114431,116366,8/25/2022,14,68,PUBLIX #1500114431,DSD,NJ,US,South Brunswick,116366 DAS,SCL Finished Goods: Bev,Plastic Bottle - Other
500114431,116366,8/29/2022,14,68,PUBLIX #1500114431,DSD,NJ,US,South Brunswick,116366 DAS,SCL Finished Goods: Bev,Plastic Bottle - Other
500114361,116366,2/26/2022,14,63,PUBLIX #1500114361,Ecom,NJ,US,South Brunswick,116366 DAS,SCL Finished Goods: Bev,Plastic Bottle - Other
500114353,116366,2/24/2022,14,64,SUPER TAR500114353,Ecom,OK,US,May Avenue,116366 DAS,SCL Finished Goods: Bev,Plastic Bottle - Other
500114347,116366,2/24/2022,14,63,PUBLIX #1500114347,Ecom,BC,US,Calgary,116366 DAS,SCL Finished Goods: Bev,Plastic Bottle - Other
500114484,116366,8/19/2022,14,68,PUBLIX #1500114484,DSD,AZ,US,Glendale,116366 DAS,SCL Finished Goods: Bev,Plastic Bottle - Other
500114484,116366,8/9/2022,14,68,PUBLIX #1500114484,DSD,AZ,US,Glendale,116366 DAS,SCL Finished Goods: Bev,Plastic Bottle - Other
500114484,116366,8/23/2022,14,68,PUBLIX #1500114484,DSD,AZ,US,Glendale,116366 DAS,SCL Finished Goods: Bev,Plastic Bottle - Other
500114484,116366,8/26/2022,14,68,PUBLIX #1500114484,DSD,AZ,US,Glendale,116366 DAS,SCL Finished Goods: Bev,Plastic Bottle - Other
500114290,116366,2/23/2022,16,71,DOLLAR GE500114290,Ecom,FL,US,Spring Hill,116366 DAS,SCL Finished Goods: Bev,Plastic Bottle - Other
500114591,116366,2/23/2022,16,71,DOLLAR GE500114591,Ecom,TX,US,Corpus Christi,116366 DAS,SCL Finished Goods: Bev,Plastic Bottle - Other
500114096,116366,2/22/2022,14,63,PUBLIX #1500114096,Ecom,NJ,US,South Brunswick,116366 DAS,SCL Finished Goods: Bev,Plastic Bottle - Other
500114353,116366,2/22/2022,14,64,SUPER TAR500114353,Ecom,OK,US,May Avenue,116366 DAS,SCL Finished Goods: Bev,Plastic Bottle - Other
500114410,116366,2/22/2022,14,63,PUBLIX #1500114410,Ecom,FL,US,Ft. Pierce,116366 DAS,SCL Finished Goods: Bev,Plastic Bottle - Other
500114242,116366,2/19/2022,14,63,PUBLIX #1500114242,Ecom,BC,US,Prince George,116366 DAS,SCL Finished Goods: Bev,Plastic Bottle - Other
500114361,116366,2/19/2022,14,63,PUBLIX #1500114361,Ecom,NJ,US,South Brunswick,116366 DAS,SCL Finished Goods: Bev,Plastic Bottle - Other
500114096,116366,2/17/2022,14,63,PUBLIX #1500114096,Ecom,NJ,US,South Brunswick,116366 DAS,SCL Finished Goods: Bev,Plastic Bottle - Other
500114361,116366,2/17/2022,14,63,PUBLIX #1500114361,Ecom,NJ,US,South Brunswick,116366 DAS,SCL Finished Goods: Bev,Plastic Bottle - Other
500114242,116366,2/16/2022,14,63,PUBLIX #1500114242,Ecom,BC,US,Prince George,116366 DAS,SCL Finished Goods: Bev,Plastic Bottle - Other
500114290,116366,2/16/2022,16,71,DOLLAR GE500114290,Ecom,FL,US,Spring Hill,116366 DAS,SCL Finished Goods: Bev,Plastic Bottle - Other
500114488,116366,2/16/2022,14,63,PUBLIX #1500114488,Ecom,FL,US,Jacksonville,116366 DAS,SCL Finished Goods: Bev,Plastic Bottle - Other
500114096,116366,2/15/2022,14,63,PUBLIX #1500114096,Ecom,NJ,US,South Brunswick,116366 DAS,SCL Finished Goods: Bev,Plastic Bottle - Other
500114353,116366,2/15/2022,14,64,SUPER TAR500114353,Ecom,OK,US,May Avenue,116366 DAS,SCL Finished Goods: Bev,Plastic Bottle - Other
500114570,116366,8/9/2022,12,56,DOLLAR GE500114570,FSV,TX,US,Corpus Christi,116366 DAS,SCL Finished Goods: Bev,Plastic Bottle - Other
500114572,116366,8/16/2022,12,56,DOLLAR GE500114572,DSD,TX,US,Austin,116366 DAS,SCL Finished Goods: Bev,Plastic Bottle - Other
500114488,116366,2/14/2022,14,63,PUBLIX #1500114488,Ecom,FL,US,Jacksonville,116366 DAS,SCL Finished Goods: Bev,Plastic Bottle - Other
500113719,115586,12/15/2022,12,6,WALMART #500113719,FSV,TX,US,Austin,115586SPRITE,SCL Finished Goods: Bev,Aluminum Can
500113719,115586,12/17/2022,36,20,WALMART #500113719,FSV,TX,US,Austin,115586SPRITE,SCL Finished Goods: Bev,Aluminum Can
500113737,116366,12/3/2022,14,68,PUBLIX #1500113737,FSV,OK,US,May Avenue,116366 DAS,SCL Finished Goods: Bev,Plastic Bottle - Other
500113737,116366,12/29/2022,14,68,PUBLIX #1500113737,FSV,OK,US,May Avenue,116366 DAS,SCL Finished Goods: Bev,Plastic Bottle - Other
500113888,116366,12/3/2022,14,68,PUBLIX #1500113888,DSD,TX,US,Northpoint Combo,116366 DAS,SCL Finished Goods: Bev,Plastic Bottle - Other
500113888,116366,12/27/2022,14,68,PUBLIX #1500113888,DSD,TX,US,Northpoint Combo,116366 DAS,SCL Finished Goods: Bev,Plastic Bottle - Other
500113888,157231,12/24/2022,12,6,PUBLIX #1500113888,DSD,TX,US,Northpoint Combo,157231COKE CHRY VAN ZRO SGR,SCL Finished Goods: Bev,Aluminum Can
500113896,116366,12/13/2022,14,68,PUBLIX #1500113896,FSV,OK,US,May Avenue,116366 DAS,SCL Finished Goods: Bev,Plastic Bottle - Other
500113991,115583,12/5/2022,12,6,CIRCLE K 500113991,DSD,TX,US,Northpoint Combo,115583COKE,SCL Finished Goods: Bev,Aluminum Can
500114055,115583,12/28/2022,12,6,WALMART #500114055,DSD,NJ,US,South Brunswick,115583COKE,SCL Finished Goods: Bev,Aluminum Can
500114410,116366,2/12/2022,14,63,PUBLIX #1500114410,Ecom,FL,US,Ft. Pierce,116366 DAS,SCL Finished Goods: Bev,Plastic Bottle - Other
500114096,116366,2/10/2022,14,63,PUBLIX #1500114096,Ecom,NJ,US,South Brunswick,116366 DAS,SCL Finished Goods: Bev,Plastic Bottle - Other
500114245,116366,12/23/2022,16,75,TARGET #2500114245,DSD,AZ,US,Glendale,116366 DAS,SCL Finished Goods: Bev,Plastic Bottle - Other
500114245,116366,12/30/2022,12,56,TARGET #2500114245,DSD,AZ,US,Glendale,116366 DAS,SCL Finished Goods: Bev,Plastic Bottle - Other
500114245,116366,12/16/2022,16,75,TARGET #2500114245,DSD,AZ,US,Glendale,116366 DAS,SCL Finished Goods: Bev,Plastic Bottle - Other
500114245,116366,12/13/2022,16,75,TARGET #2500114245,DSD,AZ,US,Glendale,116366 DAS,SCL Finished Goods: Bev,Plastic Bottle - Other
500114245,116366,12/2/2022,16,75,TARGET #2500114245,DSD,AZ,US,Glendale,116366 DAS,SCL Finished Goods: Bev,Plastic Bottle - Other
500114245,116366,12/6/2022,16,75,TARGET #2500114245,DSD,AZ,US,Glendale,116366 DAS,SCL Finished Goods: Bev,Plastic Bottle - Other
500114353,116366,2/10/2022,14,64,SUPER TAR500114353,Ecom,OK,US,May Avenue,116366 DAS,SCL Finished Goods: Bev,Plastic Bottle - Other
500114361,116366,2/10/2022,14,63,PUBLIX #1500114361,Ecom,NJ,US,South Brunswick,116366 DAS,SCL Finished Goods: Bev,Plastic Bottle - Other
500114242,116366,2/9/2022,14,63,PUBLIX #1500114242,Ecom,BC,US,Prince George,116366 DAS,SCL Finished Goods: Bev,Plastic Bottle - Other
500114296,116366,12/19/2022,16,74,DOLLAR GE500114296,DSD,AZ,US,Glendale,116366 DAS,SCL Finished Goods: Bev,Plastic Bottle - Other
500114296,116366,12/12/2022,16,74,DOLLAR GE500114296,DSD,AZ,US,Glendale,116366 DAS,SCL Finished Goods: Bev,Plastic Bottle - Other
500114338,116366,12/3/2022,14,68,PUBLIX #1500114338,DSD,BC,US,Prince George,116366 DAS,SCL Finished Goods: Bev,Plastic Bottle - Other
500114488,116366,2/9/2022,14,63,PUBLIX #1500114488,Ecom,FL,US,Jacksonville,116366 DAS,SCL Finished Goods: Bev,Plastic Bottle - Other
500114096,116366,2/8/2022,14,63,PUBLIX #1500114096,Ecom,NJ,US,South Brunswick,116366 DAS,SCL Finished Goods: Bev,Plastic Bottle - Other
500114353,116366,2/8/2022,14,64,SUPER TAR500114353,Ecom,OK,US,May Avenue,116366 DAS,SCL Finished Goods: Bev,Plastic Bottle - Other
500114559,116366,2/8/2022,14,64,TARGET #2500114559,Ecom,NJ,US,South Brunswick,116366 DAS,SCL Finished Goods: Bev,Plastic Bottle - Other
500114591,116366,2/8/2022,16,68,DOLLAR GE500114591,Ecom,TX,US,Corpus Christi,116366 DAS,SCL Finished Goods: Bev,Plastic Bottle - Other
500114361,116366,2/7/2022,14,63,PUBLIX #1500114361,Ecom,NJ,US,South Brunswick,116366 DAS,SCL Finished Goods: Bev,Plastic Bottle - Other
500114488,116366,2/7/2022,14,63,PUBLIX #1500114488,Ecom,FL,US,Jacksonville,116366 DAS,SCL Finished Goods: Bev,Plastic Bottle - Other
500114242,116366,2/5/2022,14,63,PUBLIX #1500114242,Ecom,BC,US,Prince George,116366 DAS,SCL Finished Goods: Bev,Plastic Bottle - Other
500114410,116366,2/5/2022,14,63,PUBLIX #1500114410,Ecom,FL,US,Ft. Pierce,116366 DAS,SCL Finished Goods: Bev,Plastic Bottle - Other
500114488,116366,2/4/2022,14,63,PUBLIX #1500114488,Ecom,FL,US,Jacksonville,116366 DAS,SCL Finished Goods: Bev,Plastic Bottle - Other
500114353,116366,2/2/2022,14,64,SUPER TAR500114353,Ecom,OK,US,May Avenue,116366 DAS,SCL Finished Goods: Bev,Plastic Bottle - Other
500114347,116366,2/1/2022,14,63,PUBLIX #1500114347,Ecom,BC,US,Calgary,116366 DAS,SCL Finished Goods: Bev,Plastic Bottle - Other
500114096,116366,1/29/2022,14,63,PUBLIX #1500114096,Ecom,NJ,US,South Brunswick,116366 DAS,SCL Finished Goods: Bev,Plastic Bottle - Other
500114361,116366,1/29/2022,14,63,PUBLIX #1500114361,Ecom,NJ,US,South Brunswick,116366 DAS,SCL Finished Goods: Bev,Plastic Bottle - Other
500114355,116366,12/8/2022,14,65,SUPER TAR500114355,DSD,NJ,US,South Brunswick,116366 DAS,SCL Finished Goods: Bev,Plastic Bottle - Other
500114355,116366,12/6/2022,14,65,SUPER TAR500114355,DSD,NJ,US,South Brunswick,116366 DAS,SCL Finished Goods: Bev,Plastic Bottle - Other
500114410,116366,1/29/2022,14,63,PUBLIX #1500114410,Ecom,FL,US,Ft. Pierce,116366 DAS,SCL Finished Goods: Bev,Plastic Bottle - Other
500114364,116366,12/6/2022,14,65,SUPER TAR500114364,DSD,TX,US,El Paso,116366 DAS,SCL Finished Goods: Bev,Plastic Bottle - Other
500114364,116366,12/13/2022,14,65,SUPER TAR500114364,DSD,TX,US,El Paso,116366 DAS,SCL Finished Goods: Bev,Plastic Bottle - Other
500114364,116366,12/2/2022,14,65,SUPER TAR500114364,DSD,TX,US,El Paso,116366 DAS,SCL Finished Goods: Bev,Plastic Bottle - Other
500114364,116366,12/23/2022,14,65,SUPER TAR500114364,DSD,TX,US,El Paso,116366 DAS,SCL Finished Goods: Bev,Plastic Bottle - Other
500114364,116366,12/16/2022,14,65,SUPER TAR500114364,DSD,TX,US,El Paso,116366 DAS,SCL Finished Goods: Bev,Plastic Bottle - Other
500114364,116366,12/27/2022,14,65,SUPER TAR500114364,DSD,TX,US,El Paso,116366 DAS,SCL Finished Goods: Bev,Plastic Bottle - Other
500114364,116366,12/30/2022,14,65,SUPER TAR500114364,DSD,TX,US,El Paso,116366 DAS,SCL Finished Goods: Bev,Plastic Bottle - Other
500114369,115583,12/22/2022,12,6,PUBLIX #1500114369,DSD,TX,US,Northpoint Combo,115583COKE,SCL Finished Goods: Bev,Aluminum Can
500114369,116366,12/15/2022,14,68,PUBLIX #1500114369,DSD,TX,US,Northpoint Combo,116366 DAS,SCL Finished Goods: Bev,Plastic Bottle - Other
500114369,116366,12/1/2022,14,68,PUBLIX #1500114369,DSD,TX,US,Northpoint Combo,116366 DAS,SCL Finished Goods: Bev,Plastic Bottle - Other
500114369,116366,12/3/2022,14,68,PUBLIX #1500114369,DSD,TX,US,Northpoint Combo,116366 DAS,SCL Finished Goods: Bev,Plastic Bottle - Other
500114369,157231,12/22/2022,48,27,PUBLIX #1500114369,DSD,TX,US,Northpoint Combo,157231COKE CHRY VAN ZRO SGR,SCL Finished Goods: Bev,Aluminum Can
500114372,116366,12/13/2022,14,65,SUPER TAR500114372,FSV,FL,US,Spring Hill,116366 DAS,SCL Finished Goods: Bev,Plastic Bottle - Other
500114372,116366,12/27/2022,14,65,SUPER TAR500114372,FSV,FL,US,Spring Hill,116366 DAS,SCL Finished Goods: Bev,Plastic Bottle - Other
500114372,116366,12/9/2022,14,65,SUPER TAR500114372,FSV,FL,US,Spring Hill,116366 DAS,SCL Finished Goods: Bev,Plastic Bottle - Other
500114372,116366,12/20/2022,14,65,SUPER TAR500114372,FSV,FL,US,Spring Hill,116366 DAS,SCL Finished Goods: Bev,Plastic Bottle - Other
500114372,116366,12/6/2022,14,65,SUPER TAR500114372,FSV,FL,US,Spring Hill,116366 DAS,SCL Finished Goods: Bev,Plastic Bottle - Other
500114372,116366,12/2/2022,14,65,SUPER TAR500114372,FSV,FL,US,Spring Hill,116366 DAS,SCL Finished Goods: Bev,Plastic Bottle - Other
500114394,116366,12/3/2022,14,68,PUBLIX #1500114394,FSV,TX,US,Austin,116366 DAS,SCL Finished Goods: Bev,Plastic Bottle - Other
500114394,116366,12/13/2022,14,68,PUBLIX #1500114394,FSV,TX,US,Austin,116366 DAS,SCL Finished Goods: Bev,Plastic Bottle - Other
500114394,116366,12/17/2022,14,68,PUBLIX #1500114394,FSV,TX,US,Austin,116366 DAS,SCL Finished Goods: Bev,Plastic Bottle - Other
500114394,116366,12/8/2022,14,68,PUBLIX #1500114394,FSV,TX,US,Austin,116366 DAS,SCL Finished Goods: Bev,Plastic Bottle - Other
500114394,116366,12/20/2022,14,68,PUBLIX #1500114394,FSV,TX,US,Austin,116366 DAS,SCL Finished Goods: Bev,Plastic Bottle - Other
500114394,116366,12/22/2022,14,68,PUBLIX #1500114394,FSV,TX,US,Austin,116366 DAS,SCL Finished Goods: Bev,Plastic Bottle - Other
500114394,116366,12/1/2022,14,68,PUBLIX #1500114394,FSV,TX,US,Austin,116366 DAS,SCL Finished Goods: Bev,Plastic Bottle - Other
500114412,115586,12/26/2022,12,6,PUBLIX #1500114412,FSV,OK,US,May Avenue,115586SPRITE,SCL Finished Goods: Bev,Aluminum Can
500114413,116366,12/15/2022,14,68,PUBLIX #1500114413,DSD,FL,US,Ft. Myers,116366 DAS,SCL Finished Goods: Bev,Plastic Bottle - Other
500114413,116366,12/19/2022,14,68,PUBLIX #1500114413,DSD,FL,US,Ft. Myers,116366 DAS,SCL Finished Goods: Bev,Plastic Bottle - Other
500114426,115583,12/27/2022,48,27,PUBLIX #1500114426,FSV,TX,US,El Paso,115583COKE,SCL Finished Goods: Bev,Aluminum Can
500114426,115584,12/27/2022,24,13,PUBLIX #1500114426,FSV,TX,US,El Paso,115584DT COKE,SCL Finished Goods: Bev,Aluminum Can
500114426,116366,12/3/2022,14,68,PUBLIX #1500114426,FSV,TX,US,El Paso,116366 DAS,SCL Finished Goods: Bev,Plastic Bottle - Other
500114431,116366,12/1/2022,14,68,PUBLIX #1500114431,DSD,NJ,US,South Brunswick,116366 DAS,SCL Finished Goods: Bev,Plastic Bottle - Other
500114431,116366,12/31/2022,14,68,PUBLIX #1500114431,DSD,NJ,US,South Brunswick,116366 DAS,SCL Finished Goods: Bev,Plastic Bottle - Other
500114096,115583,1/27/2022,12,6,PUBLIX #1500114096,Ecom,NJ,US,South Brunswick,115583COKE,SCL Finished Goods: Bev,Aluminum Can
500114096,116366,1/27/2022,14,63,PUBLIX #1500114096,Ecom,NJ,US,South Brunswick,116366 DAS,SCL Finished Goods: Bev,Plastic Bottle - Other
500114361,116366,1/27/2022,14,63,PUBLIX #1500114361,Ecom,NJ,US,South Brunswick,116366 DAS,SCL Finished Goods: Bev,Plastic Bottle - Other
500114242,116366,1/26/2022,14,63,PUBLIX #1500114242,Ecom,BC,US,Prince George,116366 DAS,SCL Finished Goods: Bev,Plastic Bottle - Other
500114454,116366,1/26/2022,14,63,PUBLIX #1500114454,Ecom,FL,US,Ft. Pierce,116366 DAS,SCL Finished Goods: Bev,Plastic Bottle - Other
500114361,116366,1/24/2022,14,63,PUBLIX #1500114361,Ecom,NJ,US,South Brunswick,116366 DAS,SCL Finished Goods: Bev,Plastic Bottle - Other
500114454,116366,1/21/2022,14,63,PUBLIX #1500114454,Ecom,FL,US,Ft. Pierce,116366 DAS,SCL Finished Goods: Bev,Plastic Bottle - Other
500114488,116366,1/21/2022,14,63,PUBLIX #1500114488,Ecom,FL,US,Jacksonville,116366 DAS,SCL Finished Goods: Bev,Plastic Bottle - Other
500114568,116366,12/16/2022,14,65,DOLLAR GE500114568,DSD,AZ,US,Glendale,116366 DAS,SCL Finished Goods: Bev,Plastic Bottle - Other
500114587,116366,12/30/2022,16,74,DOLLAR GE500114587,FSV,BC,US,Prince George,116366 DAS,SCL Finished Goods: Bev,Plastic Bottle - Other
500114597,116366,12/21/2022,14,65,DOLLAR GE500114597,DSD,NJ,US,South Brunswick,116366 DAS,SCL Finished Goods: Bev,Plastic Bottle - Other
500114597,116366,12/7/2022,14,65,DOLLAR GE500114597,DSD,NJ,US,South Brunswick,116366 DAS,SCL Finished Goods: Bev,Plastic Bottle - Other
500114598,116366,12/24/2022,12,56,DOLLAR GE500114598,FSV,FL,US,Sebring,116366 DAS,SCL Finished Goods: Bev,Plastic Bottle - Other
500114605,116366,12/14/2022,12,56,DOLLAR GE500114605,FSV,AZ,US,Glendale,116366 DAS,SCL Finished Goods: Bev,Plastic Bottle - Other
500114628,116366,12/30/2022,16,74,DOLLAR GE500114628,FSV,NJ,US,South Brunswick,116366 DAS,SCL Finished Goods: Bev,Plastic Bottle - Other
500114635,116366,12/21/2022,12,56,DOLLAR GE500114635,DSD,OK,US,May Avenue,116366 DAS,SCL Finished Goods: Bev,Plastic Bottle - Other
500114635,116366,12/7/2022,18,84,DOLLAR GE500114635,DSD,OK,US,May Avenue,116366 DAS,SCL Finished Goods: Bev,Plastic Bottle - Other
500113696,116366,10/12/2021,16,68,PUBLIX #1500113696,DSD,BC,US,Calgary,116366 DAS,SCL Finished Goods: Bev,Plastic Bottle - Other
500113696,116366,10/7/2021,16,68,PUBLIX #1500113696,DSD,BC,US,Calgary,116366 DAS,SCL Finished Goods: Bev,Plastic Bottle - Other
500113696,116366,10/5/2021,16,68,PUBLIX #1500113696,DSD,BC,US,Calgary,116366 DAS,SCL Finished Goods: Bev,Plastic Bottle - Other
500113737,116366,2/5/2022,14,63,PUBLIX #1500113737,FSV,OK,US,May Avenue,116366 DAS,SCL Finished Goods: Bev,Plastic Bottle - Other
500113737,116366,2/3/2022,14,63,PUBLIX #1500113737,FSV,OK,US,May Avenue,116366 DAS,SCL Finished Goods: Bev,Plastic Bottle - Other
500113737,116366,2/19/2022,14,63,PUBLIX #1500113737,FSV,OK,US,May Avenue,116366 DAS,SCL Finished Goods: Bev,Plastic Bottle - Other
500113737,116366,2/10/2022,14,63,PUBLIX #1500113737,FSV,OK,US,May Avenue,116366 DAS,SCL Finished Goods: Bev,Plastic Bottle - Other
500113874,116366,2/22/2022,16,73,SUPER TAR500113874,DSD,TX,US,Corpus Christi,116366 DAS,SCL Finished Goods: Bev,Plastic Bottle - Other
500113888,116366,2/12/2022,14,63,PUBLIX #1500113888,DSD,TX,US,Northpoint Combo,116366 DAS,SCL Finished Goods: Bev,Plastic Bottle - Other
500113888,116366,2/24/2022,14,63,PUBLIX #1500113888,DSD,TX,US,Northpoint Combo,116366 DAS,SCL Finished Goods: Bev,Plastic Bottle - Other
500113888,116366,2/26/2022,14,63,PUBLIX #1500113888,DSD,TX,US,Northpoint Combo,116366 DAS,SCL Finished Goods: Bev,Plastic Bottle - Other
500113888,116366,2/8/2022,14,63,PUBLIX #1500113888,DSD,TX,US,Northpoint Combo,116366 DAS,SCL Finished Goods: Bev,Plastic Bottle - Other
500113888,116366,2/17/2022,14,63,PUBLIX #1500113888,DSD,TX,US,Northpoint Combo,116366 DAS,SCL Finished Goods: Bev,Plastic Bottle - Other
500113896,115583,2/22/2022,36,19,PUBLIX #1500113896,FSV,OK,US,May Avenue,115583COKE,SCL Finished Goods: Bev,Aluminum Can
500113896,116366,2/15/2022,14,63,PUBLIX #1500113896,FSV,OK,US,May Avenue,116366 DAS,SCL Finished Goods: Bev,Plastic Bottle - Other
500113896,116366,2/17/2022,14,63,PUBLIX #1500113896,FSV,OK,US,May Avenue,116366 DAS,SCL Finished Goods: Bev,Plastic Bottle - Other
500113896,116366,2/10/2022,14,63,PUBLIX #1500113896,FSV,OK,US,May Avenue,116366 DAS,SCL Finished Goods: Bev,Plastic Bottle - Other
500113896,116366,2/8/2022,14,63,PUBLIX #1500113896,FSV,OK,US,May Avenue,116366 DAS,SCL Finished Goods: Bev,Plastic Bottle - Other
500113896,116366,2/5/2022,14,63,PUBLIX #1500113896,FSV,OK,US,May Avenue,116366 DAS,SCL Finished Goods: Bev,Plastic Bottle - Other
500113896,116366,2/19/2022,14,63,PUBLIX #1500113896,FSV,OK,US,May Avenue,116366 DAS,SCL Finished Goods: Bev,Plastic Bottle - Other
500113896,116366,2/12/2022,14,63,PUBLIX #1500113896,FSV,OK,US,May Avenue,116366 DAS,SCL Finished Goods: Bev,Plastic Bottle - Other
500113896,116366,2/3/2022,14,63,PUBLIX #1500113896,FSV,OK,US,May Avenue,116366 DAS,SCL Finished Goods: Bev,Plastic Bottle - Other
500114036,116366,2/1/2022,14,63,PUBLIX #1500114036,FSV,OK,US,May Avenue,116366 DAS,SCL Finished Goods: Bev,Plastic Bottle - Other
500114036,116366,2/15/2022,14,63,PUBLIX #1500114036,FSV,OK,US,May Avenue,116366 DAS,SCL Finished Goods: Bev,Plastic Bottle - Other
500114361,116366,1/20/2022,14,63,PUBLIX #1500114361,Ecom,NJ,US,South Brunswick,116366 DAS,SCL Finished Goods: Bev,Plastic Bottle - Other
500114488,116366,1/19/2022,14,63,PUBLIX #1500114488,Ecom,FL,US,Jacksonville,116366 DAS,SCL Finished Goods: Bev,Plastic Bottle - Other
500114295,116366,1/17/2022,14,59,DOLLAR GE500114295,Ecom,TX,US,Austin,116366 DAS,SCL Finished Goods: Bev,Plastic Bottle - Other
500113995,115584,1/13/2022,28,12,CIRCLE K 500113995,Ecom,TX,US,El Paso,115584DT COKE,SCL Finished Goods: Bev,Aluminum Can
500114096,116366,1/13/2022,14,63,PUBLIX #1500114096,Ecom,NJ,US,South Brunswick,116366 DAS,SCL Finished Goods: Bev,Plastic Bottle - Other
500114347,116366,1/13/2022,14,63,PUBLIX #1500114347,Ecom,BC,US,Calgary,116366 DAS,SCL Finished Goods: Bev,Plastic Bottle - Other
500114347,116366,1/11/2022,14,63,PUBLIX #1500114347,Ecom,BC,US,Calgary,116366 DAS,SCL Finished Goods: Bev,Plastic Bottle - Other
500114295,116366,1/10/2022,16,68,DOLLAR GE500114295,Ecom,TX,US,Austin,116366 DAS,SCL Finished Goods: Bev,Plastic Bottle - Other
500114361,116366,1/10/2022,14,63,PUBLIX #1500114361,Ecom,NJ,US,South Brunswick,116366 DAS,SCL Finished Goods: Bev,Plastic Bottle - Other
500114096,116366,1/6/2022,14,63,PUBLIX #1500114096,Ecom,NJ,US,South Brunswick,116366 DAS,SCL Finished Goods: Bev,Plastic Bottle - Other
500114245,116366,2/25/2022,16,73,TARGET #2500114245,DSD,AZ,US,Glendale,116366 DAS,SCL Finished Goods: Bev,Plastic Bottle - Other
500114245,116366,2/18/2022,16,73,TARGET #2500114245,DSD,AZ,US,Glendale,116366 DAS,SCL Finished Goods: Bev,Plastic Bottle - Other
500114245,116366,2/22/2022,16,73,TARGET #2500114245,DSD,AZ,US,Glendale,116366 DAS,SCL Finished Goods: Bev,Plastic Bottle - Other
500114245,116366,2/4/2022,16,73,TARGET #2500114245,DSD,AZ,US,Glendale,116366 DAS,SCL Finished Goods: Bev,Plastic Bottle - Other
500114245,116366,2/15/2022,16,73,TARGET #2500114245,DSD,AZ,US,Glendale,116366 DAS,SCL Finished Goods: Bev,Plastic Bottle - Other
500114245,116366,2/1/2022,16,73,TARGET #2500114245,DSD,AZ,US,Glendale,116366 DAS,SCL Finished Goods: Bev,Plastic Bottle - Other
500114245,116366,2/11/2022,16,73,TARGET #2500114245,DSD,AZ,US,Glendale,116366 DAS,SCL Finished Goods: Bev,Plastic Bottle - Other
500114290,116366,1/6/2022,14,59,DOLLAR GE500114290,Ecom,FL,US,Spring Hill,116366 DAS,SCL Finished Goods: Bev,Plastic Bottle - Other
500114347,116366,1/6/2022,14,63,PUBLIX #1500114347,Ecom,BC,US,Calgary,116366 DAS,SCL Finished Goods: Bev,Plastic Bottle - Other
500114296,116366,2/1/2022,20,85,DOLLAR GE500114296,DSD,AZ,US,Glendale,116366 DAS,SCL Finished Goods: Bev,Plastic Bottle - Other
500114296,116366,2/23/2022,16,71,DOLLAR GE500114296,DSD,AZ,US,Glendale,116366 DAS,SCL Finished Goods: Bev,Plastic Bottle - Other
500114338,116366,2/5/2022,14,63,PUBLIX #1500114338,DSD,BC,US,Prince George,116366 DAS,SCL Finished Goods: Bev,Plastic Bottle - Other
500114338,116366,2/3/2022,14,63,PUBLIX #1500114338,DSD,BC,US,Prince George,116366 DAS,SCL Finished Goods: Bev,Plastic Bottle - Other
500114338,116366,2/8/2022,14,63,PUBLIX #1500114338,DSD,BC,US,Prince George,116366 DAS,SCL Finished Goods: Bev,Plastic Bottle - Other
500114338,116366,2/24/2022,14,63,PUBLIX #1500114338,DSD,BC,US,Prince George,116366 DAS,SCL Finished Goods: Bev,Plastic Bottle - Other
500114338,133766,2/12/2022,16,12,PUBLIX #1500114338,DSD,BC,US,Prince George,133766 SPRITE,SCL Finished Goods: Bev,Plastic Bottle - Dimple
500114096,116366,1/4/2022,14,63,PUBLIX #1500114096,Ecom,NJ,US,South Brunswick,116366 DAS,SCL Finished Goods: Bev,Plastic Bottle - Other
500114295,116366,1/3/2022,16,68,DOLLAR GE500114295,Ecom,TX,US,Austin,116366 DAS,SCL Finished Goods: Bev,Plastic Bottle - Other
500114095,115583,1/1/2022,12,5,WALMART #500114095,Ecom,BC,US,Prince George,115583COKE,SCL Finished Goods: Bev,Aluminum Can
500114095,115586,1/1/2022,12,5,WALMART #500114095,Ecom,BC,US,Prince George,115586SPRITE,SCL Finished Goods: Bev,Aluminum Can
500114096,115584,12/30/2021,12,5,PUBLIX #1500114096,Ecom,NJ,US,South Brunswick,115584DT COKE,SCL Finished Goods: Bev,Aluminum Can
500114096,115586,12/30/2021,12,5,PUBLIX #1500114096,Ecom,NJ,US,South Brunswick,115586SPRITE,SCL Finished Goods: Bev,Aluminum Can
500114361,116366,12/23/2021,16,68,PUBLIX #1500114361,Ecom,NJ,US,South Brunswick,116366 DAS,SCL Finished Goods: Bev,Plastic Bottle - Other
500114295,116366,12/21/2021,14,59,DOLLAR GE500114295,Ecom,TX,US,Austin,116366 DAS,SCL Finished Goods: Bev,Plastic Bottle - Other
500114101,115586,12/18/2021,12,5,WALMART #500114101,Ecom,AZ,US,Glendale,115586SPRITE,SCL Finished Goods: Bev,Aluminum Can
500114361,116366,12/18/2021,16,68,PUBLIX #1500114361,Ecom,NJ,US,South Brunswick,116366 DAS,SCL Finished Goods: Bev,Plastic Bottle - Other
500114361,115584,12/16/2021,12,5,PUBLIX #1500114361,Ecom,NJ,US,South Brunswick,115584DT COKE,SCL Finished Goods: Bev,Aluminum Can
500114347,116366,12/16/2021,16,68,PUBLIX #1500114347,Ecom,BC,US,Calgary,116366 DAS,SCL Finished Goods: Bev,Plastic Bottle - Other
500114101,115586,12/15/2021,12,5,WALMART #500114101,Ecom,AZ,US,Glendale,115586SPRITE,SCL Finished Goods: Bev,Aluminum Can
500114369,115585,2/26/2022,12,6,PUBLIX #1500114369,DSD,TX,US,Northpoint Combo,115585CF DT COKE,SCL Finished Goods: Bev,Aluminum Can
500114369,116366,2/12/2022,14,63,PUBLIX #1500114369,DSD,TX,US,Northpoint Combo,116366 DAS,SCL Finished Goods: Bev,Plastic Bottle - Other
500114369,116366,2/8/2022,14,63,PUBLIX #1500114369,DSD,TX,US,Northpoint Combo,116366 DAS,SCL Finished Goods: Bev,Plastic Bottle - Other
500114369,116366,2/3/2022,14,63,PUBLIX #1500114369,DSD,TX,US,Northpoint Combo,116366 DAS,SCL Finished Goods: Bev,Plastic Bottle - Other
500114369,116366,2/1/2022,14,63,PUBLIX #1500114369,DSD,TX,US,Northpoint Combo,116366 DAS,SCL Finished Goods: Bev,Plastic Bottle - Other
500114394,116366,2/26/2022,14,63,PUBLIX #1500114394,FSV,TX,US,Austin,116366 DAS,SCL Finished Goods: Bev,Plastic Bottle - Other
500114394,116366,2/22/2022,14,63,PUBLIX #1500114394,FSV,TX,US,Austin,116366 DAS,SCL Finished Goods: Bev,Plastic Bottle - Other
500114394,116366,2/24/2022,14,63,PUBLIX #1500114394,FSV,TX,US,Austin,116366 DAS,SCL Finished Goods: Bev,Plastic Bottle - Other
500114242,116366,12/15/2021,16,68,PUBLIX #1500114242,Ecom,BC,US,Prince George,116366 DAS,SCL Finished Goods: Bev,Plastic Bottle - Other
500114096,115586,12/11/2021,12,5,PUBLIX #1500114096,Ecom,NJ,US,South Brunswick,115586SPRITE,SCL Finished Goods: Bev,Aluminum Can
500114096,116366,12/9/2021,16,68,PUBLIX #1500114096,Ecom,NJ,US,South Brunswick,116366 DAS,SCL Finished Goods: Bev,Plastic Bottle - Other
500114412,116366,2/17/2022,14,63,PUBLIX #1500114412,FSV,OK,US,May Avenue,116366 DAS,SCL Finished Goods: Bev,Plastic Bottle - Other
500114412,116366,2/21/2022,14,63,PUBLIX #1500114412,FSV,OK,US,May Avenue,116366 DAS,SCL Finished Goods: Bev,Plastic Bottle - Other
500114412,116366,2/7/2022,14,63,PUBLIX #1500114412,FSV,OK,US,May Avenue,116366 DAS,SCL Finished Goods: Bev,Plastic Bottle - Other
500114412,116366,2/3/2022,14,63,PUBLIX #1500114412,FSV,OK,US,May Avenue,116366 DAS,SCL Finished Goods: Bev,Plastic Bottle - Other
500114413,116366,2/7/2022,14,63,PUBLIX #1500114413,DSD,FL,US,Ft. Myers,116366 DAS,SCL Finished Goods: Bev,Plastic Bottle - Other
500114426,115583,2/9/2022,12,6,PUBLIX #1500114426,FSV,TX,US,El Paso,115583COKE,SCL Finished Goods: Bev,Aluminum Can
500114426,116366,2/21/2022,14,63,PUBLIX #1500114426,FSV,TX,US,El Paso,116366 DAS,SCL Finished Goods: Bev,Plastic Bottle - Other
500114426,116366,2/12/2022,14,63,PUBLIX #1500114426,FSV,TX,US,El Paso,116366 DAS,SCL Finished Goods: Bev,Plastic Bottle - Other
500114431,116366,2/12/2022,14,63,PUBLIX #1500114431,DSD,NJ,US,South Brunswick,116366 DAS,SCL Finished Goods: Bev,Plastic Bottle - Other
500114431,116366,2/14/2022,14,63,PUBLIX #1500114431,DSD,NJ,US,South Brunswick,116366 DAS,SCL Finished Goods: Bev,Plastic Bottle - Other
500114431,116366,2/26/2022,14,63,PUBLIX #1500114431,DSD,NJ,US,South Brunswick,116366 DAS,SCL Finished Goods: Bev,Plastic Bottle - Other
500114431,116366,2/5/2022,14,63,PUBLIX #1500114431,DSD,NJ,US,South Brunswick,116366 DAS,SCL Finished Goods: Bev,Plastic Bottle - Other
500114431,116366,2/10/2022,14,63,PUBLIX #1500114431,DSD,NJ,US,South Brunswick,116366 DAS,SCL Finished Goods: Bev,Plastic Bottle - Other
500114431,116366,2/28/2022,14,63,PUBLIX #1500114431,DSD,NJ,US,South Brunswick,116366 DAS,SCL Finished Goods: Bev,Plastic Bottle - Other
500114431,116366,2/21/2022,14,63,PUBLIX #1500114431,DSD,NJ,US,South Brunswick,116366 DAS,SCL Finished Goods: Bev,Plastic Bottle - Other
500114431,116366,2/19/2022,14,63,PUBLIX #1500114431,DSD,NJ,US,South Brunswick,116366 DAS,SCL Finished Goods: Bev,Plastic Bottle - Other
500114431,116366,2/17/2022,14,63,PUBLIX #1500114431,DSD,NJ,US,South Brunswick,116366 DAS,SCL Finished Goods: Bev,Plastic Bottle - Other
500114431,116366,2/7/2022,14,63,PUBLIX #1500114431,DSD,NJ,US,South Brunswick,116366 DAS,SCL Finished Goods: Bev,Plastic Bottle - Other
500114484,115584,2/18/2022,36,19,PUBLIX #1500114484,DSD,AZ,US,Glendale,115584DT COKE,SCL Finished Goods: Bev,Aluminum Can
500114484,116366,2/25/2022,14,63,PUBLIX #1500114484,DSD,AZ,US,Glendale,116366 DAS,SCL Finished Goods: Bev,Plastic Bottle - Other
500114484,116366,2/22/2022,14,63,PUBLIX #1500114484,DSD,AZ,US,Glendale,116366 DAS,SCL Finished Goods: Bev,Plastic Bottle - Other
500114484,116366,2/11/2022,14,63,PUBLIX #1500114484,DSD,AZ,US,Glendale,116366 DAS,SCL Finished Goods: Bev,Plastic Bottle - Other
500114484,116366,2/4/2022,14,63,PUBLIX #1500114484,DSD,AZ,US,Glendale,116366 DAS,SCL Finished Goods: Bev,Plastic Bottle - Other
500114484,116366,2/8/2022,14,63,PUBLIX #1500114484,DSD,AZ,US,Glendale,116366 DAS,SCL Finished Goods: Bev,Plastic Bottle - Other
500114484,116366,2/1/2022,14,63,PUBLIX #1500114484,DSD,AZ,US,Glendale,116366 DAS,SCL Finished Goods: Bev,Plastic Bottle - Other
500114484,116366,2/18/2022,14,63,PUBLIX #1500114484,DSD,AZ,US,Glendale,116366 DAS,SCL Finished Goods: Bev,Plastic Bottle - Other
500114484,116366,2/15/2022,14,63,PUBLIX #1500114484,DSD,AZ,US,Glendale,116366 DAS,SCL Finished Goods: Bev,Plastic Bottle - Other
500114095,115583,12/7/2021,12,5,WALMART #500114095,Ecom,BC,US,Prince George,115583COKE,SCL Finished Goods: Bev,Aluminum Can
500114095,115584,12/7/2021,12,5,WALMART #500114095,Ecom,BC,US,Prince George,115584DT COKE,SCL Finished Goods: Bev,Aluminum Can
500114410,116366,12/7/2021,16,68,PUBLIX #1500114410,Ecom,FL,US,Ft. Pierce,116366 DAS,SCL Finished Goods: Bev,Plastic Bottle - Other
500114361,116366,12/4/2021,16,68,PUBLIX #1500114361,Ecom,NJ,US,South Brunswick,116366 DAS,SCL Finished Goods: Bev,Plastic Bottle - Other
500114410,116366,12/4/2021,16,68,PUBLIX #1500114410,Ecom,FL,US,Ft. Pierce,116366 DAS,SCL Finished Goods: Bev,Plastic Bottle - Other
500114347,116366,12/4/2021,16,68,PUBLIX #1500114347,Ecom,BC,US,Calgary,116366 DAS,SCL Finished Goods: Bev,Plastic Bottle - Other
500114570,116366,2/15/2022,12,53,DOLLAR GE500114570,FSV,TX,US,Corpus Christi,116366 DAS,SCL Finished Goods: Bev,Plastic Bottle - Other
500114572,116366,2/15/2022,16,71,DOLLAR GE500114572,DSD,TX,US,Austin,116366 DAS,SCL Finished Goods: Bev,Plastic Bottle - Other
500114581,116366,2/18/2022,16,71,DOLLAR GE500114581,FSV,FL,US,Spring Hill,116366 DAS,SCL Finished Goods: Bev,Plastic Bottle - Other
500114582,116366,2/4/2022,12,51,DOLLAR GE500114582,FSV,AZ,US,Glendale,116366 DAS,SCL Finished Goods: Bev,Plastic Bottle - Other
500114582,116366,2/18/2022,12,53,DOLLAR GE500114582,FSV,AZ,US,Glendale,116366 DAS,SCL Finished Goods: Bev,Plastic Bottle - Other
500114584,116366,2/11/2022,16,68,DOLLAR GE500114584,DSD,AZ,US,Glendale,116366 DAS,SCL Finished Goods: Bev,Plastic Bottle - Other
500114096,116366,12/2/2021,16,68,PUBLIX #1500114096,Ecom,NJ,US,South Brunswick,116366 DAS,SCL Finished Goods: Bev,Plastic Bottle - Other
500114290,116366,12/2/2021,16,68,DOLLAR GE500114290,Ecom,FL,US,Spring Hill,116366 DAS,SCL Finished Goods: Bev,Plastic Bottle - Other
500114627,116366,2/24/2022,14,62,DOLLAR GE500114627,FSV,AZ,US,Glendale,116366 DAS,SCL Finished Goods: Bev,Plastic Bottle - Other
500114627,116366,2/21/2022,14,62,DOLLAR GE500114627,FSV,AZ,US,Glendale,116366 DAS,SCL Finished Goods: Bev,Plastic Bottle - Other
500114628,116366,2/11/2022,16,68,DOLLAR GE500114628,FSV,NJ,US,South Brunswick,116366 DAS,SCL Finished Goods: Bev,Plastic Bottle - Other
500114628,116366,2/4/2022,16,68,DOLLAR GE500114628,FSV,NJ,US,South Brunswick,116366 DAS,SCL Finished Goods: Bev,Plastic Bottle - Other
500114631,116366,2/8/2022,14,59,DOLLAR GE500114631,FSV,TX,US,Corpus Christi,116366 DAS,SCL Finished Goods: Bev,Plastic Bottle - Other
500114761,116366,2/9/2022,14,63,PUBLIX #1500114761,DSD,TX,US,Austin,116366 DAS,SCL Finished Goods: Bev,Plastic Bottle - Other
500114761,116366,2/7/2022,14,63,PUBLIX #1500114761,DSD,TX,US,Austin,116366 DAS,SCL Finished Goods: Bev,Plastic Bottle - Other
500114761,116366,2/18/2022,14,63,PUBLIX #1500114761,DSD,TX,US,Austin,116366 DAS,SCL Finished Goods: Bev,Plastic Bottle - Other
500114761,116366,2/14/2022,14,63,PUBLIX #1500114761,DSD,TX,US,Austin,116366 DAS,SCL Finished Goods: Bev,Plastic Bottle - Other
500114761,116366,2/23/2022,14,63,PUBLIX #1500114761,DSD,TX,US,Austin,116366 DAS,SCL Finished Goods: Bev,Plastic Bottle - Other
500113696,116366,9/18/2021,16,68,PUBLIX #1500113696,DSD,BC,US,Calgary,116366 DAS,SCL Finished Goods: Bev,Plastic Bottle - Other
500113696,116366,9/16/2021,16,68,PUBLIX #1500113696,DSD,BC,US,Calgary,116366 DAS,SCL Finished Goods: Bev,Plastic Bottle - Other
500113696,116366,9/9/2021,16,68,PUBLIX #1500113696,DSD,BC,US,Calgary,116366 DAS,SCL Finished Goods: Bev,Plastic Bottle - Other
500113737,116366,1/11/2022,14,63,PUBLIX #1500113737,FSV,OK,US,May Avenue,116366 DAS,SCL Finished Goods: Bev,Plastic Bottle - Other
500113737,116366,1/1/2022,14,59,PUBLIX #1500113737,FSV,OK,US,May Avenue,116366 DAS,SCL Finished Goods: Bev,Plastic Bottle - Other
500113737,116366,1/20/2022,14,63,PUBLIX #1500113737,FSV,OK,US,May Avenue,116366 DAS,SCL Finished Goods: Bev,Plastic Bottle - Other
500113737,116366,1/29/2022,14,63,PUBLIX #1500113737,FSV,OK,US,May Avenue,116366 DAS,SCL Finished Goods: Bev,Plastic Bottle - Other
500113737,116366,1/18/2022,14,63,PUBLIX #1500113737,FSV,OK,US,May Avenue,116366 DAS,SCL Finished Goods: Bev,Plastic Bottle - Other
500113737,116366,1/27/2022,14,63,PUBLIX #1500113737,FSV,OK,US,May Avenue,116366 DAS,SCL Finished Goods: Bev,Plastic Bottle - Other
500113737,116366,1/22/2022,14,63,PUBLIX #1500113737,FSV,OK,US,May Avenue,116366 DAS,SCL Finished Goods: Bev,Plastic Bottle - Other
500113737,116366,1/15/2022,14,63,PUBLIX #1500113737,FSV,OK,US,May Avenue,116366 DAS,SCL Finished Goods: Bev,Plastic Bottle - Other
500113888,116366,1/29/2022,14,63,PUBLIX #1500113888,DSD,TX,US,Northpoint Combo,116366 DAS,SCL Finished Goods: Bev,Plastic Bottle - Other
500113888,116366,1/27/2022,14,63,PUBLIX #1500113888,DSD,TX,US,Northpoint Combo,116366 DAS,SCL Finished Goods: Bev,Plastic Bottle - Other
500113888,116366,1/20/2022,14,63,PUBLIX #1500113888,DSD,TX,US,Northpoint Combo,116366 DAS,SCL Finished Goods: Bev,Plastic Bottle - Other
500113888,116366,1/6/2022,14,63,PUBLIX #1500113888,DSD,TX,US,Northpoint Combo,116366 DAS,SCL Finished Goods: Bev,Plastic Bottle - Other
500113888,116366,1/4/2022,14,63,PUBLIX #1500113888,DSD,TX,US,Northpoint Combo,116366 DAS,SCL Finished Goods: Bev,Plastic Bottle - Other
500113888,116366,1/13/2022,14,63,PUBLIX #1500113888,DSD,TX,US,Northpoint Combo,116366 DAS,SCL Finished Goods: Bev,Plastic Bottle - Other
500113888,116366,1/11/2022,14,63,PUBLIX #1500113888,DSD,TX,US,Northpoint Combo,116366 DAS,SCL Finished Goods: Bev,Plastic Bottle - Other
500113896,115583,1/13/2022,12,5,PUBLIX #1500113896,FSV,OK,US,May Avenue,115583COKE,SCL Finished Goods: Bev,Aluminum Can
500113896,115585,1/13/2022,12,5,PUBLIX #1500113896,FSV,OK,US,May Avenue,115585CF DT COKE,SCL Finished Goods: Bev,Aluminum Can
500113896,115586,1/15/2022,12,5,PUBLIX #1500113896,FSV,OK,US,May Avenue,115586SPRITE,SCL Finished Goods: Bev,Aluminum Can
500113896,115586,1/13/2022,12,5,PUBLIX #1500113896,FSV,OK,US,May Avenue,115586SPRITE,SCL Finished Goods: Bev,Aluminum Can
500113896,116366,1/15/2022,14,63,PUBLIX #1500113896,FSV,OK,US,May Avenue,116366 DAS,SCL Finished Goods: Bev,Plastic Bottle - Other
500113896,116366,1/8/2022,14,63,PUBLIX #1500113896,FSV,OK,US,May Avenue,116366 DAS,SCL Finished Goods: Bev,Plastic Bottle - Other
500113896,116366,1/22/2022,14,63,PUBLIX #1500113896,FSV,OK,US,May Avenue,116366 DAS,SCL Finished Goods: Bev,Plastic Bottle - Other
500113896,116366,1/13/2022,14,63,PUBLIX #1500113896,FSV,OK,US,May Avenue,116366 DAS,SCL Finished Goods: Bev,Plastic Bottle - Other
500113896,116366,1/18/2022,14,63,PUBLIX #1500113896,FSV,OK,US,May Avenue,116366 DAS,SCL Finished Goods: Bev,Plastic Bottle - Other
500113896,116366,1/27/2022,14,63,PUBLIX #1500113896,FSV,OK,US,May Avenue,116366 DAS,SCL Finished Goods: Bev,Plastic Bottle - Other
500113896,116366,1/1/2022,14,59,PUBLIX #1500113896,FSV,OK,US,May Avenue,116366 DAS,SCL Finished Goods: Bev,Plastic Bottle - Other
500113896,116366,1/20/2022,14,63,PUBLIX #1500113896,FSV,OK,US,May Avenue,116366 DAS,SCL Finished Goods: Bev,Plastic Bottle - Other
500113896,116366,1/11/2022,14,63,PUBLIX #1500113896,FSV,OK,US,May Avenue,116366 DAS,SCL Finished Goods: Bev,Plastic Bottle - Other
500113896,116366,1/25/2022,14,63,PUBLIX #1500113896,FSV,OK,US,May Avenue,116366 DAS,SCL Finished Goods: Bev,Plastic Bottle - Other
500113896,116366,1/29/2022,14,63,PUBLIX #1500113896,FSV,OK,US,May Avenue,116366 DAS,SCL Finished Goods: Bev,Plastic Bottle - Other
500114242,116366,12/1/2021,16,68,PUBLIX #1500114242,Ecom,BC,US,Prince George,116366 DAS,SCL Finished Goods: Bev,Plastic Bottle - Other
500114010,129254,1/18/2022,22,24,CIRCLE K 500114010,FSV,TX,US,Corpus Christi,129254SMTWTR,SCL Finished Goods: Bev,Plastic Bottle - Other
500114036,116366,1/28/2022,14,63,PUBLIX #1500114036,FSV,OK,US,May Avenue,116366 DAS,SCL Finished Goods: Bev,Plastic Bottle - Other
500114353,116366,12/1/2021,16,70,SUPER TAR500114353,Ecom,OK,US,May Avenue,116366 DAS,SCL Finished Goods: Bev,Plastic Bottle - Other
500114488,116366,11/29/2021,16,68,PUBLIX #1500114488,Ecom,FL,US,Jacksonville,116366 DAS,SCL Finished Goods: Bev,Plastic Bottle - Other
500114488,116366,11/26/2021,16,68,PUBLIX #1500114488,Ecom,FL,US,Jacksonville,116366 DAS,SCL Finished Goods: Bev,Plastic Bottle - Other
500114488,116366,11/24/2021,16,68,PUBLIX #1500114488,Ecom,FL,US,Jacksonville,116366 DAS,SCL Finished Goods: Bev,Plastic Bottle - Other
500114573,116366,11/23/2021,12,51,DOLLAR GE500114573,Ecom,TX,US,Austin,116366 DAS,SCL Finished Goods: Bev,Plastic Bottle - Other
500114361,116366,11/20/2021,16,68,PUBLIX #1500114361,Ecom,NJ,US,South Brunswick,116366 DAS,SCL Finished Goods: Bev,Plastic Bottle - Other
500114410,116366,11/20/2021,16,68,PUBLIX #1500114410,Ecom,FL,US,Ft. Pierce,116366 DAS,SCL Finished Goods: Bev,Plastic Bottle - Other
500114488,116366,11/19/2021,16,68,PUBLIX #1500114488,Ecom,FL,US,Jacksonville,116366 DAS,SCL Finished Goods: Bev,Plastic Bottle - Other
500114159,115583,1/11/2022,12,5,WALMART #500114159,FSV,NJ,US,South Brunswick,115583COKE,SCL Finished Goods: Bev,Aluminum Can
500114242,116366,11/17/2021,16,68,PUBLIX #1500114242,Ecom,BC,US,Prince George,116366 DAS,SCL Finished Goods: Bev,Plastic Bottle - Other
500114245,116366,1/14/2022,16,70,TARGET #2500114245,DSD,AZ,US,Glendale,116366 DAS,SCL Finished Goods: Bev,Plastic Bottle - Other
500114245,116366,1/7/2022,16,70,TARGET #2500114245,DSD,AZ,US,Glendale,116366 DAS,SCL Finished Goods: Bev,Plastic Bottle - Other
500114245,116366,1/4/2022,16,70,TARGET #2500114245,DSD,AZ,US,Glendale,116366 DAS,SCL Finished Goods: Bev,Plastic Bottle - Other
500114245,116366,1/18/2022,16,70,TARGET #2500114245,DSD,AZ,US,Glendale,116366 DAS,SCL Finished Goods: Bev,Plastic Bottle - Other
500114454,116366,11/17/2021,16,68,PUBLIX #1500114454,Ecom,FL,US,Ft. Pierce,116366 DAS,SCL Finished Goods: Bev,Plastic Bottle - Other
500114588,116366,11/17/2021,11,46,DOLLAR GE500114588,Ecom,NJ,US,South Brunswick,116366 DAS,SCL Finished Goods: Bev,Plastic Bottle - Other
500114096,116366,11/16/2021,16,68,PUBLIX #1500114096,Ecom,NJ,US,South Brunswick,116366 DAS,SCL Finished Goods: Bev,Plastic Bottle - Other
500114454,116366,11/15/2021,16,68,PUBLIX #1500114454,Ecom,FL,US,Ft. Pierce,116366 DAS,SCL Finished Goods: Bev,Plastic Bottle - Other
500114296,116366,1/3/2022,16,68,DOLLAR GE500114296,DSD,AZ,US,Glendale,116366 DAS,SCL Finished Goods: Bev,Plastic Bottle - Other
500114338,116366,1/11/2022,14,63,PUBLIX #1500114338,DSD,BC,US,Prince George,116366 DAS,SCL Finished Goods: Bev,Plastic Bottle - Other
500114338,116366,1/29/2022,14,63,PUBLIX #1500114338,DSD,BC,US,Prince George,116366 DAS,SCL Finished Goods: Bev,Plastic Bottle - Other
500114338,116366,1/18/2022,14,63,PUBLIX #1500114338,DSD,BC,US,Prince George,116366 DAS,SCL Finished Goods: Bev,Plastic Bottle - Other
500114361,116366,11/13/2021,16,68,PUBLIX #1500114361,Ecom,NJ,US,South Brunswick,116366 DAS,SCL Finished Goods: Bev,Plastic Bottle - Other
500114410,116366,11/13/2021,16,68,PUBLIX #1500114410,Ecom,FL,US,Ft. Pierce,116366 DAS,SCL Finished Goods: Bev,Plastic Bottle - Other
500114096,116366,11/11/2021,16,68,PUBLIX #1500114096,Ecom,NJ,US,South Brunswick,116366 DAS,SCL Finished Goods: Bev,Plastic Bottle - Other
500114242,116366,11/10/2021,16,68,PUBLIX #1500114242,Ecom,BC,US,Prince George,116366 DAS,SCL Finished Goods: Bev,Plastic Bottle - Other
500114353,116366,11/10/2021,16,70,SUPER TAR500114353,Ecom,OK,US,May Avenue,116366 DAS,SCL Finished Goods: Bev,Plastic Bottle - Other
500114454,116366,11/10/2021,16,68,PUBLIX #1500114454,Ecom,FL,US,Ft. Pierce,116366 DAS,SCL Finished Goods: Bev,Plastic Bottle - Other
500114096,116366,11/9/2021,16,68,PUBLIX #1500114096,Ecom,NJ,US,South Brunswick,116366 DAS,SCL Finished Goods: Bev,Plastic Bottle - Other
500114101,115583,11/5/2021,12,5,WALMART #500114101,Ecom,AZ,US,Glendale,115583COKE,SCL Finished Goods: Bev,Aluminum Can
500114369,115583,1/27/2022,48,25,PUBLIX #1500114369,DSD,TX,US,Northpoint Combo,115583COKE,SCL Finished Goods: Bev,Aluminum Can
500114369,115584,1/27/2022,12,6,PUBLIX #1500114369,DSD,TX,US,Northpoint Combo,115584DT COKE,SCL Finished Goods: Bev,Aluminum Can
500114369,115585,1/27/2022,12,6,PUBLIX #1500114369,DSD,TX,US,Northpoint Combo,115585CF DT COKE,SCL Finished Goods: Bev,Aluminum Can
500114369,115586,1/1/2022,12,5,PUBLIX #1500114369,DSD,TX,US,Northpoint Combo,115586SPRITE,SCL Finished Goods: Bev,Aluminum Can
500114369,115586,1/27/2022,12,6,PUBLIX #1500114369,DSD,TX,US,Northpoint Combo,115586SPRITE,SCL Finished Goods: Bev,Aluminum Can
500114369,116366,1/15/2022,14,63,PUBLIX #1500114369,DSD,TX,US,Northpoint Combo,116366 DAS,SCL Finished Goods: Bev,Plastic Bottle - Other
500114369,116366,1/13/2022,14,63,PUBLIX #1500114369,DSD,TX,US,Northpoint Combo,116366 DAS,SCL Finished Goods: Bev,Plastic Bottle - Other
500114369,116366,1/4/2022,14,63,PUBLIX #1500114369,DSD,TX,US,Northpoint Combo,116366 DAS,SCL Finished Goods: Bev,Plastic Bottle - Other
500114369,116366,1/25/2022,14,63,PUBLIX #1500114369,DSD,TX,US,Northpoint Combo,116366 DAS,SCL Finished Goods: Bev,Plastic Bottle - Other
500114369,116366,1/1/2022,14,59,PUBLIX #1500114369,DSD,TX,US,Northpoint Combo,116366 DAS,SCL Finished Goods: Bev,Plastic Bottle - Other
500114369,116366,1/6/2022,14,63,PUBLIX #1500114369,DSD,TX,US,Northpoint Combo,116366 DAS,SCL Finished Goods: Bev,Plastic Bottle - Other
500114394,116366,1/11/2022,14,63,PUBLIX #1500114394,FSV,TX,US,Austin,116366 DAS,SCL Finished Goods: Bev,Plastic Bottle - Other
500114394,116366,1/18/2022,14,63,PUBLIX #1500114394,FSV,TX,US,Austin,116366 DAS,SCL Finished Goods: Bev,Plastic Bottle - Other
500114394,116366,1/20/2022,14,63,PUBLIX #1500114394,FSV,TX,US,Austin,116366 DAS,SCL Finished Goods: Bev,Plastic Bottle - Other
500114394,116366,1/8/2022,14,63,PUBLIX #1500114394,FSV,TX,US,Austin,116366 DAS,SCL Finished Goods: Bev,Plastic Bottle - Other
500114394,116366,1/27/2022,14,63,PUBLIX #1500114394,FSV,TX,US,Austin,116366 DAS,SCL Finished Goods: Bev,Plastic Bottle - Other
500114394,116366,1/13/2022,14,63,PUBLIX #1500114394,FSV,TX,US,Austin,116366 DAS,SCL Finished Goods: Bev,Plastic Bottle - Other
500114394,116366,1/4/2022,14,63,PUBLIX #1500114394,FSV,TX,US,Austin,116366 DAS,SCL Finished Goods: Bev,Plastic Bottle - Other
500114394,116366,1/6/2022,14,63,PUBLIX #1500114394,FSV,TX,US,Austin,116366 DAS,SCL Finished Goods: Bev,Plastic Bottle - Other
500114096,116366,11/4/2021,16,68,PUBLIX #1500114096,Ecom,NJ,US,South Brunswick,116366 DAS,SCL Finished Goods: Bev,Plastic Bottle - Other
500114412,116366,1/6/2022,14,63,PUBLIX #1500114412,FSV,OK,US,May Avenue,116366 DAS,SCL Finished Goods: Bev,Plastic Bottle - Other
500114412,116366,1/24/2022,14,63,PUBLIX #1500114412,FSV,OK,US,May Avenue,116366 DAS,SCL Finished Goods: Bev,Plastic Bottle - Other
500114412,116366,1/31/2022,14,63,PUBLIX #1500114412,FSV,OK,US,May Avenue,116366 DAS,SCL Finished Goods: Bev,Plastic Bottle - Other
500114413,115584,1/17/2022,12,6,PUBLIX #1500114413,DSD,FL,US,Ft. Myers,115584DT COKE,SCL Finished Goods: Bev,Aluminum Can
500114413,116366,1/31/2022,14,63,PUBLIX #1500114413,DSD,FL,US,Ft. Myers,116366 DAS,SCL Finished Goods: Bev,Plastic Bottle - Other
500114413,116366,1/10/2022,14,63,PUBLIX #1500114413,DSD,FL,US,Ft. Myers,116366 DAS,SCL Finished Goods: Bev,Plastic Bottle - Other
500114426,116366,1/15/2022,14,63,PUBLIX #1500114426,FSV,TX,US,El Paso,116366 DAS,SCL Finished Goods: Bev,Plastic Bottle - Other
500114426,116366,1/31/2022,14,63,PUBLIX #1500114426,FSV,TX,US,El Paso,116366 DAS,SCL Finished Goods: Bev,Plastic Bottle - Other
500114431,116366,1/20/2022,14,63,PUBLIX #1500114431,DSD,NJ,US,South Brunswick,116366 DAS,SCL Finished Goods: Bev,Plastic Bottle - Other
500114431,116366,1/15/2022,14,63,PUBLIX #1500114431,DSD,NJ,US,South Brunswick,116366 DAS,SCL Finished Goods: Bev,Plastic Bottle - Other
500114431,116366,1/29/2022,14,63,PUBLIX #1500114431,DSD,NJ,US,South Brunswick,116366 DAS,SCL Finished Goods: Bev,Plastic Bottle - Other
500114431,116366,1/17/2022,14,63,PUBLIX #1500114431,DSD,NJ,US,South Brunswick,116366 DAS,SCL Finished Goods: Bev,Plastic Bottle - Other
500114431,116366,1/22/2022,14,63,PUBLIX #1500114431,DSD,NJ,US,South Brunswick,116366 DAS,SCL Finished Goods: Bev,Plastic Bottle - Other
500114431,116366,1/24/2022,14,63,PUBLIX #1500114431,DSD,NJ,US,South Brunswick,116366 DAS,SCL Finished Goods: Bev,Plastic Bottle - Other
500114347,116366,11/4/2021,16,68,PUBLIX #1500114347,Ecom,BC,US,Calgary,116366 DAS,SCL Finished Goods: Bev,Plastic Bottle - Other
500114101,115583,11/3/2021,192,88,WALMART #500114101,Ecom,AZ,US,Glendale,115583COKE,SCL Finished Goods: Bev,Aluminum Can
500114484,116366,1/7/2022,14,63,PUBLIX #1500114484,DSD,AZ,US,Glendale,116366 DAS,SCL Finished Goods: Bev,Plastic Bottle - Other
500114484,116366,1/28/2022,14,63,PUBLIX #1500114484,DSD,AZ,US,Glendale,116366 DAS,SCL Finished Goods: Bev,Plastic Bottle - Other
500114242,116366,11/3/2021,16,68,PUBLIX #1500114242,Ecom,BC,US,Prince George,116366 DAS,SCL Finished Goods: Bev,Plastic Bottle - Other
500114295,116366,11/2/2021,16,68,DOLLAR GE500114295,Ecom,TX,US,Austin,116366 DAS,SCL Finished Goods: Bev,Plastic Bottle - Other
500114560,115584,1/8/2022,12,5,WALMART #500114560,DSD,OK,US,May Avenue,115584DT COKE,SCL Finished Goods: Bev,Aluminum Can
500114581,116366,1/10/2022,16,68,DOLLAR GE500114581,FSV,FL,US,Spring Hill,116366 DAS,SCL Finished Goods: Bev,Plastic Bottle - Other
500113696,116366,9/2/2021,16,68,PUBLIX #1500113696,DSD,BC,US,Calgary,116366 DAS,SCL Finished Goods: Bev,Plastic Bottle - Other
500113696,116366,8/19/2021,16,68,PUBLIX #1500113696,DSD,BC,US,Calgary,116366 DAS,SCL Finished Goods: Bev,Plastic Bottle - Other
500113696,116366,8/12/2021,16,68,PUBLIX #1500113696,DSD,BC,US,Calgary,116366 DAS,SCL Finished Goods: Bev,Plastic Bottle - Other
500114488,116366,11/1/2021,16,68,PUBLIX #1500114488,Ecom,FL,US,Jacksonville,116366 DAS,SCL Finished Goods: Bev,Plastic Bottle - Other
500114347,116366,10/28/2021,16,68,PUBLIX #1500114347,Ecom,BC,US,Calgary,116366 DAS,SCL Finished Goods: Bev,Plastic Bottle - Other
500113737,116366,7/12/2022,14,63,PUBLIX #1500113737,FSV,OK,US,May Avenue,116366 DAS,SCL Finished Goods: Bev,Plastic Bottle - Other
500113737,116366,7/2/2022,14,63,PUBLIX #1500113737,FSV,OK,US,May Avenue,116366 DAS,SCL Finished Goods: Bev,Plastic Bottle - Other
500113888,115584,7/12/2022,12,6,PUBLIX #1500113888,DSD,TX,US,Northpoint Combo,115584DT COKE,SCL Finished Goods: Bev,Aluminum Can
500113888,116366,7/19/2022,14,63,PUBLIX #1500113888,DSD,TX,US,Northpoint Combo,116366 DAS,SCL Finished Goods: Bev,Plastic Bottle - Other
500113888,116366,7/28/2022,14,63,PUBLIX #1500113888,DSD,TX,US,Northpoint Combo,116366 DAS,SCL Finished Goods: Bev,Plastic Bottle - Other
500113888,116366,7/2/2022,14,63,PUBLIX #1500113888,DSD,TX,US,Northpoint Combo,116366 DAS,SCL Finished Goods: Bev,Plastic Bottle - Other
500113888,116366,7/16/2022,14,63,PUBLIX #1500113888,DSD,TX,US,Northpoint Combo,116366 DAS,SCL Finished Goods: Bev,Plastic Bottle - Other
500113888,116366,7/23/2022,14,63,PUBLIX #1500113888,DSD,TX,US,Northpoint Combo,116366 DAS,SCL Finished Goods: Bev,Plastic Bottle - Other
500113888,116366,7/21/2022,14,63,PUBLIX #1500113888,DSD,TX,US,Northpoint Combo,116366 DAS,SCL Finished Goods: Bev,Plastic Bottle - Other
500113896,116366,7/21/2022,14,63,PUBLIX #1500113896,FSV,OK,US,May Avenue,116366 DAS,SCL Finished Goods: Bev,Plastic Bottle - Other
500113896,116366,7/2/2022,14,63,PUBLIX #1500113896,FSV,OK,US,May Avenue,116366 DAS,SCL Finished Goods: Bev,Plastic Bottle - Other
500113896,116366,7/23/2022,14,63,PUBLIX #1500113896,FSV,OK,US,May Avenue,116366 DAS,SCL Finished Goods: Bev,Plastic Bottle - Other
500113896,116366,7/16/2022,14,63,PUBLIX #1500113896,FSV,OK,US,May Avenue,116366 DAS,SCL Finished Goods: Bev,Plastic Bottle - Other
500113896,151775,7/12/2022,12,6,PUBLIX #1500113896,FSV,OK,US,May Avenue,1517756P HC DT COKE,SCL Finished Goods: Bev,Aluminum Can - Sleek
500113896,151775,7/9/2022,12,6,PUBLIX #1500113896,FSV,OK,US,May Avenue,1517756P HC DT COKE,SCL Finished Goods: Bev,Aluminum Can - Sleek
500114036,116366,7/12/2022,14,63,PUBLIX #1500114036,FSV,OK,US,May Avenue,116366 DAS,SCL Finished Goods: Bev,Plastic Bottle - Other
500114036,152093,7/1/2022,30,24,PUBLIX #1500114036,FSV,OK,US,May Avenue,152093HC MM FRT PNCH NC,SCL Finished Goods: Bev,Plastic Bottle - Other
500114068,155186,7/20/2022,12,86,WALMART #500114068,DSD,BC,US,Calgary,155186S TUM YUM BIG BRY BLST,SCL Finished Goods: Bev,Plastic Bottle - Other
500114295,116366,10/23/2021,16,68,DOLLAR GE500114295,Ecom,TX,US,Austin,116366 DAS,SCL Finished Goods: Bev,Plastic Bottle - Other
500114096,116366,10/21/2021,16,68,PUBLIX #1500114096,Ecom,NJ,US,South Brunswick,116366 DAS,SCL Finished Goods: Bev,Plastic Bottle - Other
500114242,116366,10/20/2021,16,68,PUBLIX #1500114242,Ecom,BC,US,Prince George,116366 DAS,SCL Finished Goods: Bev,Plastic Bottle - Other
500114454,116366,10/20/2021,16,68,PUBLIX #1500114454,Ecom,FL,US,Ft. Pierce,116366 DAS,SCL Finished Goods: Bev,Plastic Bottle - Other
500114347,116366,10/19/2021,16,68,PUBLIX #1500114347,Ecom,BC,US,Calgary,116366 DAS,SCL Finished Goods: Bev,Plastic Bottle - Other
500114096,115583,10/16/2021,12,5,PUBLIX #1500114096,Ecom,NJ,US,South Brunswick,115583COKE,SCL Finished Goods: Bev,Aluminum Can
500114096,115584,10/16/2021,12,5,PUBLIX #1500114096,Ecom,NJ,US,South Brunswick,115584DT COKE,SCL Finished Goods: Bev,Aluminum Can
500114096,116366,10/14/2021,16,68,PUBLIX #1500114096,Ecom,NJ,US,South Brunswick,116366 DAS,SCL Finished Goods: Bev,Plastic Bottle - Other
500114159,410606,7/6/2022,12,14,WALMART #500114159,FSV,NJ,US,South Brunswick,410606B MON NRG ULT SNRS ZS,SCL Finished Goods: Bev,Aluminum Can
500114347,116366,10/14/2021,16,68,PUBLIX #1500114347,Ecom,BC,US,Calgary,116366 DAS,SCL Finished Goods: Bev,Plastic Bottle - Other
500114242,116366,10/9/2021,16,68,PUBLIX #1500114242,Ecom,BC,US,Prince George,116366 DAS,SCL Finished Goods: Bev,Plastic Bottle - Other
500114361,116366,10/9/2021,16,68,PUBLIX #1500114361,Ecom,NJ,US,South Brunswick,116366 DAS,SCL Finished Goods: Bev,Plastic Bottle - Other
500114245,116366,7/22/2022,16,73,TARGET #2500114245,DSD,AZ,US,Glendale,116366 DAS,SCL Finished Goods: Bev,Plastic Bottle - Other
500114245,116366,7/15/2022,16,73,TARGET #2500114245,DSD,AZ,US,Glendale,116366 DAS,SCL Finished Goods: Bev,Plastic Bottle - Other
500114245,116366,7/19/2022,16,73,TARGET #2500114245,DSD,AZ,US,Glendale,116366 DAS,SCL Finished Goods: Bev,Plastic Bottle - Other
500114245,116366,7/8/2022,16,73,TARGET #2500114245,DSD,AZ,US,Glendale,116366 DAS,SCL Finished Goods: Bev,Plastic Bottle - Other
500114245,116366,7/12/2022,16,73,TARGET #2500114245,DSD,AZ,US,Glendale,116366 DAS,SCL Finished Goods: Bev,Plastic Bottle - Other
500114245,116366,7/1/2022,16,73,TARGET #2500114245,DSD,AZ,US,Glendale,116366 DAS,SCL Finished Goods: Bev,Plastic Bottle - Other
500114245,116366,7/5/2022,16,73,TARGET #2500114245,DSD,AZ,US,Glendale,116366 DAS,SCL Finished Goods: Bev,Plastic Bottle - Other
500114245,116366,7/29/2022,16,73,TARGET #2500114245,DSD,AZ,US,Glendale,116366 DAS,SCL Finished Goods: Bev,Plastic Bottle - Other
500114101,115586,10/6/2021,36,16,WALMART #500114101,Ecom,AZ,US,Glendale,115586SPRITE,SCL Finished Goods: Bev,Aluminum Can
500114488,116366,10/4/2021,16,68,PUBLIX #1500114488,Ecom,FL,US,Jacksonville,116366 DAS,SCL Finished Goods: Bev,Plastic Bottle - Other
500114096,116366,9/30/2021,16,68,PUBLIX #1500114096,Ecom,NJ,US,South Brunswick,116366 DAS,SCL Finished Goods: Bev,Plastic Bottle - Other
500114296,116366,7/2/2022,16,71,DOLLAR GE500114296,DSD,AZ,US,Glendale,116366 DAS,SCL Finished Goods: Bev,Plastic Bottle - Other
500114338,115586,7/14/2022,12,6,PUBLIX #1500114338,DSD,BC,US,Prince George,115586SPRITE,SCL Finished Goods: Bev,Aluminum Can
500114338,116366,7/21/2022,14,63,PUBLIX #1500114338,DSD,BC,US,Prince George,116366 DAS,SCL Finished Goods: Bev,Plastic Bottle - Other
500114338,116366,7/2/2022,14,63,PUBLIX #1500114338,DSD,BC,US,Prince George,116366 DAS,SCL Finished Goods: Bev,Plastic Bottle - Other
500114454,116366,9/29/2021,16,68,PUBLIX #1500114454,Ecom,FL,US,Ft. Pierce,116366 DAS,SCL Finished Goods: Bev,Plastic Bottle - Other
500114488,116366,9/29/2021,16,68,PUBLIX #1500114488,Ecom,FL,US,Jacksonville,116366 DAS,SCL Finished Goods: Bev,Plastic Bottle - Other
500114347,116366,9/28/2021,16,68,PUBLIX #1500114347,Ecom,BC,US,Calgary,116366 DAS,SCL Finished Goods: Bev,Plastic Bottle - Other
500114361,116366,9/27/2021,16,68,PUBLIX #1500114361,Ecom,NJ,US,South Brunswick,116366 DAS,SCL Finished Goods: Bev,Plastic Bottle - Other
500114615,116366,9/27/2021,16,68,DOLLAR GE500114615,Ecom,TX,US,El Paso,116366 DAS,SCL Finished Goods: Bev,Plastic Bottle - Other
500114488,116366,9/24/2021,16,68,PUBLIX #1500114488,Ecom,FL,US,Jacksonville,116366 DAS,SCL Finished Goods: Bev,Plastic Bottle - Other
500114096,116366,9/23/2021,16,68,PUBLIX #1500114096,Ecom,NJ,US,South Brunswick,116366 DAS,SCL Finished Goods: Bev,Plastic Bottle - Other
500114361,116366,9/23/2021,16,68,PUBLIX #1500114361,Ecom,NJ,US,South Brunswick,116366 DAS,SCL Finished Goods: Bev,Plastic Bottle - Other
500114364,116366,7/5/2022,14,64,SUPER TAR500114364,DSD,TX,US,El Paso,116366 DAS,SCL Finished Goods: Bev,Plastic Bottle - Other
500114369,116366,7/23/2022,14,63,PUBLIX #1500114369,DSD,TX,US,Northpoint Combo,116366 DAS,SCL Finished Goods: Bev,Plastic Bottle - Other
500114369,116366,7/19/2022,14,63,PUBLIX #1500114369,DSD,TX,US,Northpoint Combo,116366 DAS,SCL Finished Goods: Bev,Plastic Bottle - Other
500114372,116366,7/22/2022,14,64,SUPER TAR500114372,FSV,FL,US,Spring Hill,116366 DAS,SCL Finished Goods: Bev,Plastic Bottle - Other
500114394,115583,7/9/2022,12,6,PUBLIX #1500114394,FSV,TX,US,Austin,115583COKE,SCL Finished Goods: Bev,Aluminum Can
500114394,116366,7/2/2022,14,63,PUBLIX #1500114394,FSV,TX,US,Austin,116366 DAS,SCL Finished Goods: Bev,Plastic Bottle - Other
500114394,116366,7/23/2022,14,63,PUBLIX #1500114394,FSV,TX,US,Austin,116366 DAS,SCL Finished Goods: Bev,Plastic Bottle - Other
500114394,116366,7/21/2022,14,63,PUBLIX #1500114394,FSV,TX,US,Austin,116366 DAS,SCL Finished Goods: Bev,Plastic Bottle - Other
500114454,116366,9/22/2021,16,68,PUBLIX #1500114454,Ecom,FL,US,Ft. Pierce,116366 DAS,SCL Finished Goods: Bev,Plastic Bottle - Other
500114412,116366,7/14/2022,14,63,PUBLIX #1500114412,FSV,OK,US,May Avenue,116366 DAS,SCL Finished Goods: Bev,Plastic Bottle - Other
500114412,116366,7/18/2022,14,63,PUBLIX #1500114412,FSV,OK,US,May Avenue,116366 DAS,SCL Finished Goods: Bev,Plastic Bottle - Other
500114413,134166,7/7/2022,24,17,PUBLIX #1500114413,DSD,FL,US,Ft. Myers,134166 SPRITE ZRO SGR,SCL Finished Goods: Bev,Plastic Bottle - Dimple
500114426,116366,7/4/2022,14,63,PUBLIX #1500114426,FSV,TX,US,El Paso,116366 DAS,SCL Finished Goods: Bev,Plastic Bottle - Other
500114431,116366,7/21/2022,14,63,PUBLIX #1500114431,DSD,NJ,US,South Brunswick,116366 DAS,SCL Finished Goods: Bev,Plastic Bottle - Other
500114431,116366,7/2/2022,14,63,PUBLIX #1500114431,DSD,NJ,US,South Brunswick,116366 DAS,SCL Finished Goods: Bev,Plastic Bottle - Other
500114488,116366,9/22/2021,16,68,PUBLIX #1500114488,Ecom,FL,US,Jacksonville,116366 DAS,SCL Finished Goods: Bev,Plastic Bottle - Other
500114096,116366,9/21/2021,16,68,PUBLIX #1500114096,Ecom,NJ,US,South Brunswick,116366 DAS,SCL Finished Goods: Bev,Plastic Bottle - Other
500114347,116366,9/21/2021,16,68,PUBLIX #1500114347,Ecom,BC,US,Calgary,116366 DAS,SCL Finished Goods: Bev,Plastic Bottle - Other
500113696,116366,8/5/2021,16,68,PUBLIX #1500113696,DSD,BC,US,Calgary,116366 DAS,SCL Finished Goods: Bev,Plastic Bottle - Other
500113696,116366,7/29/2021,16,68,PUBLIX #1500113696,DSD,BC,US,Calgary,116366 DAS,SCL Finished Goods: Bev,Plastic Bottle - Other
500113696,116366,7/22/2021,16,68,PUBLIX #1500113696,DSD,BC,US,Calgary,116366 DAS,SCL Finished Goods: Bev,Plastic Bottle - Other
500113696,116366,7/20/2021,16,68,PUBLIX #1500113696,DSD,BC,US,Calgary,116366 DAS,SCL Finished Goods: Bev,Plastic Bottle - Other
500113696,116366,7/17/2021,16,68,PUBLIX #1500113696,DSD,BC,US,Calgary,116366 DAS,SCL Finished Goods: Bev,Plastic Bottle - Other
500113737,116366,6/28/2022,14,63,PUBLIX #1500113737,FSV,OK,US,May Avenue,116366 DAS,SCL Finished Goods: Bev,Plastic Bottle - Other
500113737,116366,6/25/2022,14,63,PUBLIX #1500113737,FSV,OK,US,May Avenue,116366 DAS,SCL Finished Goods: Bev,Plastic Bottle - Other
500113737,116366,6/2/2022,14,63,PUBLIX #1500113737,FSV,OK,US,May Avenue,116366 DAS,SCL Finished Goods: Bev,Plastic Bottle - Other
500113737,116366,6/30/2022,14,63,PUBLIX #1500113737,FSV,OK,US,May Avenue,116366 DAS,SCL Finished Goods: Bev,Plastic Bottle - Other
500113737,116366,6/4/2022,14,63,PUBLIX #1500113737,FSV,OK,US,May Avenue,116366 DAS,SCL Finished Goods: Bev,Plastic Bottle - Other
500113737,116366,6/21/2022,14,63,PUBLIX #1500113737,FSV,OK,US,May Avenue,116366 DAS,SCL Finished Goods: Bev,Plastic Bottle - Other
500114454,116366,9/17/2021,16,68,PUBLIX #1500114454,Ecom,FL,US,Ft. Pierce,116366 DAS,SCL Finished Goods: Bev,Plastic Bottle - Other
500113888,116366,6/14/2022,14,63,PUBLIX #1500113888,DSD,TX,US,Northpoint Combo,116366 DAS,SCL Finished Goods: Bev,Plastic Bottle - Other
500113888,116366,6/16/2022,14,63,PUBLIX #1500113888,DSD,TX,US,Northpoint Combo,116366 DAS,SCL Finished Goods: Bev,Plastic Bottle - Other
500113888,116366,6/30/2022,14,63,PUBLIX #1500113888,DSD,TX,US,Northpoint Combo,116366 DAS,SCL Finished Goods: Bev,Plastic Bottle - Other
500113888,116366,6/25/2022,14,63,PUBLIX #1500113888,DSD,TX,US,Northpoint Combo,116366 DAS,SCL Finished Goods: Bev,Plastic Bottle - Other
500113888,116366,6/21/2022,14,63,PUBLIX #1500113888,DSD,TX,US,Northpoint Combo,116366 DAS,SCL Finished Goods: Bev,Plastic Bottle - Other
500113888,116366,6/23/2022,14,63,PUBLIX #1500113888,DSD,TX,US,Northpoint Combo,116366 DAS,SCL Finished Goods: Bev,Plastic Bottle - Other
500113896,116366,6/21/2022,14,63,PUBLIX #1500113896,FSV,OK,US,May Avenue,116366 DAS,SCL Finished Goods: Bev,Plastic Bottle - Other
500113896,116366,6/11/2022,14,63,PUBLIX #1500113896,FSV,OK,US,May Avenue,116366 DAS,SCL Finished Goods: Bev,Plastic Bottle - Other
500113896,116366,6/28/2022,14,63,PUBLIX #1500113896,FSV,OK,US,May Avenue,116366 DAS,SCL Finished Goods: Bev,Plastic Bottle - Other
500113896,116366,6/4/2022,14,63,PUBLIX #1500113896,FSV,OK,US,May Avenue,116366 DAS,SCL Finished Goods: Bev,Plastic Bottle - Other
500113896,116366,6/2/2022,14,63,PUBLIX #1500113896,FSV,OK,US,May Avenue,116366 DAS,SCL Finished Goods: Bev,Plastic Bottle - Other
500113996,144089,6/2/2022,24,18,CIRCLE K 500113996,FSV,NJ,US,South Brunswick,144089TS SPRITE,SCL Finished Goods: Bev,Aluminum Can
500114036,115584,6/7/2022,36,19,PUBLIX #1500114036,FSV,OK,US,May Avenue,115584DT COKE,SCL Finished Goods: Bev,Aluminum Can
500114036,116366,6/17/2022,14,63,PUBLIX #1500114036,FSV,OK,US,May Avenue,116366 DAS,SCL Finished Goods: Bev,Plastic Bottle - Other
500114036,116366,6/28/2022,14,63,PUBLIX #1500114036,FSV,OK,US,May Avenue,116366 DAS,SCL Finished Goods: Bev,Plastic Bottle - Other
500114488,116366,9/17/2021,16,68,PUBLIX #1500114488,Ecom,FL,US,Jacksonville,116366 DAS,SCL Finished Goods: Bev,Plastic Bottle - Other
500114096,116366,9/16/2021,16,68,PUBLIX #1500114096,Ecom,NJ,US,South Brunswick,116366 DAS,SCL Finished Goods: Bev,Plastic Bottle - Other
500114242,116366,9/15/2021,16,68,PUBLIX #1500114242,Ecom,BC,US,Prince George,116366 DAS,SCL Finished Goods: Bev,Plastic Bottle - Other
500114454,116366,9/15/2021,16,68,PUBLIX #1500114454,Ecom,FL,US,Ft. Pierce,116366 DAS,SCL Finished Goods: Bev,Plastic Bottle - Other
500114410,116366,9/14/2021,16,68,PUBLIX #1500114410,Ecom,FL,US,Ft. Pierce,116366 DAS,SCL Finished Goods: Bev,Plastic Bottle - Other
500114454,116366,9/13/2021,16,68,PUBLIX #1500114454,Ecom,FL,US,Ft. Pierce,116366 DAS,SCL Finished Goods: Bev,Plastic Bottle - Other
500114454,116366,9/10/2021,16,68,PUBLIX #1500114454,Ecom,FL,US,Ft. Pierce,116366 DAS,SCL Finished Goods: Bev,Plastic Bottle - Other
500114488,116366,9/8/2021,16,68,PUBLIX #1500114488,Ecom,FL,US,Jacksonville,116366 DAS,SCL Finished Goods: Bev,Plastic Bottle - Other
500113707,115583,9/7/2021,12,5,WALMART #500113707,Ecom,TX,US,Northpoint Combo,115583COKE,SCL Finished Goods: Bev,Aluminum Can
500114096,116366,9/7/2021,16,68,PUBLIX #1500114096,Ecom,NJ,US,South Brunswick,116366 DAS,SCL Finished Goods: Bev,Plastic Bottle - Other
500114295,116366,9/4/2021,16,68,DOLLAR GE500114295,Ecom,TX,US,Austin,116366 DAS,SCL Finished Goods: Bev,Plastic Bottle - Other
500114347,116366,8/31/2021,16,68,PUBLIX #1500114347,Ecom,BC,US,Calgary,116366 DAS,SCL Finished Goods: Bev,Plastic Bottle - Other
500114410,116366,8/28/2021,16,68,PUBLIX #1500114410,Ecom,FL,US,Ft. Pierce,116366 DAS,SCL Finished Goods: Bev,Plastic Bottle - Other
500114242,116366,8/25/2021,16,68,PUBLIX #1500114242,Ecom,BC,US,Prince George,116366 DAS,SCL Finished Goods: Bev,Plastic Bottle - Other
500114245,116366,6/21/2022,16,73,TARGET #2500114245,DSD,AZ,US,Glendale,116366 DAS,SCL Finished Goods: Bev,Plastic Bottle - Other
500114245,116366,6/28/2022,16,73,TARGET #2500114245,DSD,AZ,US,Glendale,116366 DAS,SCL Finished Goods: Bev,Plastic Bottle - Other
500114245,116366,6/17/2022,16,73,TARGET #2500114245,DSD,AZ,US,Glendale,116366 DAS,SCL Finished Goods: Bev,Plastic Bottle - Other
500114488,116366,8/25/2021,16,68,PUBLIX #1500114488,Ecom,FL,US,Jacksonville,116366 DAS,SCL Finished Goods: Bev,Plastic Bottle - Other
500114854,116366,8/24/2021,16,67,TARGET #2500114854,Ecom,BC,US,Prince George,116366 DAS,SCL Finished Goods: Bev,Plastic Bottle - Other
500114347,116366,8/24/2021,16,68,PUBLIX #1500114347,Ecom,BC,US,Calgary,116366 DAS,SCL Finished Goods: Bev,Plastic Bottle - Other
500114361,116366,8/21/2021,16,68,PUBLIX #1500114361,Ecom,NJ,US,South Brunswick,116366 DAS,SCL Finished Goods: Bev,Plastic Bottle - Other
500114410,116366,8/21/2021,16,68,PUBLIX #1500114410,Ecom,FL,US,Ft. Pierce,116366 DAS,SCL Finished Goods: Bev,Plastic Bottle - Other
500114096,116366,8/17/2021,16,68,PUBLIX #1500114096,Ecom,NJ,US,South Brunswick,116366 DAS,SCL Finished Goods: Bev,Plastic Bottle - Other
500114296,116366,6/14/2022,16,71,DOLLAR GE500114296,DSD,AZ,US,Glendale,116366 DAS,SCL Finished Goods: Bev,Plastic Bottle - Other
500114338,116366,6/30/2022,14,63,PUBLIX #1500114338,DSD,BC,US,Prince George,116366 DAS,SCL Finished Goods: Bev,Plastic Bottle - Other
500114338,116366,6/23/2022,14,63,PUBLIX #1500114338,DSD,BC,US,Prince George,116366 DAS,SCL Finished Goods: Bev,Plastic Bottle - Other
500114338,116366,6/21/2022,14,63,PUBLIX #1500114338,DSD,BC,US,Prince George,116366 DAS,SCL Finished Goods: Bev,Plastic Bottle - Other
500114338,116366,6/25/2022,14,63,PUBLIX #1500114338,DSD,BC,US,Prince George,116366 DAS,SCL Finished Goods: Bev,Plastic Bottle - Other
500114338,116366,6/18/2022,14,63,PUBLIX #1500114338,DSD,BC,US,Prince George,116366 DAS,SCL Finished Goods: Bev,Plastic Bottle - Other
500114338,116366,6/2/2022,14,63,PUBLIX #1500114338,DSD,BC,US,Prince George,116366 DAS,SCL Finished Goods: Bev,Plastic Bottle - Other
500114410,116366,8/17/2021,16,68,PUBLIX #1500114410,Ecom,FL,US,Ft. Pierce,116366 DAS,SCL Finished Goods: Bev,Plastic Bottle - Other
500114347,116366,8/17/2021,16,68,PUBLIX #1500114347,Ecom,BC,US,Calgary,116366 DAS,SCL Finished Goods: Bev,Plastic Bottle - Other
500114454,116366,8/16/2021,16,68,PUBLIX #1500114454,Ecom,FL,US,Ft. Pierce,116366 DAS,SCL Finished Goods: Bev,Plastic Bottle - Other
500114361,116366,8/14/2021,16,68,PUBLIX #1500114361,Ecom,NJ,US,South Brunswick,116366 DAS,SCL Finished Goods: Bev,Plastic Bottle - Other
500114488,116366,8/13/2021,16,68,PUBLIX #1500114488,Ecom,FL,US,Jacksonville,116366 DAS,SCL Finished Goods: Bev,Plastic Bottle - Other
500114242,116366,8/11/2021,16,68,PUBLIX #1500114242,Ecom,BC,US,Prince George,116366 DAS,SCL Finished Goods: Bev,Plastic Bottle - Other
500114096,116366,8/10/2021,16,68,PUBLIX #1500114096,Ecom,NJ,US,South Brunswick,116366 DAS,SCL Finished Goods: Bev,Plastic Bottle - Other
500114410,116366,8/10/2021,16,68,PUBLIX #1500114410,Ecom,FL,US,Ft. Pierce,116366 DAS,SCL Finished Goods: Bev,Plastic Bottle - Other
500114454,116366,8/9/2021,16,68,PUBLIX #1500114454,Ecom,FL,US,Ft. Pierce,116366 DAS,SCL Finished Goods: Bev,Plastic Bottle - Other
500114361,116366,8/7/2021,16,68,PUBLIX #1500114361,Ecom,NJ,US,South Brunswick,116366 DAS,SCL Finished Goods: Bev,Plastic Bottle - Other
500114242,116366,8/4/2021,16,68,PUBLIX #1500114242,Ecom,BC,US,Prince George,116366 DAS,SCL Finished Goods: Bev,Plastic Bottle - Other
500114488,116366,8/4/2021,16,68,PUBLIX #1500114488,Ecom,FL,US,Jacksonville,116366 DAS,SCL Finished Goods: Bev,Plastic Bottle - Other
500114361,116366,7/31/2021,16,68,PUBLIX #1500114361,Ecom,NJ,US,South Brunswick,116366 DAS,SCL Finished Goods: Bev,Plastic Bottle - Other
500114096,116366,7/30/2021,16,68,PUBLIX #1500114096,Ecom,NJ,US,South Brunswick,116366 DAS,SCL Finished Goods: Bev,Plastic Bottle - Other
500114364,116366,6/7/2022,14,64,SUPER TAR500114364,DSD,TX,US,El Paso,116366 DAS,SCL Finished Goods: Bev,Plastic Bottle - Other
500114369,115583,6/7/2022,12,6,PUBLIX #1500114369,DSD,TX,US,Northpoint Combo,115583COKE,SCL Finished Goods: Bev,Aluminum Can
500114369,115584,6/7/2022,12,6,PUBLIX #1500114369,DSD,TX,US,Northpoint Combo,115584DT COKE,SCL Finished Goods: Bev,Aluminum Can
500114369,116366,6/6/2022,14,63,PUBLIX #1500114369,DSD,TX,US,Northpoint Combo,116366 DAS,SCL Finished Goods: Bev,Plastic Bottle - Other
500114369,116366,6/2/2022,14,63,PUBLIX #1500114369,DSD,TX,US,Northpoint Combo,116366 DAS,SCL Finished Goods: Bev,Plastic Bottle - Other
500114394,116366,6/2/2022,14,63,PUBLIX #1500114394,FSV,TX,US,Austin,116366 DAS,SCL Finished Goods: Bev,Plastic Bottle - Other
500114295,116366,7/30/2021,16,68,DOLLAR GE500114295,Ecom,TX,US,Austin,116366 DAS,SCL Finished Goods: Bev,Plastic Bottle - Other
500114573,116366,7/30/2021,16,68,DOLLAR GE500114573,Ecom,TX,US,Austin,116366 DAS,SCL Finished Goods: Bev,Plastic Bottle - Other
500114412,116366,6/23/2022,14,63,PUBLIX #1500114412,FSV,OK,US,May Avenue,116366 DAS,SCL Finished Goods: Bev,Plastic Bottle - Other
500114412,116366,6/20/2022,14,63,PUBLIX #1500114412,FSV,OK,US,May Avenue,116366 DAS,SCL Finished Goods: Bev,Plastic Bottle - Other
500114412,116366,6/2/2022,14,63,PUBLIX #1500114412,FSV,OK,US,May Avenue,116366 DAS,SCL Finished Goods: Bev,Plastic Bottle - Other
500114412,116366,6/27/2022,14,63,PUBLIX #1500114412,FSV,OK,US,May Avenue,116366 DAS,SCL Finished Goods: Bev,Plastic Bottle - Other
500114412,116366,6/13/2022,14,63,PUBLIX #1500114412,FSV,OK,US,May Avenue,116366 DAS,SCL Finished Goods: Bev,Plastic Bottle - Other
500114413,116366,6/27/2022,14,63,PUBLIX #1500114413,DSD,FL,US,Ft. Myers,116366 DAS,SCL Finished Goods: Bev,Plastic Bottle - Other
500114413,116366,6/30/2022,14,63,PUBLIX #1500114413,DSD,FL,US,Ft. Myers,116366 DAS,SCL Finished Goods: Bev,Plastic Bottle - Other
500114413,116366,6/23/2022,14,63,PUBLIX #1500114413,DSD,FL,US,Ft. Myers,116366 DAS,SCL Finished Goods: Bev,Plastic Bottle - Other
500114426,115586,6/22/2022,12,6,PUBLIX #1500114426,FSV,TX,US,El Paso,115586SPRITE,SCL Finished Goods: Bev,Aluminum Can
500114426,116309,6/22/2022,12,6,PUBLIX #1500114426,FSV,TX,US,El Paso,116309PIBB XTRA,SCL Finished Goods: Bev,Aluminum Can
500114426,116366,6/25/2022,14,63,PUBLIX #1500114426,FSV,TX,US,El Paso,116366 DAS,SCL Finished Goods: Bev,Plastic Bottle - Other
500114431,116366,6/2/2022,14,63,PUBLIX #1500114431,DSD,NJ,US,South Brunswick,116366 DAS,SCL Finished Goods: Bev,Plastic Bottle - Other
500114431,116366,6/30/2022,14,63,PUBLIX #1500114431,DSD,NJ,US,South Brunswick,116366 DAS,SCL Finished Goods: Bev,Plastic Bottle - Other
500114431,116366,6/27/2022,14,63,PUBLIX #1500114431,DSD,NJ,US,South Brunswick,116366 DAS,SCL Finished Goods: Bev,Plastic Bottle - Other
500114290,116366,7/28/2021,16,68,DOLLAR GE500114290,Ecom,FL,US,Spring Hill,116366 DAS,SCL Finished Goods: Bev,Plastic Bottle - Other
500114488,116366,7/28/2021,16,68,PUBLIX #1500114488,Ecom,FL,US,Jacksonville,116366 DAS,SCL Finished Goods: Bev,Plastic Bottle - Other
500114580,116366,7/27/2021,16,68,DOLLAR GE500114580,Ecom,FL,US,Spring Hill,116366 DAS,SCL Finished Goods: Bev,Plastic Bottle - Other
500114242,116366,7/24/2021,16,68,PUBLIX #1500114242,Ecom,BC,US,Prince George,116366 DAS,SCL Finished Goods: Bev,Plastic Bottle - Other
500114484,116366,6/21/2022,14,63,PUBLIX #1500114484,DSD,AZ,US,Glendale,116366 DAS,SCL Finished Goods: Bev,Plastic Bottle - Other
500114484,116366,6/28/2022,14,63,PUBLIX #1500114484,DSD,AZ,US,Glendale,116366 DAS,SCL Finished Goods: Bev,Plastic Bottle - Other
500114353,116366,7/24/2021,16,67,SUPER TAR500114353,Ecom,OK,US,May Avenue,116366 DAS,SCL Finished Goods: Bev,Plastic Bottle - Other
500114361,116366,7/24/2021,16,68,PUBLIX #1500114361,Ecom,NJ,US,South Brunswick,116366 DAS,SCL Finished Goods: Bev,Plastic Bottle - Other
500114410,116366,7/24/2021,16,68,PUBLIX #1500114410,Ecom,FL,US,Ft. Pierce,116366 DAS,SCL Finished Goods: Bev,Plastic Bottle - Other
500114096,115584,7/22/2021,12,5,PUBLIX #1500114096,Ecom,NJ,US,South Brunswick,115584DT COKE,SCL Finished Goods: Bev,Aluminum Can
500114096,115585,7/22/2021,12,5,PUBLIX #1500114096,Ecom,NJ,US,South Brunswick,115585CF DT COKE,SCL Finished Goods: Bev,Aluminum Can
500114581,116366,6/28/2022,12,53,DOLLAR GE500114581,FSV,FL,US,Spring Hill,116366 DAS,SCL Finished Goods: Bev,Plastic Bottle - Other
500113696,116366,7/6/2021,16,68,PUBLIX #1500113696,DSD,BC,US,Calgary,116366 DAS,SCL Finished Goods: Bev,Plastic Bottle - Other
500113696,116366,7/3/2021,16,68,PUBLIX #1500113696,DSD,BC,US,Calgary,116366 DAS,SCL Finished Goods: Bev,Plastic Bottle - Other
500113696,116366,6/19/2021,16,68,PUBLIX #1500113696,DSD,BC,US,Calgary,116366 DAS,SCL Finished Goods: Bev,Plastic Bottle - Other
500113696,116366,6/10/2021,16,68,PUBLIX #1500113696,DSD,BC,US,Calgary,116366 DAS,SCL Finished Goods: Bev,Plastic Bottle - Other
500113737,115586,3/10/2022,12,6,PUBLIX #1500113737,FSV,OK,US,May Avenue,115586SPRITE,SCL Finished Goods: Bev,Aluminum Can
500113737,116366,3/24/2022,14,63,PUBLIX #1500113737,FSV,OK,US,May Avenue,116366 DAS,SCL Finished Goods: Bev,Plastic Bottle - Other
500113737,116366,3/10/2022,14,63,PUBLIX #1500113737,FSV,OK,US,May Avenue,116366 DAS,SCL Finished Goods: Bev,Plastic Bottle - Other
500113737,116366,3/12/2022,14,63,PUBLIX #1500113737,FSV,OK,US,May Avenue,116366 DAS,SCL Finished Goods: Bev,Plastic Bottle - Other
500113737,116366,3/26/2022,14,63,PUBLIX #1500113737,FSV,OK,US,May Avenue,116366 DAS,SCL Finished Goods: Bev,Plastic Bottle - Other
500113888,116366,3/22/2022,14,63,PUBLIX #1500113888,DSD,TX,US,Northpoint Combo,116366 DAS,SCL Finished Goods: Bev,Plastic Bottle - Other
500113888,116366,3/24/2022,14,63,PUBLIX #1500113888,DSD,TX,US,Northpoint Combo,116366 DAS,SCL Finished Goods: Bev,Plastic Bottle - Other
500113888,116366,3/12/2022,14,63,PUBLIX #1500113888,DSD,TX,US,Northpoint Combo,116366 DAS,SCL Finished Goods: Bev,Plastic Bottle - Other
500113888,116366,3/15/2022,14,63,PUBLIX #1500113888,DSD,TX,US,Northpoint Combo,116366 DAS,SCL Finished Goods: Bev,Plastic Bottle - Other
500113888,116366,3/10/2022,14,63,PUBLIX #1500113888,DSD,TX,US,Northpoint Combo,116366 DAS,SCL Finished Goods: Bev,Plastic Bottle - Other
500113888,157231,3/8/2022,12,6,PUBLIX #1500113888,DSD,TX,US,Northpoint Combo,157231COKE CHRY VAN ZRO SGR,SCL Finished Goods: Bev,Aluminum Can
500113896,116366,3/3/2022,14,63,PUBLIX #1500113896,FSV,OK,US,May Avenue,116366 DAS,SCL Finished Goods: Bev,Plastic Bottle - Other
500113896,116366,3/12/2022,14,63,PUBLIX #1500113896,FSV,OK,US,May Avenue,116366 DAS,SCL Finished Goods: Bev,Plastic Bottle - Other
500113896,116366,3/15/2022,14,63,PUBLIX #1500113896,FSV,OK,US,May Avenue,116366 DAS,SCL Finished Goods: Bev,Plastic Bottle - Other
500113896,116366,3/24/2022,14,63,PUBLIX #1500113896,FSV,OK,US,May Avenue,116366 DAS,SCL Finished Goods: Bev,Plastic Bottle - Other
500113896,116366,3/5/2022,14,63,PUBLIX #1500113896,FSV,OK,US,May Avenue,116366 DAS,SCL Finished Goods: Bev,Plastic Bottle - Other
500113896,116366,3/19/2022,14,63,PUBLIX #1500113896,FSV,OK,US,May Avenue,116366 DAS,SCL Finished Goods: Bev,Plastic Bottle - Other
500113896,116366,3/17/2022,14,63,PUBLIX #1500113896,FSV,OK,US,May Avenue,116366 DAS,SCL Finished Goods: Bev,Plastic Bottle - Other
500113896,116366,3/26/2022,14,63,PUBLIX #1500113896,FSV,OK,US,May Avenue,116366 DAS,SCL Finished Goods: Bev,Plastic Bottle - Other
500113934,115584,3/28/2022,12,5,CIRCLE K 500113934,DSD,TX,US,Corpus Christi,115584DT COKE,SCL Finished Goods: Bev,Aluminum Can
500114036,116366,3/15/2022,14,63,PUBLIX #1500114036,FSV,OK,US,May Avenue,116366 DAS,SCL Finished Goods: Bev,Plastic Bottle - Other
500114096,115586,7/22/2021,12,5,PUBLIX #1500114096,Ecom,NJ,US,South Brunswick,115586SPRITE,SCL Finished Goods: Bev,Aluminum Can
500114000,115584,7/21/2021,12,4,CIRCLE K 500114000,Ecom,TX,US,Corpus Christi,115584DT COKE,SCL Finished Goods: Bev,Aluminum Can
500114242,116366,7/21/2021,16,68,PUBLIX #1500114242,Ecom,BC,US,Prince George,116366 DAS,SCL Finished Goods: Bev,Plastic Bottle - Other
500114454,116366,7/21/2021,16,68,PUBLIX #1500114454,Ecom,FL,US,Ft. Pierce,116366 DAS,SCL Finished Goods: Bev,Plastic Bottle - Other
500114488,116366,7/21/2021,16,68,PUBLIX #1500114488,Ecom,FL,US,Jacksonville,116366 DAS,SCL Finished Goods: Bev,Plastic Bottle - Other
500114096,116366,7/20/2021,16,68,PUBLIX #1500114096,Ecom,NJ,US,South Brunswick,116366 DAS,SCL Finished Goods: Bev,Plastic Bottle - Other
500114245,116366,3/11/2022,16,73,TARGET #2500114245,DSD,AZ,US,Glendale,116366 DAS,SCL Finished Goods: Bev,Plastic Bottle - Other
500114245,116366,3/1/2022,16,73,TARGET #2500114245,DSD,AZ,US,Glendale,116366 DAS,SCL Finished Goods: Bev,Plastic Bottle - Other
500114245,116366,3/15/2022,16,73,TARGET #2500114245,DSD,AZ,US,Glendale,116366 DAS,SCL Finished Goods: Bev,Plastic Bottle - Other
500114245,116366,3/25/2022,16,73,TARGET #2500114245,DSD,AZ,US,Glendale,116366 DAS,SCL Finished Goods: Bev,Plastic Bottle - Other
500114245,116366,3/22/2022,16,73,TARGET #2500114245,DSD,AZ,US,Glendale,116366 DAS,SCL Finished Goods: Bev,Plastic Bottle - Other
500114245,116366,3/29/2022,16,73,TARGET #2500114245,DSD,AZ,US,Glendale,116366 DAS,SCL Finished Goods: Bev,Plastic Bottle - Other
500114361,116366,7/19/2021,16,68,PUBLIX #1500114361,Ecom,NJ,US,South Brunswick,116366 DAS,SCL Finished Goods: Bev,Plastic Bottle - Other
500114454,116366,7/19/2021,16,68,PUBLIX #1500114454,Ecom,FL,US,Ft. Pierce,116366 DAS,SCL Finished Goods: Bev,Plastic Bottle - Other
500114096,115584,7/17/2021,12,5,PUBLIX #1500114096,Ecom,NJ,US,South Brunswick,115584DT COKE,SCL Finished Goods: Bev,Aluminum Can
500114296,116366,3/1/2022,16,71,DOLLAR GE500114296,DSD,AZ,US,Glendale,116366 DAS,SCL Finished Goods: Bev,Plastic Bottle - Other
500114338,115583,3/12/2022,12,6,PUBLIX #1500114338,DSD,BC,US,Prince George,115583COKE,SCL Finished Goods: Bev,Aluminum Can
500114338,115583,3/5/2022,12,6,PUBLIX #1500114338,DSD,BC,US,Prince George,115583COKE,SCL Finished Goods: Bev,Aluminum Can
500114338,115584,3/5/2022,12,6,PUBLIX #1500114338,DSD,BC,US,Prince George,115584DT COKE,SCL Finished Goods: Bev,Aluminum Can
500114338,115584,3/12/2022,12,6,PUBLIX #1500114338,DSD,BC,US,Prince George,115584DT COKE,SCL Finished Goods: Bev,Aluminum Can
500114338,115585,3/5/2022,12,6,PUBLIX #1500114338,DSD,BC,US,Prince George,115585CF DT COKE,SCL Finished Goods: Bev,Aluminum Can
500114338,116366,3/3/2022,14,63,PUBLIX #1500114338,DSD,BC,US,Prince George,116366 DAS,SCL Finished Goods: Bev,Plastic Bottle - Other
500114096,115586,7/17/2021,12,5,PUBLIX #1500114096,Ecom,NJ,US,South Brunswick,115586SPRITE,SCL Finished Goods: Bev,Aluminum Can
500114096,116366,7/17/2021,16,68,PUBLIX #1500114096,Ecom,NJ,US,South Brunswick,116366 DAS,SCL Finished Goods: Bev,Plastic Bottle - Other
500114353,116366,7/15/2021,16,67,SUPER TAR500114353,Ecom,OK,US,May Avenue,116366 DAS,SCL Finished Goods: Bev,Plastic Bottle - Other
500114454,116366,7/14/2021,16,68,PUBLIX #1500114454,Ecom,FL,US,Ft. Pierce,116366 DAS,SCL Finished Goods: Bev,Plastic Bottle - Other
500114488,116366,7/14/2021,16,68,PUBLIX #1500114488,Ecom,FL,US,Jacksonville,116366 DAS,SCL Finished Goods: Bev,Plastic Bottle - Other
500114353,116366,7/13/2021,16,67,SUPER TAR500114353,Ecom,OK,US,May Avenue,116366 DAS,SCL Finished Goods: Bev,Plastic Bottle - Other
500114361,116366,7/12/2021,16,68,PUBLIX #1500114361,Ecom,NJ,US,South Brunswick,116366 DAS,SCL Finished Goods: Bev,Plastic Bottle - Other
500114454,116366,7/12/2021,16,68,PUBLIX #1500114454,Ecom,FL,US,Ft. Pierce,116366 DAS,SCL Finished Goods: Bev,Plastic Bottle - Other
500114488,116366,7/12/2021,16,68,PUBLIX #1500114488,Ecom,FL,US,Jacksonville,116366 DAS,SCL Finished Goods: Bev,Plastic Bottle - Other
500114353,116366,7/10/2021,16,67,SUPER TAR500114353,Ecom,OK,US,May Avenue,116366 DAS,SCL Finished Goods: Bev,Plastic Bottle - Other
500114096,116366,7/8/2021,16,68,PUBLIX #1500114096,Ecom,NJ,US,South Brunswick,116366 DAS,SCL Finished Goods: Bev,Plastic Bottle - Other
500114454,116366,7/7/2021,16,68,PUBLIX #1500114454,Ecom,FL,US,Ft. Pierce,116366 DAS,SCL Finished Goods: Bev,Plastic Bottle - Other
500114488,116366,7/7/2021,15,63,PUBLIX #1500114488,Ecom,FL,US,Jacksonville,116366 DAS,SCL Finished Goods: Bev,Plastic Bottle - Other
500114454,116366,7/5/2021,16,68,PUBLIX #1500114454,Ecom,FL,US,Ft. Pierce,116366 DAS,SCL Finished Goods: Bev,Plastic Bottle - Other
500114369,116366,3/22/2022,14,63,PUBLIX #1500114369,DSD,TX,US,Northpoint Combo,116366 DAS,SCL Finished Goods: Bev,Plastic Bottle - Other
500114369,116366,3/24/2022,14,63,PUBLIX #1500114369,DSD,TX,US,Northpoint Combo,116366 DAS,SCL Finished Goods: Bev,Plastic Bottle - Other
500114369,116366,3/15/2022,14,63,PUBLIX #1500114369,DSD,TX,US,Northpoint Combo,116366 DAS,SCL Finished Goods: Bev,Plastic Bottle - Other
500114369,116366,3/17/2022,14,63,PUBLIX #1500114369,DSD,TX,US,Northpoint Combo,116366 DAS,SCL Finished Goods: Bev,Plastic Bottle - Other
500114369,116366,3/12/2022,14,63,PUBLIX #1500114369,DSD,TX,US,Northpoint Combo,116366 DAS,SCL Finished Goods: Bev,Plastic Bottle - Other
500114394,116366,3/22/2022,14,63,PUBLIX #1500114394,FSV,TX,US,Austin,116366 DAS,SCL Finished Goods: Bev,Plastic Bottle - Other
500114394,116366,3/24/2022,14,63,PUBLIX #1500114394,FSV,TX,US,Austin,116366 DAS,SCL Finished Goods: Bev,Plastic Bottle - Other
500114394,116366,3/19/2022,14,63,PUBLIX #1500114394,FSV,TX,US,Austin,116366 DAS,SCL Finished Goods: Bev,Plastic Bottle - Other
500114394,116366,3/8/2022,14,63,PUBLIX #1500114394,FSV,TX,US,Austin,116366 DAS,SCL Finished Goods: Bev,Plastic Bottle - Other
500114394,116366,3/3/2022,14,63,PUBLIX #1500114394,FSV,TX,US,Austin,116366 DAS,SCL Finished Goods: Bev,Plastic Bottle - Other
500114394,116366,3/10/2022,14,63,PUBLIX #1500114394,FSV,TX,US,Austin,116366 DAS,SCL Finished Goods: Bev,Plastic Bottle - Other
500114412,116366,3/21/2022,14,63,PUBLIX #1500114412,FSV,OK,US,May Avenue,116366 DAS,SCL Finished Goods: Bev,Plastic Bottle - Other
500114413,115584,3/28/2022,12,6,PUBLIX #1500114413,DSD,FL,US,Ft. Myers,115584DT COKE,SCL Finished Goods: Bev,Aluminum Can
500114413,116366,3/21/2022,14,63,PUBLIX #1500114413,DSD,FL,US,Ft. Myers,116366 DAS,SCL Finished Goods: Bev,Plastic Bottle - Other
500114426,116366,3/19/2022,14,63,PUBLIX #1500114426,FSV,TX,US,El Paso,116366 DAS,SCL Finished Goods: Bev,Plastic Bottle - Other
500114431,116366,3/26/2022,14,63,PUBLIX #1500114431,DSD,NJ,US,South Brunswick,116366 DAS,SCL Finished Goods: Bev,Plastic Bottle - Other
500114431,116366,3/24/2022,14,63,PUBLIX #1500114431,DSD,NJ,US,South Brunswick,116366 DAS,SCL Finished Goods: Bev,Plastic Bottle - Other
500114431,116366,3/14/2022,14,63,PUBLIX #1500114431,DSD,NJ,US,South Brunswick,116366 DAS,SCL Finished Goods: Bev,Plastic Bottle - Other
500114361,116366,7/3/2021,16,68,PUBLIX #1500114361,Ecom,NJ,US,South Brunswick,116366 DAS,SCL Finished Goods: Bev,Plastic Bottle - Other
500114096,116366,7/1/2021,16,68,PUBLIX #1500114096,Ecom,NJ,US,South Brunswick,116366 DAS,SCL Finished Goods: Bev,Plastic Bottle - Other
500114347,116366,7/1/2021,16,68,PUBLIX #1500114347,Ecom,BC,US,Calgary,116366 DAS,SCL Finished Goods: Bev,Plastic Bottle - Other
500114484,116366,3/4/2022,14,63,PUBLIX #1500114484,DSD,AZ,US,Glendale,116366 DAS,SCL Finished Goods: Bev,Plastic Bottle - Other
500114484,116366,3/25/2022,14,63,PUBLIX #1500114484,DSD,AZ,US,Glendale,116366 DAS,SCL Finished Goods: Bev,Plastic Bottle - Other
500114454,115583,6/30/2021,60,26,PUBLIX #1500114454,Ecom,FL,US,Ft. Pierce,115583COKE,SCL Finished Goods: Bev,Aluminum Can
500114488,116366,6/30/2021,16,68,PUBLIX #1500114488,Ecom,FL,US,Jacksonville,116366 DAS,SCL Finished Goods: Bev,Plastic Bottle - Other
500115163,116366,6/30/2021,16,68,PUBLIX #1500115163,Ecom,OK,US,May Avenue,116366 DAS,SCL Finished Goods: Bev,Plastic Bottle - Other
500115183,116366,6/29/2021,16,68,PUBLIX #1500115183,Ecom,AZ,US,Glendale,116366 DAS,SCL Finished Goods: Bev,Plastic Bottle - Other
500114454,116366,6/28/2021,16,68,PUBLIX #1500114454,Ecom,FL,US,Ft. Pierce,116366 DAS,SCL Finished Goods: Bev,Plastic Bottle - Other
500114488,116366,6/28/2021,16,68,PUBLIX #1500114488,Ecom,FL,US,Jacksonville,116366 DAS,SCL Finished Goods: Bev,Plastic Bottle - Other
500114567,116366,3/30/2022,14,62,DOLLAR GE500114567,FSV,TX,US,Northpoint Combo,116366 DAS,SCL Finished Goods: Bev,Plastic Bottle - Other
500114570,116366,3/22/2022,15,66,DOLLAR GE500114570,FSV,TX,US,Corpus Christi,116366 DAS,SCL Finished Goods: Bev,Plastic Bottle - Other
500114571,116366,3/16/2022,14,62,DOLLAR GE500114571,DSD,FL,US,Spring Hill,116366 DAS,SCL Finished Goods: Bev,Plastic Bottle - Other
500114572,116366,3/16/2022,14,62,DOLLAR GE500114572,DSD,TX,US,Austin,116366 DAS,SCL Finished Goods: Bev,Plastic Bottle - Other
500114361,116366,6/26/2021,16,68,PUBLIX #1500114361,Ecom,NJ,US,South Brunswick,116366 DAS,SCL Finished Goods: Bev,Plastic Bottle - Other
500114574,116366,3/22/2022,14,62,DOLLAR GE500114574,FSV,TX,US,Austin,116366 DAS,SCL Finished Goods: Bev,Plastic Bottle - Other
500114576,116366,3/18/2022,12,53,DOLLAR GE500114576,FSV,AZ,US,Glendale,116366 DAS,SCL Finished Goods: Bev,Plastic Bottle - Other
500115024,116366,6/26/2021,16,68,PUBLIX #0500115024,Ecom,NJ,US,South Brunswick,116366 DAS,SCL Finished Goods: Bev,Plastic Bottle - Other
500114581,116366,3/31/2022,12,53,DOLLAR GE500114581,FSV,FL,US,Spring Hill,116366 DAS,SCL Finished Goods: Bev,Plastic Bottle - Other
500114581,116366,3/7/2022,16,71,DOLLAR GE500114581,FSV,FL,US,Spring Hill,116366 DAS,SCL Finished Goods: Bev,Plastic Bottle - Other
500113696,116366,6/1/2021,16,68,PUBLIX #1500113696,DSD,BC,US,Calgary,116366 DAS,SCL Finished Goods: Bev,Plastic Bottle - Other
500113696,116366,5/27/2021,16,68,PUBLIX #1500113696,DSD,BC,US,Calgary,116366 DAS,SCL Finished Goods: Bev,Plastic Bottle - Other
500113696,116366,5/6/2021,16,68,PUBLIX #1500113696,DSD,BC,US,Calgary,116366 DAS,SCL Finished Goods: Bev,Plastic Bottle - Other
500113696,116366,3/30/2021,16,68,PUBLIX #1500113696,DSD,BC,US,Calgary,116366 DAS,SCL Finished Goods: Bev,Plastic Bottle - Other
500113737,116366,5/5/2022,14,63,PUBLIX #1500113737,FSV,OK,US,May Avenue,116366 DAS,SCL Finished Goods: Bev,Plastic Bottle - Other
500113737,116366,5/10/2022,14,63,PUBLIX #1500113737,FSV,OK,US,May Avenue,116366 DAS,SCL Finished Goods: Bev,Plastic Bottle - Other
500113737,116366,5/28/2022,14,63,PUBLIX #1500113737,FSV,OK,US,May Avenue,116366 DAS,SCL Finished Goods: Bev,Plastic Bottle - Other
500113737,116366,5/3/2022,14,63,PUBLIX #1500113737,FSV,OK,US,May Avenue,116366 DAS,SCL Finished Goods: Bev,Plastic Bottle - Other
500113737,116366,5/17/2022,14,63,PUBLIX #1500113737,FSV,OK,US,May Avenue,116366 DAS,SCL Finished Goods: Bev,Plastic Bottle - Other
500113737,116366,5/19/2022,14,63,PUBLIX #1500113737,FSV,OK,US,May Avenue,116366 DAS,SCL Finished Goods: Bev,Plastic Bottle - Other
500113737,116366,5/31/2022,14,63,PUBLIX #1500113737,FSV,OK,US,May Avenue,116366 DAS,SCL Finished Goods: Bev,Plastic Bottle - Other
500113888,115583,5/24/2022,12,6,PUBLIX #1500113888,DSD,TX,US,Northpoint Combo,115583COKE,SCL Finished Goods: Bev,Aluminum Can
500113888,115584,5/17/2022,36,19,PUBLIX #1500113888,DSD,TX,US,Northpoint Combo,115584DT COKE,SCL Finished Goods: Bev,Aluminum Can
500113888,116366,5/26/2022,14,63,PUBLIX #1500113888,DSD,TX,US,Northpoint Combo,116366 DAS,SCL Finished Goods: Bev,Plastic Bottle - Other
500113888,116366,5/17/2022,14,63,PUBLIX #1500113888,DSD,TX,US,Northpoint Combo,116366 DAS,SCL Finished Goods: Bev,Plastic Bottle - Other
500113888,116366,5/7/2022,14,63,PUBLIX #1500113888,DSD,TX,US,Northpoint Combo,116366 DAS,SCL Finished Goods: Bev,Plastic Bottle - Other
500113888,116366,5/3/2022,14,63,PUBLIX #1500113888,DSD,TX,US,Northpoint Combo,116366 DAS,SCL Finished Goods: Bev,Plastic Bottle - Other
500113888,116366,5/19/2022,14,63,PUBLIX #1500113888,DSD,TX,US,Northpoint Combo,116366 DAS,SCL Finished Goods: Bev,Plastic Bottle - Other
500113888,116366,5/24/2022,14,63,PUBLIX #1500113888,DSD,TX,US,Northpoint Combo,116366 DAS,SCL Finished Goods: Bev,Plastic Bottle - Other
500113888,116366,5/21/2022,14,63,PUBLIX #1500113888,DSD,TX,US,Northpoint Combo,116366 DAS,SCL Finished Goods: Bev,Plastic Bottle - Other
500113888,116366,5/5/2022,14,63,PUBLIX #1500113888,DSD,TX,US,Northpoint Combo,116366 DAS,SCL Finished Goods: Bev,Plastic Bottle - Other
500113888,116366,5/12/2022,14,63,PUBLIX #1500113888,DSD,TX,US,Northpoint Combo,116366 DAS,SCL Finished Goods: Bev,Plastic Bottle - Other
500113888,157231,5/3/2022,12,6,PUBLIX #1500113888,DSD,TX,US,Northpoint Combo,157231COKE CHRY VAN ZRO SGR,SCL Finished Goods: Bev,Aluminum Can
500113896,116366,5/21/2022,14,63,PUBLIX #1500113896,FSV,OK,US,May Avenue,116366 DAS,SCL Finished Goods: Bev,Plastic Bottle - Other
500113896,116366,5/28/2022,14,63,PUBLIX #1500113896,FSV,OK,US,May Avenue,116366 DAS,SCL Finished Goods: Bev,Plastic Bottle - Other
500113896,116366,5/5/2022,14,63,PUBLIX #1500113896,FSV,OK,US,May Avenue,116366 DAS,SCL Finished Goods: Bev,Plastic Bottle - Other
500113896,116366,5/10/2022,14,63,PUBLIX #1500113896,FSV,OK,US,May Avenue,116366 DAS,SCL Finished Goods: Bev,Plastic Bottle - Other
500113896,116366,5/26/2022,14,63,PUBLIX #1500113896,FSV,OK,US,May Avenue,116366 DAS,SCL Finished Goods: Bev,Plastic Bottle - Other
500113896,116366,5/14/2022,14,63,PUBLIX #1500113896,FSV,OK,US,May Avenue,116366 DAS,SCL Finished Goods: Bev,Plastic Bottle - Other
500113934,115584,5/2/2022,12,5,CIRCLE K 500113934,DSD,TX,US,Corpus Christi,115584DT COKE,SCL Finished Goods: Bev,Aluminum Can
500113990,154898,5/9/2022,21,24,CIRCLE K 500113990,FSV,NJ,US,South Brunswick,154898MM JTG OJ100,SCL Finished Goods: Bev,Plastic Bottle - Other
500113992,115583,5/3/2022,12,5,CIRCLE K 500113992,FSV,FL,US,Tampa,115583COKE,SCL Finished Goods: Bev,Aluminum Can
500114036,116366,5/17/2022,14,63,PUBLIX #1500114036,FSV,OK,US,May Avenue,116366 DAS,SCL Finished Goods: Bev,Plastic Bottle - Other
500114036,116366,5/24/2022,14,63,PUBLIX #1500114036,FSV,OK,US,May Avenue,116366 DAS,SCL Finished Goods: Bev,Plastic Bottle - Other
500114036,116366,5/3/2022,14,63,PUBLIX #1500114036,FSV,OK,US,May Avenue,116366 DAS,SCL Finished Goods: Bev,Plastic Bottle - Other
500114055,115583,5/13/2022,12,6,WALMART #500114055,DSD,NJ,US,South Brunswick,115583COKE,SCL Finished Goods: Bev,Aluminum Can
500114488,116366,6/25/2021,16,68,PUBLIX #1500114488,Ecom,FL,US,Jacksonville,116366 DAS,SCL Finished Goods: Bev,Plastic Bottle - Other
500114096,116366,6/24/2021,16,68,PUBLIX #1500114096,Ecom,NJ,US,South Brunswick,116366 DAS,SCL Finished Goods: Bev,Plastic Bottle - Other
500114347,116366,6/24/2021,16,68,PUBLIX #1500114347,Ecom,BC,US,Calgary,116366 DAS,SCL Finished Goods: Bev,Plastic Bottle - Other
500114454,116366,6/23/2021,16,68,PUBLIX #1500114454,Ecom,FL,US,Ft. Pierce,116366 DAS,SCL Finished Goods: Bev,Plastic Bottle - Other
500114612,116366,6/23/2021,16,68,DOLLAR GE500114612,Ecom,FL,US,Sarasota,116366 DAS,SCL Finished Goods: Bev,Plastic Bottle - Other
500115183,116366,6/22/2021,16,68,PUBLIX #1500115183,Ecom,AZ,US,Glendale,116366 DAS,SCL Finished Goods: Bev,Plastic Bottle - Other
500115163,116366,6/21/2021,16,68,PUBLIX #1500115163,Ecom,OK,US,May Avenue,116366 DAS,SCL Finished Goods: Bev,Plastic Bottle - Other
500114096,116366,6/19/2021,16,68,PUBLIX #1500114096,Ecom,NJ,US,South Brunswick,116366 DAS,SCL Finished Goods: Bev,Plastic Bottle - Other
500115024,116366,6/19/2021,16,68,PUBLIX #0500115024,Ecom,NJ,US,South Brunswick,116366 DAS,SCL Finished Goods: Bev,Plastic Bottle - Other
500115183,116366,6/18/2021,16,68,PUBLIX #1500115183,Ecom,AZ,US,Glendale,116366 DAS,SCL Finished Goods: Bev,Plastic Bottle - Other
500114096,116366,6/17/2021,16,68,PUBLIX #1500114096,Ecom,NJ,US,South Brunswick,116366 DAS,SCL Finished Goods: Bev,Plastic Bottle - Other
500114361,116366,6/17/2021,16,68,PUBLIX #1500114361,Ecom,NJ,US,South Brunswick,116366 DAS,SCL Finished Goods: Bev,Plastic Bottle - Other
500115158,116366,6/17/2021,16,68,PUBLIX #1500115158,Ecom,AZ,US,Glendale,116366 DAS,SCL Finished Goods: Bev,Plastic Bottle - Other
500115163,116366,6/17/2021,16,68,PUBLIX #1500115163,Ecom,OK,US,May Avenue,116366 DAS,SCL Finished Goods: Bev,Plastic Bottle - Other
500114454,116366,6/16/2021,16,68,PUBLIX #1500114454,Ecom,FL,US,Ft. Pierce,116366 DAS,SCL Finished Goods: Bev,Plastic Bottle - Other
500114245,116366,5/10/2022,16,73,TARGET #2500114245,DSD,AZ,US,Glendale,116366 DAS,SCL Finished Goods: Bev,Plastic Bottle - Other
500114245,116366,5/20/2022,16,73,TARGET #2500114245,DSD,AZ,US,Glendale,116366 DAS,SCL Finished Goods: Bev,Plastic Bottle - Other
500114245,116366,5/6/2022,16,73,TARGET #2500114245,DSD,AZ,US,Glendale,116366 DAS,SCL Finished Goods: Bev,Plastic Bottle - Other
500114245,116366,5/24/2022,16,73,TARGET #2500114245,DSD,AZ,US,Glendale,116366 DAS,SCL Finished Goods: Bev,Plastic Bottle - Other
500115163,116366,6/14/2021,16,68,PUBLIX #1500115163,Ecom,OK,US,May Avenue,116366 DAS,SCL Finished Goods: Bev,Plastic Bottle - Other
500114242,116366,6/12/2021,16,68,PUBLIX #1500114242,Ecom,BC,US,Prince George,116366 DAS,SCL Finished Goods: Bev,Plastic Bottle - Other
500115183,116366,6/11/2021,16,68,PUBLIX #1500115183,Ecom,AZ,US,Glendale,116366 DAS,SCL Finished Goods: Bev,Plastic Bottle - Other
500114096,116366,6/10/2021,16,68,PUBLIX #1500114096,Ecom,NJ,US,South Brunswick,116366 DAS,SCL Finished Goods: Bev,Plastic Bottle - Other
500115163,116366,6/10/2021,16,68,PUBLIX #1500115163,Ecom,OK,US,May Avenue,116366 DAS,SCL Finished Goods: Bev,Plastic Bottle - Other
500114296,116366,5/11/2022,16,71,DOLLAR GE500114296,DSD,AZ,US,Glendale,116366 DAS,SCL Finished Goods: Bev,Plastic Bottle - Other
500114296,116366,5/17/2022,16,71,DOLLAR GE500114296,DSD,AZ,US,Glendale,116366 DAS,SCL Finished Goods: Bev,Plastic Bottle - Other
500114338,116366,5/12/2022,14,63,PUBLIX #1500114338,DSD,BC,US,Prince George,116366 DAS,SCL Finished Goods: Bev,Plastic Bottle - Other
500114338,116366,5/14/2022,14,63,PUBLIX #1500114338,DSD,BC,US,Prince George,116366 DAS,SCL Finished Goods: Bev,Plastic Bottle - Other
500114338,116366,5/10/2022,14,63,PUBLIX #1500114338,DSD,BC,US,Prince George,116366 DAS,SCL Finished Goods: Bev,Plastic Bottle - Other
500114338,116366,5/24/2022,14,63,PUBLIX #1500114338,DSD,BC,US,Prince George,116366 DAS,SCL Finished Goods: Bev,Plastic Bottle - Other
500114338,116366,5/31/2022,14,63,PUBLIX #1500114338,DSD,BC,US,Prince George,116366 DAS,SCL Finished Goods: Bev,Plastic Bottle - Other
500114338,116366,5/26/2022,14,63,PUBLIX #1500114338,DSD,BC,US,Prince George,116366 DAS,SCL Finished Goods: Bev,Plastic Bottle - Other
500114338,116366,5/5/2022,14,63,PUBLIX #1500114338,DSD,BC,US,Prince George,116366 DAS,SCL Finished Goods: Bev,Plastic Bottle - Other
500114338,116366,5/17/2022,14,63,PUBLIX #1500114338,DSD,BC,US,Prince George,116366 DAS,SCL Finished Goods: Bev,Plastic Bottle - Other
500114096,116366,6/5/2021,16,68,PUBLIX #1500114096,Ecom,NJ,US,South Brunswick,116366 DAS,SCL Finished Goods: Bev,Plastic Bottle - Other
500114242,116366,6/5/2021,16,68,PUBLIX #1500114242,Ecom,BC,US,Prince George,116366 DAS,SCL Finished Goods: Bev,Plastic Bottle - Other
500115024,116366,6/5/2021,16,68,PUBLIX #0500115024,Ecom,NJ,US,South Brunswick,116366 DAS,SCL Finished Goods: Bev,Plastic Bottle - Other
500114591,116366,6/4/2021,18,76,DOLLAR GE500114591,Ecom,TX,US,Corpus Christi,116366 DAS,SCL Finished Goods: Bev,Plastic Bottle - Other
500115183,116366,6/4/2021,16,68,PUBLIX #1500115183,Ecom,AZ,US,Glendale,116366 DAS,SCL Finished Goods: Bev,Plastic Bottle - Other
500114096,116366,6/3/2021,16,68,PUBLIX #1500114096,Ecom,NJ,US,South Brunswick,116366 DAS,SCL Finished Goods: Bev,Plastic Bottle - Other
500114361,116366,6/3/2021,16,68,PUBLIX #1500114361,Ecom,NJ,US,South Brunswick,116366 DAS,SCL Finished Goods: Bev,Plastic Bottle - Other
500115163,116366,6/3/2021,16,68,PUBLIX #1500115163,Ecom,OK,US,May Avenue,116366 DAS,SCL Finished Goods: Bev,Plastic Bottle - Other
500114242,116366,6/2/2021,16,68,PUBLIX #1500114242,Ecom,BC,US,Prince George,116366 DAS,SCL Finished Goods: Bev,Plastic Bottle - Other
500114096,116366,6/1/2021,16,68,PUBLIX #1500114096,Ecom,NJ,US,South Brunswick,116366 DAS,SCL Finished Goods: Bev,Plastic Bottle - Other
500115203,410606,6/1/2021,36,46,PUBLIX #1500115203,Ecom,BC,US,Calgary,410606B MON NRG ULT SNRS ZS,SCL Finished Goods: Bev,Aluminum Can
500114096,116366,5/29/2021,16,68,PUBLIX #1500114096,Ecom,NJ,US,South Brunswick,116366 DAS,SCL Finished Goods: Bev,Plastic Bottle - Other
500114361,116366,5/29/2021,16,68,PUBLIX #1500114361,Ecom,NJ,US,South Brunswick,116366 DAS,SCL Finished Goods: Bev,Plastic Bottle - Other
500114347,116366,5/29/2021,16,68,PUBLIX #1500114347,Ecom,BC,US,Calgary,116366 DAS,SCL Finished Goods: Bev,Plastic Bottle - Other
500114559,116366,5/25/2021,16,67,TARGET #2500114559,Ecom,NJ,US,South Brunswick,116366 DAS,SCL Finished Goods: Bev,Plastic Bottle - Other
500114364,116366,5/24/2022,14,64,SUPER TAR500114364,DSD,TX,US,El Paso,116366 DAS,SCL Finished Goods: Bev,Plastic Bottle - Other
500114364,116366,5/17/2022,14,64,SUPER TAR500114364,DSD,TX,US,El Paso,116366 DAS,SCL Finished Goods: Bev,Plastic Bottle - Other
500114369,116366,5/5/2022,14,63,PUBLIX #1500114369,DSD,TX,US,Northpoint Combo,116366 DAS,SCL Finished Goods: Bev,Plastic Bottle - Other
500114369,116366,5/3/2022,14,63,PUBLIX #1500114369,DSD,TX,US,Northpoint Combo,116366 DAS,SCL Finished Goods: Bev,Plastic Bottle - Other
500114369,116366,5/21/2022,14,63,PUBLIX #1500114369,DSD,TX,US,Northpoint Combo,116366 DAS,SCL Finished Goods: Bev,Plastic Bottle - Other
500114369,116366,5/7/2022,14,63,PUBLIX #1500114369,DSD,TX,US,Northpoint Combo,116366 DAS,SCL Finished Goods: Bev,Plastic Bottle - Other
500114369,116366,5/12/2022,14,63,PUBLIX #1500114369,DSD,TX,US,Northpoint Combo,116366 DAS,SCL Finished Goods: Bev,Plastic Bottle - Other
500114369,116366,5/14/2022,14,63,PUBLIX #1500114369,DSD,TX,US,Northpoint Combo,116366 DAS,SCL Finished Goods: Bev,Plastic Bottle - Other
500114369,116366,5/10/2022,14,63,PUBLIX #1500114369,DSD,TX,US,Northpoint Combo,116366 DAS,SCL Finished Goods: Bev,Plastic Bottle - Other
500114369,116366,5/19/2022,14,63,PUBLIX #1500114369,DSD,TX,US,Northpoint Combo,116366 DAS,SCL Finished Goods: Bev,Plastic Bottle - Other
500114372,116366,5/31/2022,14,64,SUPER TAR500114372,FSV,FL,US,Spring Hill,116366 DAS,SCL Finished Goods: Bev,Plastic Bottle - Other
500114394,116366,5/7/2022,14,63,PUBLIX #1500114394,FSV,TX,US,Austin,116366 DAS,SCL Finished Goods: Bev,Plastic Bottle - Other
500114394,116366,5/12/2022,14,63,PUBLIX #1500114394,FSV,TX,US,Austin,116366 DAS,SCL Finished Goods: Bev,Plastic Bottle - Other
500114394,116366,5/5/2022,14,63,PUBLIX #1500114394,FSV,TX,US,Austin,116366 DAS,SCL Finished Goods: Bev,Plastic Bottle - Other
500114394,116366,5/14/2022,14,63,PUBLIX #1500114394,FSV,TX,US,Austin,116366 DAS,SCL Finished Goods: Bev,Plastic Bottle - Other
500114394,116366,5/10/2022,14,63,PUBLIX #1500114394,FSV,TX,US,Austin,116366 DAS,SCL Finished Goods: Bev,Plastic Bottle - Other
500114096,115584,5/22/2021,12,5,PUBLIX #1500114096,Ecom,NJ,US,South Brunswick,115584DT COKE,SCL Finished Goods: Bev,Aluminum Can
500114347,115585,5/18/2021,12,5,PUBLIX #1500114347,Ecom,BC,US,Calgary,115585CF DT COKE,SCL Finished Goods: Bev,Aluminum Can
500114096,116366,5/15/2021,16,68,PUBLIX #1500114096,Ecom,NJ,US,South Brunswick,116366 DAS,SCL Finished Goods: Bev,Plastic Bottle - Other
500114361,116366,5/15/2021,16,68,PUBLIX #1500114361,Ecom,NJ,US,South Brunswick,116366 DAS,SCL Finished Goods: Bev,Plastic Bottle - Other
500114454,116366,5/14/2021,16,68,PUBLIX #1500114454,Ecom,FL,US,Ft. Pierce,116366 DAS,SCL Finished Goods: Bev,Plastic Bottle - Other
500114412,115584,5/26/2022,12,6,PUBLIX #1500114412,FSV,OK,US,May Avenue,115584DT COKE,SCL Finished Goods: Bev,Aluminum Can
500114412,115586,5/26/2022,12,6,PUBLIX #1500114412,FSV,OK,US,May Avenue,115586SPRITE,SCL Finished Goods: Bev,Aluminum Can
500114413,116366,5/16/2022,14,63,PUBLIX #1500114413,DSD,FL,US,Ft. Myers,116366 DAS,SCL Finished Goods: Bev,Plastic Bottle - Other
500114413,116366,5/9/2022,14,63,PUBLIX #1500114413,DSD,FL,US,Ft. Myers,116366 DAS,SCL Finished Goods: Bev,Plastic Bottle - Other
500114426,116366,5/9/2022,14,63,PUBLIX #1500114426,FSV,TX,US,El Paso,116366 DAS,SCL Finished Goods: Bev,Plastic Bottle - Other
500114426,116366,5/16/2022,14,63,PUBLIX #1500114426,FSV,TX,US,El Paso,116366 DAS,SCL Finished Goods: Bev,Plastic Bottle - Other
500114426,116366,5/2/2022,14,63,PUBLIX #1500114426,FSV,TX,US,El Paso,116366 DAS,SCL Finished Goods: Bev,Plastic Bottle - Other
500114431,116366,5/16/2022,14,63,PUBLIX #1500114431,DSD,NJ,US,South Brunswick,116366 DAS,SCL Finished Goods: Bev,Plastic Bottle - Other
500114431,116366,5/9/2022,14,63,PUBLIX #1500114431,DSD,NJ,US,South Brunswick,116366 DAS,SCL Finished Goods: Bev,Plastic Bottle - Other
500114431,116366,5/23/2022,14,63,PUBLIX #1500114431,DSD,NJ,US,South Brunswick,116366 DAS,SCL Finished Goods: Bev,Plastic Bottle - Other
500114431,116366,5/7/2022,14,63,PUBLIX #1500114431,DSD,NJ,US,South Brunswick,116366 DAS,SCL Finished Goods: Bev,Plastic Bottle - Other
500114431,116366,5/30/2022,14,63,PUBLIX #1500114431,DSD,NJ,US,South Brunswick,116366 DAS,SCL Finished Goods: Bev,Plastic Bottle - Other
500114431,116366,5/26/2022,14,63,PUBLIX #1500114431,DSD,NJ,US,South Brunswick,116366 DAS,SCL Finished Goods: Bev,Plastic Bottle - Other
500114431,116366,5/12/2022,14,63,PUBLIX #1500114431,DSD,NJ,US,South Brunswick,116366 DAS,SCL Finished Goods: Bev,Plastic Bottle - Other
500114431,116366,5/14/2022,14,63,PUBLIX #1500114431,DSD,NJ,US,South Brunswick,116366 DAS,SCL Finished Goods: Bev,Plastic Bottle - Other
500114431,116366,5/19/2022,14,63,PUBLIX #1500114431,DSD,NJ,US,South Brunswick,116366 DAS,SCL Finished Goods: Bev,Plastic Bottle - Other
500114096,115584,5/13/2021,12,5,PUBLIX #1500114096,Ecom,NJ,US,South Brunswick,115584DT COKE,SCL Finished Goods: Bev,Aluminum Can
500114096,116366,5/13/2021,16,68,PUBLIX #1500114096,Ecom,NJ,US,South Brunswick,116366 DAS,SCL Finished Goods: Bev,Plastic Bottle - Other
500114488,116366,5/12/2021,16,68,PUBLIX #1500114488,Ecom,FL,US,Jacksonville,116366 DAS,SCL Finished Goods: Bev,Plastic Bottle - Other
500114488,116366,5/10/2021,16,68,PUBLIX #1500114488,Ecom,FL,US,Jacksonville,116366 DAS,SCL Finished Goods: Bev,Plastic Bottle - Other
500114361,116366,5/8/2021,16,68,PUBLIX #1500114361,Ecom,NJ,US,South Brunswick,116366 DAS,SCL Finished Goods: Bev,Plastic Bottle - Other
500114484,115586,5/20/2022,12,6,PUBLIX #1500114484,DSD,AZ,US,Glendale,115586SPRITE,SCL Finished Goods: Bev,Aluminum Can
500114484,116366,5/31/2022,14,63,PUBLIX #1500114484,DSD,AZ,US,Glendale,116366 DAS,SCL Finished Goods: Bev,Plastic Bottle - Other
500114484,116366,5/13/2022,14,63,PUBLIX #1500114484,DSD,AZ,US,Glendale,116366 DAS,SCL Finished Goods: Bev,Plastic Bottle - Other
500114484,116366,5/3/2022,14,63,PUBLIX #1500114484,DSD,AZ,US,Glendale,116366 DAS,SCL Finished Goods: Bev,Plastic Bottle - Other
500114484,116366,5/24/2022,14,63,PUBLIX #1500114484,DSD,AZ,US,Glendale,116366 DAS,SCL Finished Goods: Bev,Plastic Bottle - Other
500114290,116366,5/5/2021,16,68,DOLLAR GE500114290,Ecom,FL,US,Spring Hill,116366 DAS,SCL Finished Goods: Bev,Plastic Bottle - Other
500114488,103172,5/5/2021,12,8,PUBLIX #1500114488,Ecom,FL,US,Jacksonville,103172COKE,SCL Finished Goods: Bev,Glass Bottle  - Contour
500114488,116366,5/5/2021,16,68,PUBLIX #1500114488,Ecom,FL,US,Jacksonville,116366 DAS,SCL Finished Goods: Bev,Plastic Bottle - Other
500114290,116366,5/3/2021,16,68,DOLLAR GE500114290,Ecom,FL,US,Spring Hill,116366 DAS,SCL Finished Goods: Bev,Plastic Bottle - Other
500114488,116366,5/3/2021,16,68,PUBLIX #1500114488,Ecom,FL,US,Jacksonville,116366 DAS,SCL Finished Goods: Bev,Plastic Bottle - Other
500114242,116366,5/1/2021,16,68,PUBLIX #1500114242,Ecom,BC,US,Prince George,116366 DAS,SCL Finished Goods: Bev,Plastic Bottle - Other
500114361,116366,5/1/2021,16,68,PUBLIX #1500114361,Ecom,NJ,US,South Brunswick,116366 DAS,SCL Finished Goods: Bev,Plastic Bottle - Other
500114454,116366,4/30/2021,16,68,PUBLIX #1500114454,Ecom,FL,US,Ft. Pierce,116366 DAS,SCL Finished Goods: Bev,Plastic Bottle - Other
500114591,116366,4/30/2021,12,51,DOLLAR GE500114591,Ecom,TX,US,Corpus Christi,116366 DAS,SCL Finished Goods: Bev,Plastic Bottle - Other
500115158,116366,4/29/2021,16,68,PUBLIX #1500115158,Ecom,AZ,US,Glendale,116366 DAS,SCL Finished Goods: Bev,Plastic Bottle - Other
500114347,116366,4/29/2021,16,68,PUBLIX #1500114347,Ecom,BC,US,Calgary,116366 DAS,SCL Finished Goods: Bev,Plastic Bottle - Other
500114570,116366,5/24/2022,12,53,DOLLAR GE500114570,FSV,TX,US,Corpus Christi,116366 DAS,SCL Finished Goods: Bev,Plastic Bottle - Other
500113696,116366,3/27/2021,16,68,PUBLIX #1500113696,DSD,BC,US,Calgary,116366 DAS,SCL Finished Goods: Bev,Plastic Bottle - Other
500113696,116366,3/23/2021,16,68,PUBLIX #1500113696,DSD,BC,US,Calgary,116366 DAS,SCL Finished Goods: Bev,Plastic Bottle - Other
500113719,115583,11/26/2022,12,6,WALMART #500113719,FSV,TX,US,Austin,115583COKE,SCL Finished Goods: Bev,Aluminum Can
500113719,115584,11/12/2022,12,6,WALMART #500113719,FSV,TX,US,Austin,115584DT COKE,SCL Finished Goods: Bev,Aluminum Can
500113719,115586,11/10/2022,12,6,WALMART #500113719,FSV,TX,US,Austin,115586SPRITE,SCL Finished Goods: Bev,Aluminum Can
500113737,116366,11/29/2022,14,68,PUBLIX #1500113737,FSV,OK,US,May Avenue,116366 DAS,SCL Finished Goods: Bev,Plastic Bottle - Other
500113737,116366,11/22/2022,14,68,PUBLIX #1500113737,FSV,OK,US,May Avenue,116366 DAS,SCL Finished Goods: Bev,Plastic Bottle - Other
500113737,116366,11/15/2022,14,68,PUBLIX #1500113737,FSV,OK,US,May Avenue,116366 DAS,SCL Finished Goods: Bev,Plastic Bottle - Other
500113737,116366,11/26/2022,14,68,PUBLIX #1500113737,FSV,OK,US,May Avenue,116366 DAS,SCL Finished Goods: Bev,Plastic Bottle - Other
500113737,116366,11/19/2022,14,68,PUBLIX #1500113737,FSV,OK,US,May Avenue,116366 DAS,SCL Finished Goods: Bev,Plastic Bottle - Other
500114454,116366,4/28/2021,16,68,PUBLIX #1500114454,Ecom,FL,US,Ft. Pierce,116366 DAS,SCL Finished Goods: Bev,Plastic Bottle - Other
500113888,116366,11/26/2022,14,68,PUBLIX #1500113888,DSD,TX,US,Northpoint Combo,116366 DAS,SCL Finished Goods: Bev,Plastic Bottle - Other
500113888,116366,11/1/2022,14,68,PUBLIX #1500113888,DSD,TX,US,Northpoint Combo,116366 DAS,SCL Finished Goods: Bev,Plastic Bottle - Other
500113888,116366,11/10/2022,14,68,PUBLIX #1500113888,DSD,TX,US,Northpoint Combo,116366 DAS,SCL Finished Goods: Bev,Plastic Bottle - Other
500113896,116366,11/3/2022,14,68,PUBLIX #1500113896,FSV,OK,US,May Avenue,116366 DAS,SCL Finished Goods: Bev,Plastic Bottle - Other
500113896,116366,11/5/2022,14,68,PUBLIX #1500113896,FSV,OK,US,May Avenue,116366 DAS,SCL Finished Goods: Bev,Plastic Bottle - Other
500113984,115583,11/21/2022,12,6,CIRCLE K 500113984,FSV,FL,US,Tampa,115583COKE,SCL Finished Goods: Bev,Aluminum Can
500114036,116366,11/4/2022,14,68,PUBLIX #1500114036,FSV,OK,US,May Avenue,116366 DAS,SCL Finished Goods: Bev,Plastic Bottle - Other
500115024,116366,4/24/2021,16,68,PUBLIX #0500115024,Ecom,NJ,US,South Brunswick,116366 DAS,SCL Finished Goods: Bev,Plastic Bottle - Other
500114591,116366,4/22/2021,12,51,DOLLAR GE500114591,Ecom,TX,US,Corpus Christi,116366 DAS,SCL Finished Goods: Bev,Plastic Bottle - Other
500114290,116366,4/21/2021,16,68,DOLLAR GE500114290,Ecom,FL,US,Spring Hill,116366 DAS,SCL Finished Goods: Bev,Plastic Bottle - Other
500114612,116366,4/21/2021,12,51,DOLLAR GE500114612,Ecom,FL,US,Sarasota,116366 DAS,SCL Finished Goods: Bev,Plastic Bottle - Other
500114245,116366,11/18/2022,16,75,TARGET #2500114245,DSD,AZ,US,Glendale,116366 DAS,SCL Finished Goods: Bev,Plastic Bottle - Other
500114245,116366,11/15/2022,16,75,TARGET #2500114245,DSD,AZ,US,Glendale,116366 DAS,SCL Finished Goods: Bev,Plastic Bottle - Other
500114242,116366,4/19/2021,16,68,PUBLIX #1500114242,Ecom,BC,US,Prince George,116366 DAS,SCL Finished Goods: Bev,Plastic Bottle - Other
500114290,116366,4/19/2021,16,68,DOLLAR GE500114290,Ecom,FL,US,Spring Hill,116366 DAS,SCL Finished Goods: Bev,Plastic Bottle - Other
500114361,116366,4/17/2021,16,68,PUBLIX #1500114361,Ecom,NJ,US,South Brunswick,116366 DAS,SCL Finished Goods: Bev,Plastic Bottle - Other
500115183,116366,4/16/2021,16,68,PUBLIX #1500115183,Ecom,AZ,US,Glendale,116366 DAS,SCL Finished Goods: Bev,Plastic Bottle - Other
500114338,116366,11/5/2022,14,68,PUBLIX #1500114338,DSD,BC,US,Prince George,116366 DAS,SCL Finished Goods: Bev,Plastic Bottle - Other
500114338,116366,11/8/2022,14,68,PUBLIX #1500114338,DSD,BC,US,Prince George,116366 DAS,SCL Finished Goods: Bev,Plastic Bottle - Other
500114338,116366,11/26/2022,14,68,PUBLIX #1500114338,DSD,BC,US,Prince George,116366 DAS,SCL Finished Goods: Bev,Plastic Bottle - Other
500114338,116366,11/1/2022,14,68,PUBLIX #1500114338,DSD,BC,US,Prince George,116366 DAS,SCL Finished Goods: Bev,Plastic Bottle - Other
500114338,116366,11/15/2022,14,68,PUBLIX #1500114338,DSD,BC,US,Prince George,116366 DAS,SCL Finished Goods: Bev,Plastic Bottle - Other
500114338,116366,11/22/2022,14,68,PUBLIX #1500114338,DSD,BC,US,Prince George,116366 DAS,SCL Finished Goods: Bev,Plastic Bottle - Other
500114338,116366,11/3/2022,14,68,PUBLIX #1500114338,DSD,BC,US,Prince George,116366 DAS,SCL Finished Goods: Bev,Plastic Bottle - Other
500114591,116366,4/15/2021,12,51,DOLLAR GE500114591,Ecom,TX,US,Corpus Christi,116366 DAS,SCL Finished Goods: Bev,Plastic Bottle - Other
500115158,116366,4/15/2021,16,68,PUBLIX #1500115158,Ecom,AZ,US,Glendale,116366 DAS,SCL Finished Goods: Bev,Plastic Bottle - Other
500115163,116366,4/15/2021,16,68,PUBLIX #1500115163,Ecom,OK,US,May Avenue,116366 DAS,SCL Finished Goods: Bev,Plastic Bottle - Other
500114612,116366,4/14/2021,12,51,DOLLAR GE500114612,Ecom,FL,US,Sarasota,116366 DAS,SCL Finished Goods: Bev,Plastic Bottle - Other
500114854,116366,4/12/2021,16,67,TARGET #2500114854,Ecom,BC,US,Prince George,116366 DAS,SCL Finished Goods: Bev,Plastic Bottle - Other
500115163,116366,4/10/2021,16,68,PUBLIX #1500115163,Ecom,OK,US,May Avenue,116366 DAS,SCL Finished Goods: Bev,Plastic Bottle - Other
500114612,116366,4/7/2021,14,59,DOLLAR GE500114612,Ecom,FL,US,Sarasota,116366 DAS,SCL Finished Goods: Bev,Plastic Bottle - Other
500115024,116366,4/7/2021,16,68,PUBLIX #0500115024,Ecom,NJ,US,South Brunswick,116366 DAS,SCL Finished Goods: Bev,Plastic Bottle - Other
500114353,116366,4/5/2021,16,67,SUPER TAR500114353,Ecom,OK,US,May Avenue,116366 DAS,SCL Finished Goods: Bev,Plastic Bottle - Other
500114242,116366,4/3/2021,16,68,PUBLIX #1500114242,Ecom,BC,US,Prince George,116366 DAS,SCL Finished Goods: Bev,Plastic Bottle - Other
500114353,116366,4/3/2021,16,67,SUPER TAR500114353,Ecom,OK,US,May Avenue,116366 DAS,SCL Finished Goods: Bev,Plastic Bottle - Other
500114361,116366,4/3/2021,16,68,PUBLIX #1500114361,Ecom,NJ,US,South Brunswick,116366 DAS,SCL Finished Goods: Bev,Plastic Bottle - Other
500114573,116366,4/2/2021,12,51,DOLLAR GE500114573,Ecom,TX,US,Austin,116366 DAS,SCL Finished Goods: Bev,Plastic Bottle - Other
500115183,116366,4/2/2021,16,68,PUBLIX #1500115183,Ecom,AZ,US,Glendale,116366 DAS,SCL Finished Goods: Bev,Plastic Bottle - Other
500114364,116366,11/15/2022,14,65,SUPER TAR500114364,DSD,TX,US,El Paso,116366 DAS,SCL Finished Goods: Bev,Plastic Bottle - Other
500114364,116366,11/29/2022,14,65,SUPER TAR500114364,DSD,TX,US,El Paso,116366 DAS,SCL Finished Goods: Bev,Plastic Bottle - Other
500114364,116366,11/18/2022,14,65,SUPER TAR500114364,DSD,TX,US,El Paso,116366 DAS,SCL Finished Goods: Bev,Plastic Bottle - Other
500114364,116366,11/25/2022,14,65,SUPER TAR500114364,DSD,TX,US,El Paso,116366 DAS,SCL Finished Goods: Bev,Plastic Bottle - Other
500114364,116366,11/22/2022,14,65,SUPER TAR500114364,DSD,TX,US,El Paso,116366 DAS,SCL Finished Goods: Bev,Plastic Bottle - Other
500114364,116366,11/1/2022,14,65,SUPER TAR500114364,DSD,TX,US,El Paso,116366 DAS,SCL Finished Goods: Bev,Plastic Bottle - Other
500114369,115583,11/3/2022,12,6,PUBLIX #1500114369,DSD,TX,US,Northpoint Combo,115583COKE,SCL Finished Goods: Bev,Aluminum Can
500114369,116366,11/15/2022,14,68,PUBLIX #1500114369,DSD,TX,US,Northpoint Combo,116366 DAS,SCL Finished Goods: Bev,Plastic Bottle - Other
500114369,116366,11/3/2022,14,68,PUBLIX #1500114369,DSD,TX,US,Northpoint Combo,116366 DAS,SCL Finished Goods: Bev,Plastic Bottle - Other
500114369,133766,11/3/2022,16,12,PUBLIX #1500114369,DSD,TX,US,Northpoint Combo,133766 SPRITE,SCL Finished Goods: Bev,Plastic Bottle - Dimple
500114369,134166,11/3/2022,24,19,PUBLIX #1500114369,DSD,TX,US,Northpoint Combo,134166 SPRITE ZRO SGR,SCL Finished Goods: Bev,Plastic Bottle - Dimple
500114372,116366,11/22/2022,14,65,SUPER TAR500114372,FSV,FL,US,Spring Hill,116366 DAS,SCL Finished Goods: Bev,Plastic Bottle - Other
500114372,116366,11/25/2022,14,65,SUPER TAR500114372,FSV,FL,US,Spring Hill,116366 DAS,SCL Finished Goods: Bev,Plastic Bottle - Other
500114372,116366,11/1/2022,14,65,SUPER TAR500114372,FSV,FL,US,Spring Hill,116366 DAS,SCL Finished Goods: Bev,Plastic Bottle - Other
500114372,116366,11/18/2022,14,65,SUPER TAR500114372,FSV,FL,US,Spring Hill,116366 DAS,SCL Finished Goods: Bev,Plastic Bottle - Other
500114394,115583,11/5/2022,12,6,PUBLIX #1500114394,FSV,TX,US,Austin,115583COKE,SCL Finished Goods: Bev,Aluminum Can
500114394,116309,11/5/2022,12,6,PUBLIX #1500114394,FSV,TX,US,Austin,116309PIBB XTRA,SCL Finished Goods: Bev,Aluminum Can
500114347,116366,4/1/2021,16,68,PUBLIX #1500114347,Ecom,BC,US,Calgary,116366 DAS,SCL Finished Goods: Bev,Plastic Bottle - Other
500114412,115583,11/21/2022,108,61,PUBLIX #1500114412,FSV,OK,US,May Avenue,115583COKE,SCL Finished Goods: Bev,Aluminum Can
500114412,115583,11/14/2022,12,6,PUBLIX #1500114412,FSV,OK,US,May Avenue,115583COKE,SCL Finished Goods: Bev,Aluminum Can
500114412,115584,11/21/2022,36,20,PUBLIX #1500114412,FSV,OK,US,May Avenue,115584DT COKE,SCL Finished Goods: Bev,Aluminum Can
500114412,115586,11/14/2022,12,6,PUBLIX #1500114412,FSV,OK,US,May Avenue,115586SPRITE,SCL Finished Goods: Bev,Aluminum Can
500114412,116366,11/23/2022,14,68,PUBLIX #1500114412,FSV,OK,US,May Avenue,116366 DAS,SCL Finished Goods: Bev,Plastic Bottle - Other
500114431,116366,11/5/2022,14,68,PUBLIX #1500114431,DSD,NJ,US,South Brunswick,116366 DAS,SCL Finished Goods: Bev,Plastic Bottle - Other
500114431,116366,11/10/2022,14,68,PUBLIX #1500114431,DSD,NJ,US,South Brunswick,116366 DAS,SCL Finished Goods: Bev,Plastic Bottle - Other
500114290,116366,3/31/2021,16,68,DOLLAR GE500114290,Ecom,FL,US,Spring Hill,116366 DAS,SCL Finished Goods: Bev,Plastic Bottle - Other
500114488,116366,3/31/2021,16,68,PUBLIX #1500114488,Ecom,FL,US,Jacksonville,116366 DAS,SCL Finished Goods: Bev,Plastic Bottle - Other
500114612,116366,3/30/2021,12,51,DOLLAR GE500114612,Ecom,FL,US,Sarasota,116366 DAS,SCL Finished Goods: Bev,Plastic Bottle - Other
500114290,116366,3/29/2021,16,68,DOLLAR GE500114290,Ecom,FL,US,Spring Hill,116366 DAS,SCL Finished Goods: Bev,Plastic Bottle - Other
500114559,116366,3/29/2021,16,67,TARGET #2500114559,Ecom,NJ,US,South Brunswick,116366 DAS,SCL Finished Goods: Bev,Plastic Bottle - Other
500114096,116366,3/27/2021,16,68,PUBLIX #1500114096,Ecom,NJ,US,South Brunswick,116366 DAS,SCL Finished Goods: Bev,Plastic Bottle - Other
500114242,116366,3/27/2021,16,68,PUBLIX #1500114242,Ecom,BC,US,Prince George,116366 DAS,SCL Finished Goods: Bev,Plastic Bottle - Other
500114290,116366,3/26/2021,16,68,DOLLAR GE500114290,Ecom,FL,US,Spring Hill,116366 DAS,SCL Finished Goods: Bev,Plastic Bottle - Other
500114096,116366,3/25/2021,16,68,PUBLIX #1500114096,Ecom,NJ,US,South Brunswick,116366 DAS,SCL Finished Goods: Bev,Plastic Bottle - Other
500114591,116366,3/25/2021,16,68,DOLLAR GE500114591,Ecom,TX,US,Corpus Christi,116366 DAS,SCL Finished Goods: Bev,Plastic Bottle - Other
500114572,116366,11/15/2022,12,56,DOLLAR GE500114572,DSD,TX,US,Austin,116366 DAS,SCL Finished Goods: Bev,Plastic Bottle - Other
500114581,116366,11/14/2022,14,65,DOLLAR GE500114581,FSV,FL,US,Spring Hill,116366 DAS,SCL Finished Goods: Bev,Plastic Bottle - Other
500114581,116366,11/14/2022,18,84,DOLLAR GE500114581,FSV,FL,US,Spring Hill,116366 DAS,SCL Finished Goods: Bev,Plastic Bottle - Other
500114584,116366,11/8/2022,12,56,DOLLAR GE500114584,DSD,AZ,US,Glendale,116366 DAS,SCL Finished Goods: Bev,Plastic Bottle - Other
500114587,116366,11/30/2022,16,74,DOLLAR GE500114587,FSV,BC,US,Prince George,116366 DAS,SCL Finished Goods: Bev,Plastic Bottle - Other
500113696,116366,3/18/2021,16,68,PUBLIX #1500113696,DSD,BC,US,Calgary,116366 DAS,SCL Finished Goods: Bev,Plastic Bottle - Other
500113696,116366,3/16/2021,16,68,PUBLIX #1500113696,DSD,BC,US,Calgary,116366 DAS,SCL Finished Goods: Bev,Plastic Bottle - Other
500113696,116366,3/9/2021,16,68,PUBLIX #1500113696,DSD,BC,US,Calgary,116366 DAS,SCL Finished Goods: Bev,Plastic Bottle - Other
500113696,116366,2/23/2021,16,68,PUBLIX #1500113696,DSD,BC,US,Calgary,116366 DAS,SCL Finished Goods: Bev,Plastic Bottle - Other
500114242,116366,3/24/2021,16,68,PUBLIX #1500114242,Ecom,BC,US,Prince George,116366 DAS,SCL Finished Goods: Bev,Plastic Bottle - Other
500114290,116366,3/24/2021,16,68,DOLLAR GE500114290,Ecom,FL,US,Spring Hill,116366 DAS,SCL Finished Goods: Bev,Plastic Bottle - Other
500113719,115583,10/10/2022,12,6,WALMART #500113719,FSV,TX,US,Austin,115583COKE,SCL Finished Goods: Bev,Aluminum Can
500113719,115586,10/21/2022,12,6,WALMART #500113719,FSV,TX,US,Austin,115586SPRITE,SCL Finished Goods: Bev,Aluminum Can
500113737,116366,10/25/2022,14,68,PUBLIX #1500113737,FSV,OK,US,May Avenue,116366 DAS,SCL Finished Goods: Bev,Plastic Bottle - Other
500113737,157231,10/18/2022,12,6,PUBLIX #1500113737,FSV,OK,US,May Avenue,157231COKE CHRY VAN ZRO SGR,SCL Finished Goods: Bev,Aluminum Can
500113888,115583,10/15/2022,12,6,PUBLIX #1500113888,DSD,TX,US,Northpoint Combo,115583COKE,SCL Finished Goods: Bev,Aluminum Can
500113888,115583,10/1/2022,12,6,PUBLIX #1500113888,DSD,TX,US,Northpoint Combo,115583COKE,SCL Finished Goods: Bev,Aluminum Can
500113888,115583,10/13/2022,12,6,PUBLIX #1500113888,DSD,TX,US,Northpoint Combo,115583COKE,SCL Finished Goods: Bev,Aluminum Can
500113888,115584,10/1/2022,12,6,PUBLIX #1500113888,DSD,TX,US,Northpoint Combo,115584DT COKE,SCL Finished Goods: Bev,Aluminum Can
500113888,116366,10/25/2022,14,68,PUBLIX #1500113888,DSD,TX,US,Northpoint Combo,116366 DAS,SCL Finished Goods: Bev,Plastic Bottle - Other
500113888,116366,10/29/2022,14,68,PUBLIX #1500113888,DSD,TX,US,Northpoint Combo,116366 DAS,SCL Finished Goods: Bev,Plastic Bottle - Other
500113888,116366,10/22/2022,14,68,PUBLIX #1500113888,DSD,TX,US,Northpoint Combo,116366 DAS,SCL Finished Goods: Bev,Plastic Bottle - Other
500114242,116366,3/20/2021,16,68,PUBLIX #1500114242,Ecom,BC,US,Prince George,116366 DAS,SCL Finished Goods: Bev,Plastic Bottle - Other
500114036,115583,10/28/2022,60,33,PUBLIX #1500114036,FSV,OK,US,May Avenue,115583COKE,SCL Finished Goods: Bev,Aluminum Can
500114036,115584,10/28/2022,36,20,PUBLIX #1500114036,FSV,OK,US,May Avenue,115584DT COKE,SCL Finished Goods: Bev,Aluminum Can
500114036,116366,10/28/2022,14,68,PUBLIX #1500114036,FSV,OK,US,May Avenue,116366 DAS,SCL Finished Goods: Bev,Plastic Bottle - Other
500114036,116366,10/21/2022,14,68,PUBLIX #1500114036,FSV,OK,US,May Avenue,116366 DAS,SCL Finished Goods: Bev,Plastic Bottle - Other
500114361,116366,3/20/2021,16,68,PUBLIX #1500114361,Ecom,NJ,US,South Brunswick,116366 DAS,SCL Finished Goods: Bev,Plastic Bottle - Other
500114591,116366,3/19/2021,16,68,DOLLAR GE500114591,Ecom,TX,US,Corpus Christi,116366 DAS,SCL Finished Goods: Bev,Plastic Bottle - Other
500114290,116366,3/17/2021,16,68,DOLLAR GE500114290,Ecom,FL,US,Spring Hill,116366 DAS,SCL Finished Goods: Bev,Plastic Bottle - Other
500114245,116366,10/1/2022,16,75,TARGET #2500114245,DSD,AZ,US,Glendale,116366 DAS,SCL Finished Goods: Bev,Plastic Bottle - Other
500114245,116366,10/7/2022,16,75,TARGET #2500114245,DSD,AZ,US,Glendale,116366 DAS,SCL Finished Goods: Bev,Plastic Bottle - Other
500114245,116366,10/14/2022,16,75,TARGET #2500114245,DSD,AZ,US,Glendale,116366 DAS,SCL Finished Goods: Bev,Plastic Bottle - Other
500114245,116366,10/18/2022,16,75,TARGET #2500114245,DSD,AZ,US,Glendale,116366 DAS,SCL Finished Goods: Bev,Plastic Bottle - Other
500114559,116366,3/17/2021,16,67,TARGET #2500114559,Ecom,NJ,US,South Brunswick,116366 DAS,SCL Finished Goods: Bev,Plastic Bottle - Other
500114454,116366,3/12/2021,16,68,PUBLIX #1500114454,Ecom,FL,US,Ft. Pierce,116366 DAS,SCL Finished Goods: Bev,Plastic Bottle - Other
500114591,116366,3/11/2021,12,51,DOLLAR GE500114591,Ecom,TX,US,Corpus Christi,116366 DAS,SCL Finished Goods: Bev,Plastic Bottle - Other
500114296,116366,10/10/2022,12,56,DOLLAR GE500114296,DSD,AZ,US,Glendale,116366 DAS,SCL Finished Goods: Bev,Plastic Bottle - Other
500114338,116366,10/13/2022,14,68,PUBLIX #1500114338,DSD,BC,US,Prince George,116366 DAS,SCL Finished Goods: Bev,Plastic Bottle - Other
500114338,116366,10/15/2022,14,68,PUBLIX #1500114338,DSD,BC,US,Prince George,116366 DAS,SCL Finished Goods: Bev,Plastic Bottle - Other
500114338,116366,10/8/2022,14,68,PUBLIX #1500114338,DSD,BC,US,Prince George,116366 DAS,SCL Finished Goods: Bev,Plastic Bottle - Other
500114612,116366,3/11/2021,12,51,DOLLAR GE500114612,Ecom,FL,US,Sarasota,116366 DAS,SCL Finished Goods: Bev,Plastic Bottle - Other
500114454,116366,3/8/2021,16,68,PUBLIX #1500114454,Ecom,FL,US,Ft. Pierce,116366 DAS,SCL Finished Goods: Bev,Plastic Bottle - Other
500114353,116366,3/6/2021,16,67,SUPER TAR500114353,Ecom,OK,US,May Avenue,116366 DAS,SCL Finished Goods: Bev,Plastic Bottle - Other
500114591,116366,3/4/2021,12,51,DOLLAR GE500114591,Ecom,TX,US,Corpus Christi,116366 DAS,SCL Finished Goods: Bev,Plastic Bottle - Other
500114290,116366,3/3/2021,16,68,DOLLAR GE500114290,Ecom,FL,US,Spring Hill,116366 DAS,SCL Finished Goods: Bev,Plastic Bottle - Other
500114290,116366,3/1/2021,16,68,DOLLAR GE500114290,Ecom,FL,US,Spring Hill,116366 DAS,SCL Finished Goods: Bev,Plastic Bottle - Other
500114096,116366,2/27/2021,16,68,PUBLIX #1500114096,Ecom,NJ,US,South Brunswick,116366 DAS,SCL Finished Goods: Bev,Plastic Bottle - Other
500114573,116366,2/26/2021,12,51,DOLLAR GE500114573,Ecom,TX,US,Austin,116366 DAS,SCL Finished Goods: Bev,Plastic Bottle - Other
500114095,100724,2/25/2021,11,94,WALMART #500114095,Ecom,BC,US,Prince George,100724T COKE,SCL Finished Goods: Bev,Aluminum Can
500114591,116366,2/25/2021,12,51,DOLLAR GE500114591,Ecom,TX,US,Corpus Christi,116366 DAS,SCL Finished Goods: Bev,Plastic Bottle - Other
500114364,116366,10/21/2022,14,65,SUPER TAR500114364,DSD,TX,US,El Paso,116366 DAS,SCL Finished Goods: Bev,Plastic Bottle - Other
500114364,116366,10/11/2022,14,65,SUPER TAR500114364,DSD,TX,US,El Paso,116366 DAS,SCL Finished Goods: Bev,Plastic Bottle - Other
500114364,116366,10/28/2022,14,65,SUPER TAR500114364,DSD,TX,US,El Paso,116366 DAS,SCL Finished Goods: Bev,Plastic Bottle - Other
500114372,116366,10/28/2022,14,65,SUPER TAR500114372,FSV,FL,US,Spring Hill,116366 DAS,SCL Finished Goods: Bev,Plastic Bottle - Other
500114372,116366,10/21/2022,14,65,SUPER TAR500114372,FSV,FL,US,Spring Hill,116366 DAS,SCL Finished Goods: Bev,Plastic Bottle - Other
500114394,116366,10/11/2022,14,68,PUBLIX #1500114394,FSV,TX,US,Austin,116366 DAS,SCL Finished Goods: Bev,Plastic Bottle - Other
500114394,116366,10/6/2022,14,68,PUBLIX #1500114394,FSV,TX,US,Austin,116366 DAS,SCL Finished Goods: Bev,Plastic Bottle - Other
500114290,116366,2/24/2021,16,68,DOLLAR GE500114290,Ecom,FL,US,Spring Hill,116366 DAS,SCL Finished Goods: Bev,Plastic Bottle - Other
500114488,116366,2/24/2021,16,68,PUBLIX #1500114488,Ecom,FL,US,Jacksonville,116366 DAS,SCL Finished Goods: Bev,Plastic Bottle - Other
500114612,116366,2/24/2021,12,51,DOLLAR GE500114612,Ecom,FL,US,Sarasota,116366 DAS,SCL Finished Goods: Bev,Plastic Bottle - Other
500114290,116366,2/22/2021,16,68,DOLLAR GE500114290,Ecom,FL,US,Spring Hill,116366 DAS,SCL Finished Goods: Bev,Plastic Bottle - Other
500114559,116366,2/19/2021,16,67,TARGET #2500114559,Ecom,NJ,US,South Brunswick,116366 DAS,SCL Finished Goods: Bev,Plastic Bottle - Other
500114412,115585,10/18/2022,12,6,PUBLIX #1500114412,FSV,OK,US,May Avenue,115585CF DT COKE,SCL Finished Goods: Bev,Aluminum Can
500114412,115586,10/18/2022,12,6,PUBLIX #1500114412,FSV,OK,US,May Avenue,115586SPRITE,SCL Finished Goods: Bev,Aluminum Can
500114412,116366,10/27/2022,14,68,PUBLIX #1500114412,FSV,OK,US,May Avenue,116366 DAS,SCL Finished Goods: Bev,Plastic Bottle - Other
500114412,116366,10/20/2022,14,68,PUBLIX #1500114412,FSV,OK,US,May Avenue,116366 DAS,SCL Finished Goods: Bev,Plastic Bottle - Other
500114426,115583,10/29/2022,12,6,PUBLIX #1500114426,FSV,TX,US,El Paso,115583COKE,SCL Finished Goods: Bev,Aluminum Can
500114426,115586,10/29/2022,24,13,PUBLIX #1500114426,FSV,TX,US,El Paso,115586SPRITE,SCL Finished Goods: Bev,Aluminum Can
500114426,116366,10/31/2022,14,68,PUBLIX #1500114426,FSV,TX,US,El Paso,116366 DAS,SCL Finished Goods: Bev,Plastic Bottle - Other
500114426,116366,10/22/2022,14,68,PUBLIX #1500114426,FSV,TX,US,El Paso,116366 DAS,SCL Finished Goods: Bev,Plastic Bottle - Other
500114426,116366,10/29/2022,14,68,PUBLIX #1500114426,FSV,TX,US,El Paso,116366 DAS,SCL Finished Goods: Bev,Plastic Bottle - Other
500114431,116366,10/22/2022,14,68,PUBLIX #1500114431,DSD,NJ,US,South Brunswick,116366 DAS,SCL Finished Goods: Bev,Plastic Bottle - Other
500114431,116366,10/29/2022,14,68,PUBLIX #1500114431,DSD,NJ,US,South Brunswick,116366 DAS,SCL Finished Goods: Bev,Plastic Bottle - Other
500114431,116366,10/24/2022,14,68,PUBLIX #1500114431,DSD,NJ,US,South Brunswick,116366 DAS,SCL Finished Goods: Bev,Plastic Bottle - Other
500114096,116366,2/18/2021,16,68,PUBLIX #1500114096,Ecom,NJ,US,South Brunswick,116366 DAS,SCL Finished Goods: Bev,Plastic Bottle - Other
500114591,116366,2/18/2021,12,51,DOLLAR GE500114591,Ecom,TX,US,Corpus Christi,116366 DAS,SCL Finished Goods: Bev,Plastic Bottle - Other
500114242,116366,2/17/2021,16,68,PUBLIX #1500114242,Ecom,BC,US,Prince George,116366 DAS,SCL Finished Goods: Bev,Plastic Bottle - Other
500114290,116366,2/17/2021,16,68,DOLLAR GE500114290,Ecom,FL,US,Spring Hill,116366 DAS,SCL Finished Goods: Bev,Plastic Bottle - Other
500114559,116366,2/17/2021,16,67,TARGET #2500114559,Ecom,NJ,US,South Brunswick,116366 DAS,SCL Finished Goods: Bev,Plastic Bottle - Other
500114290,116366,2/15/2021,16,68,DOLLAR GE500114290,Ecom,FL,US,Spring Hill,116366 DAS,SCL Finished Goods: Bev,Plastic Bottle - Other
500114361,116366,2/15/2021,16,68,PUBLIX #1500114361,Ecom,NJ,US,South Brunswick,116366 DAS,SCL Finished Goods: Bev,Plastic Bottle - Other
500114488,116366,2/15/2021,16,68,PUBLIX #1500114488,Ecom,FL,US,Jacksonville,116366 DAS,SCL Finished Goods: Bev,Plastic Bottle - Other
500114096,116366,2/13/2021,16,68,PUBLIX #1500114096,Ecom,NJ,US,South Brunswick,116366 DAS,SCL Finished Goods: Bev,Plastic Bottle - Other
500114361,116366,2/13/2021,16,68,PUBLIX #1500114361,Ecom,NJ,US,South Brunswick,116366 DAS,SCL Finished Goods: Bev,Plastic Bottle - Other
500113696,116366,2/16/2021,16,68,PUBLIX #1500113696,DSD,BC,US,Calgary,116366 DAS,SCL Finished Goods: Bev,Plastic Bottle - Other
500113696,116366,2/2/2021,16,68,PUBLIX #1500113696,DSD,BC,US,Calgary,116366 DAS,SCL Finished Goods: Bev,Plastic Bottle - Other
500113737,115586,9/10/2022,12,6,PUBLIX #1500113737,FSV,OK,US,May Avenue,115586SPRITE,SCL Finished Goods: Bev,Aluminum Can
500113737,116366,9/17/2022,14,68,PUBLIX #1500113737,FSV,OK,US,May Avenue,116366 DAS,SCL Finished Goods: Bev,Plastic Bottle - Other
500113737,116366,9/15/2022,14,68,PUBLIX #1500113737,FSV,OK,US,May Avenue,116366 DAS,SCL Finished Goods: Bev,Plastic Bottle - Other
500113737,116366,9/3/2022,14,68,PUBLIX #1500113737,FSV,OK,US,May Avenue,116366 DAS,SCL Finished Goods: Bev,Plastic Bottle - Other
500114410,116366,2/13/2021,16,68,PUBLIX #1500114410,Ecom,FL,US,Ft. Pierce,116366 DAS,SCL Finished Goods: Bev,Plastic Bottle - Other
500113888,115586,9/10/2022,12,6,PUBLIX #1500113888,DSD,TX,US,Northpoint Combo,115586SPRITE,SCL Finished Goods: Bev,Aluminum Can
500113888,116366,9/3/2022,14,68,PUBLIX #1500113888,DSD,TX,US,Northpoint Combo,116366 DAS,SCL Finished Goods: Bev,Plastic Bottle - Other
500113888,116366,9/1/2022,14,68,PUBLIX #1500113888,DSD,TX,US,Northpoint Combo,116366 DAS,SCL Finished Goods: Bev,Plastic Bottle - Other
500113896,116366,9/3/2022,14,68,PUBLIX #1500113896,FSV,OK,US,May Avenue,116366 DAS,SCL Finished Goods: Bev,Plastic Bottle - Other
500113896,116366,9/22/2022,14,68,PUBLIX #1500113896,FSV,OK,US,May Avenue,116366 DAS,SCL Finished Goods: Bev,Plastic Bottle - Other
500114055,151775,9/23/2022,12,7,WALMART #500114055,DSD,NJ,US,South Brunswick,1517756P HC DT COKE,SCL Finished Goods: Bev,Aluminum Can - Sleek
500114488,116366,2/12/2021,16,68,PUBLIX #1500114488,Ecom,FL,US,Jacksonville,116366 DAS,SCL Finished Goods: Bev,Plastic Bottle - Other
500114290,116366,2/10/2021,16,68,DOLLAR GE500114290,Ecom,FL,US,Spring Hill,116366 DAS,SCL Finished Goods: Bev,Plastic Bottle - Other
500114410,116366,2/9/2021,16,68,PUBLIX #1500114410,Ecom,FL,US,Ft. Pierce,116366 DAS,SCL Finished Goods: Bev,Plastic Bottle - Other
500114612,116366,2/9/2021,12,51,DOLLAR GE500114612,Ecom,FL,US,Sarasota,116366 DAS,SCL Finished Goods: Bev,Plastic Bottle - Other
500114602,116366,2/7/2021,12,51,DOLLAR GE500114602,Ecom,OK,US,May Avenue,116366 DAS,SCL Finished Goods: Bev,Plastic Bottle - Other
500114096,116366,2/6/2021,16,68,PUBLIX #1500114096,Ecom,NJ,US,South Brunswick,116366 DAS,SCL Finished Goods: Bev,Plastic Bottle - Other
500114242,116366,2/6/2021,16,68,PUBLIX #1500114242,Ecom,BC,US,Prince George,116366 DAS,SCL Finished Goods: Bev,Plastic Bottle - Other
500114245,116366,9/13/2022,16,75,TARGET #2500114245,DSD,AZ,US,Glendale,116366 DAS,SCL Finished Goods: Bev,Plastic Bottle - Other
500114245,116366,9/6/2022,16,75,TARGET #2500114245,DSD,AZ,US,Glendale,116366 DAS,SCL Finished Goods: Bev,Plastic Bottle - Other
500114245,116366,9/23/2022,16,75,TARGET #2500114245,DSD,AZ,US,Glendale,116366 DAS,SCL Finished Goods: Bev,Plastic Bottle - Other
500114361,116366,2/6/2021,16,68,PUBLIX #1500114361,Ecom,NJ,US,South Brunswick,116366 DAS,SCL Finished Goods: Bev,Plastic Bottle - Other
500114096,116366,2/4/2021,16,68,PUBLIX #1500114096,Ecom,NJ,US,South Brunswick,116366 DAS,SCL Finished Goods: Bev,Plastic Bottle - Other
500114454,116366,2/3/2021,16,68,PUBLIX #1500114454,Ecom,FL,US,Ft. Pierce,116366 DAS,SCL Finished Goods: Bev,Plastic Bottle - Other
500114488,116366,2/1/2021,16,68,PUBLIX #1500114488,Ecom,FL,US,Jacksonville,116366 DAS,SCL Finished Goods: Bev,Plastic Bottle - Other
500114338,116366,9/3/2022,14,68,PUBLIX #1500114338,DSD,BC,US,Prince George,116366 DAS,SCL Finished Goods: Bev,Plastic Bottle - Other
500114338,116366,9/1/2022,14,68,PUBLIX #1500114338,DSD,BC,US,Prince George,116366 DAS,SCL Finished Goods: Bev,Plastic Bottle - Other
500114338,116366,9/17/2022,14,68,PUBLIX #1500114338,DSD,BC,US,Prince George,116366 DAS,SCL Finished Goods: Bev,Plastic Bottle - Other
500114338,116366,9/22/2022,14,68,PUBLIX #1500114338,DSD,BC,US,Prince George,116366 DAS,SCL Finished Goods: Bev,Plastic Bottle - Other
500114338,116366,9/24/2022,14,68,PUBLIX #1500114338,DSD,BC,US,Prince George,116366 DAS,SCL Finished Goods: Bev,Plastic Bottle - Other
500114559,116366,2/1/2021,16,67,TARGET #2500114559,Ecom,NJ,US,South Brunswick,116366 DAS,SCL Finished Goods: Bev,Plastic Bottle - Other
500114096,116366,1/30/2021,16,68,PUBLIX #1500114096,Ecom,NJ,US,South Brunswick,116366 DAS,SCL Finished Goods: Bev,Plastic Bottle - Other
500114361,116366,1/30/2021,16,68,PUBLIX #1500114361,Ecom,NJ,US,South Brunswick,116366 DAS,SCL Finished Goods: Bev,Plastic Bottle - Other
500115024,116366,1/30/2021,16,68,PUBLIX #0500115024,Ecom,NJ,US,South Brunswick,116366 DAS,SCL Finished Goods: Bev,Plastic Bottle - Other
500114573,116366,1/29/2021,12,51,DOLLAR GE500114573,Ecom,TX,US,Austin,116366 DAS,SCL Finished Goods: Bev,Plastic Bottle - Other
500114353,116366,1/26/2021,16,67,SUPER TAR500114353,Ecom,OK,US,May Avenue,116366 DAS,SCL Finished Goods: Bev,Plastic Bottle - Other
500114355,116366,9/20/2022,14,65,SUPER TAR500114355,DSD,NJ,US,South Brunswick,116366 DAS,SCL Finished Goods: Bev,Plastic Bottle - Other
500114355,116366,9/23/2022,14,65,SUPER TAR500114355,DSD,NJ,US,South Brunswick,116366 DAS,SCL Finished Goods: Bev,Plastic Bottle - Other
500114364,116366,9/20/2022,14,65,SUPER TAR500114364,DSD,TX,US,El Paso,116366 DAS,SCL Finished Goods: Bev,Plastic Bottle - Other
500114394,115586,9/10/2022,12,6,PUBLIX #1500114394,FSV,TX,US,Austin,115586SPRITE,SCL Finished Goods: Bev,Aluminum Can
500114394,116366,9/10/2022,14,68,PUBLIX #1500114394,FSV,TX,US,Austin,116366 DAS,SCL Finished Goods: Bev,Plastic Bottle - Other
500114394,116366,9/3/2022,14,68,PUBLIX #1500114394,FSV,TX,US,Austin,116366 DAS,SCL Finished Goods: Bev,Plastic Bottle - Other
500114394,116366,9/8/2022,14,68,PUBLIX #1500114394,FSV,TX,US,Austin,116366 DAS,SCL Finished Goods: Bev,Plastic Bottle - Other
500114394,116366,9/22/2022,14,68,PUBLIX #1500114394,FSV,TX,US,Austin,116366 DAS,SCL Finished Goods: Bev,Plastic Bottle - Other
500114410,116366,1/26/2021,16,68,PUBLIX #1500114410,Ecom,FL,US,Ft. Pierce,116366 DAS,SCL Finished Goods: Bev,Plastic Bottle - Other
500114413,116366,9/19/2022,14,68,PUBLIX #1500114413,DSD,FL,US,Ft. Myers,116366 DAS,SCL Finished Goods: Bev,Plastic Bottle - Other
500114431,115583,9/26/2022,36,20,PUBLIX #1500114431,DSD,NJ,US,South Brunswick,115583COKE,SCL Finished Goods: Bev,Aluminum Can
500114431,116366,9/3/2022,14,68,PUBLIX #1500114431,DSD,NJ,US,South Brunswick,116366 DAS,SCL Finished Goods: Bev,Plastic Bottle - Other
500114431,116366,9/1/2022,14,68,PUBLIX #1500114431,DSD,NJ,US,South Brunswick,116366 DAS,SCL Finished Goods: Bev,Plastic Bottle - Other
500114431,116366,9/19/2022,14,68,PUBLIX #1500114431,DSD,NJ,US,South Brunswick,116366 DAS,SCL Finished Goods: Bev,Plastic Bottle - Other
500114353,116366,1/24/2021,16,67,SUPER TAR500114353,Ecom,OK,US,May Avenue,116366 DAS,SCL Finished Goods: Bev,Plastic Bottle - Other
500115024,116366,1/23/2021,16,68,PUBLIX #0500115024,Ecom,NJ,US,South Brunswick,116366 DAS,SCL Finished Goods: Bev,Plastic Bottle - Other
500114353,116366,1/21/2021,16,67,SUPER TAR500114353,Ecom,OK,US,May Avenue,116366 DAS,SCL Finished Goods: Bev,Plastic Bottle - Other
500114484,116366,9/13/2022,14,68,PUBLIX #1500114484,DSD,AZ,US,Glendale,116366 DAS,SCL Finished Goods: Bev,Plastic Bottle - Other
500114484,116366,9/2/2022,14,68,PUBLIX #1500114484,DSD,AZ,US,Glendale,116366 DAS,SCL Finished Goods: Bev,Plastic Bottle - Other
500114484,116366,9/23/2022,14,68,PUBLIX #1500114484,DSD,AZ,US,Glendale,116366 DAS,SCL Finished Goods: Bev,Plastic Bottle - Other
500114361,116366,1/21/2021,16,68,PUBLIX #1500114361,Ecom,NJ,US,South Brunswick,116366 DAS,SCL Finished Goods: Bev,Plastic Bottle - Other
500114612,116366,1/19/2021,12,51,DOLLAR GE500114612,Ecom,FL,US,Sarasota,116366 DAS,SCL Finished Goods: Bev,Plastic Bottle - Other
500114096,116366,1/16/2021,16,68,PUBLIX #1500114096,Ecom,NJ,US,South Brunswick,116366 DAS,SCL Finished Goods: Bev,Plastic Bottle - Other
500114242,116366,1/16/2021,16,68,PUBLIX #1500114242,Ecom,BC,US,Prince George,116366 DAS,SCL Finished Goods: Bev,Plastic Bottle - Other
500114290,116366,1/15/2021,16,68,DOLLAR GE500114290,Ecom,FL,US,Spring Hill,116366 DAS,SCL Finished Goods: Bev,Plastic Bottle - Other
500114571,116366,9/27/2022,16,74,DOLLAR GE500114571,DSD,FL,US,Spring Hill,116366 DAS,SCL Finished Goods: Bev,Plastic Bottle - Other
500113962,132529,1/12/2021,18,27,CIRCLE K 500113962,Ecom,NJ,US,South Brunswick,132529 COKE CHRY,SCL Finished Goods: Bev,Plastic Bottle - Contour
500114576,116366,9/6/2022,12,56,DOLLAR GE500114576,FSV,AZ,US,Glendale,116366 DAS,SCL Finished Goods: Bev,Plastic Bottle - Other
500114612,116366,1/12/2021,12,51,DOLLAR GE500114612,Ecom,FL,US,Sarasota,116366 DAS,SCL Finished Goods: Bev,Plastic Bottle - Other
500114587,116366,9/13/2022,16,74,DOLLAR GE500114587,FSV,BC,US,Prince George,116366 DAS,SCL Finished Goods: Bev,Plastic Bottle - Other
500114589,116366,9/15/2022,12,56,DOLLAR GE500114589,FSV,OK,US,May Avenue,116366 DAS,SCL Finished Goods: Bev,Plastic Bottle - Other
500114597,116366,9/30/2022,16,74,DOLLAR GE500114597,DSD,NJ,US,South Brunswick,116366 DAS,SCL Finished Goods: Bev,Plastic Bottle - Other
500114600,116366,9/21/2022,12,56,DOLLAR GE500114600,FSV,FL,US,Winter Haven,116366 DAS,SCL Finished Goods: Bev,Plastic Bottle - Other
500114559,116366,1/9/2021,16,67,TARGET #2500114559,Ecom,NJ,US,South Brunswick,116366 DAS,SCL Finished Goods: Bev,Plastic Bottle - Other
